,H_datetime,H_gameinfo,H_Teamnames,H_Goals,H_Ball Possession,H_Goal Attempts,H_Shots on Goal,H_Shots off Goal,H_Blocked Shots,H_Free Kicks,H_Corner Kicks,H_Offsides,H_Goalkeeper Saves,H_Fouls,H_Yellow Cards,H_Red Cards,H_Total Passes,H_Completed Passes,H_Tackles,H_Attacks,H_Dangerous Attacks,H_Throw-in,A_datetime,A_gameinfo,A_Teamnames,A_Goals,A_Ball Possession,A_Goal Attempts,A_Shots on Goal,A_Shots off Goal,A_Blocked Shots,A_Free Kicks,A_Corner Kicks,A_Offsides,A_Goalkeeper Saves,A_Fouls,A_Yellow Cards,A_Red Cards,A_Total Passes,A_Completed Passes,A_Tackles,A_Attacks,A_Dangerous Attacks,A_Throw-in,H_cat
0,13.08.2021 11:30,FootballFootballGERMANY: Bundesliga - Round 1,B. Monchengladbach,0,43,7,4,3,,1,2,1,5,4,2,,159,,,56,25,6,13.08.2021 11:30,FootballFootballGERMANY: Bundesliga - Round 1,Bayern Munich,0,57,12,5,7,,4,5,0,4,1,0,,306,,,70,37,13,cat0
1,13.08.2021 11:30,FootballFootballGERMANY: Bundesliga - Round 1,B. Monchengladbach,1,41,4,1,3,,7,1,2,4,3,,,164,,,52,18,14,13.08.2021 11:30,FootballFootballGERMANY: Bundesliga - Round 1,Bayern Munich,1,59,8,5,3,,5,3,4,0,3,,,315,,,80,25,16,cat1
2,14.08.2021 06:30,FootballFootballGERMANY: Bundesliga - Round 1,Wolfsburg,0,48,9,5,4,,5,1,0,1,4,0,,244,,,55,24,11,14.08.2021 06:30,FootballFootballGERMANY: Bundesliga - Round 1,Bochum,0,52,5,1,4,,4,1,2,5,5,1,,193,,,56,24,11,cat2
3,14.08.2021 06:30,FootballFootballGERMANY: Bundesliga - Round 1,Wolfsburg,1,64,12,4,8,,1,4,2,0,5,0,0,300,,,85,36,6,14.08.2021 06:30,FootballFootballGERMANY: Bundesliga - Round 1,Bochum,0,36,2,0,2,,7,1,0,3,2,1,1,136,,,18,19,17,cat3
4,14.08.2021 06:30,FootballFootballGERMANY: Bundesliga - Round 1,Union Berlin,0,40,6,3,3,,2,1,1,1,7,,,163,,,54,25,10,14.08.2021 06:30,FootballFootballGERMANY: Bundesliga - Round 1,Bayer Leverkusen,0,60,6,1,5,,10,2,0,3,2,,,276,,,65,17,15,cat4
5,14.08.2021 06:30,FootballFootballGERMANY: Bundesliga - Round 1,Union Berlin,1,32,2,2,0,,6,0,1,2,6,0,,136,,,26,14,15,14.08.2021 06:30,FootballFootballGERMANY: Bundesliga - Round 1,Bayer Leverkusen,1,68,10,3,7,,7,4,2,1,3,1,,357,,,82,20,7,cat5
6,14.08.2021 06:30,FootballFootballGERMANY: Bundesliga - Round 1,Stuttgart,3,68,22,11,11,,3,6,2,2,2,0,,360,,,66,43,9,14.08.2021 06:30,FootballFootballGERMANY: Bundesliga - Round 1,Greuther Furth,1,32,4,3,1,,4,0,0,8,4,1,,128,,,25,9,6,cat6
7,14.08.2021 06:30,FootballFootballGERMANY: Bundesliga - Round 1,Stuttgart,2,56,8,4,4,,4,3,1,1,9,,,287,,,58,21,11,14.08.2021 06:30,FootballFootballGERMANY: Bundesliga - Round 1,Greuther Furth,0,44,4,1,3,,10,2,0,2,4,,,189,,,36,10,8,cat7
8,14.08.2021 06:30,FootballFootballGERMANY: Bundesliga - Round 1,Augsburg,0,51,4,0,4,,6,2,1,3,4,1,,184,,,51,30,8,14.08.2021 06:30,FootballFootballGERMANY: Bundesliga - Round 1,Hoffenheim,3,49,10,6,4,,6,3,3,0,3,1,,161,,,54,21,15,cat8
9,14.08.2021 06:30,FootballFootballGERMANY: Bundesliga - Round 1,Augsburg,0,41,3,0,3,,6,4,1,1,4,0,,146,,,33,16,12,14.08.2021 06:30,FootballFootballGERMANY: Bundesliga - Round 1,Hoffenheim,1,59,5,2,3,,5,2,0,0,6,1,,230,,,46,28,9,cat9
10,14.08.2021 06:30,FootballFootballGERMANY: Bundesliga - Round 1,Arminia Bielefeld,0,47,7,3,4,,6,3,1,3,6,1,,129,,,57,27,12,14.08.2021 06:30,FootballFootballGERMANY: Bundesliga - Round 1,Freiburg,0,53,9,3,6,,7,5,1,3,5,2,,171,,,38,26,9,cat10
11,14.08.2021 06:30,FootballFootballGERMANY: Bundesliga - Round 1,Arminia Bielefeld,0,49,3,1,2,,6,1,0,3,7,2,,185,,,44,22,15,14.08.2021 06:30,FootballFootballGERMANY: Bundesliga - Round 1,Freiburg,0,51,5,3,2,,7,4,1,1,5,2,,224,,,55,34,8,cat11
12,14.08.2021 09:30,FootballFootballGERMANY: Bundesliga - Round 1,Dortmund,2,53,6,3,3,,7,2,2,2,2,,,258,,,54,18,11,14.08.2021 09:30,FootballFootballGERMANY: Bundesliga - Round 1,Eintracht Frankfurt,1,47,11,3,8,,4,2,0,1,7,,,214,,,63,17,11,cat12
13,14.08.2021 09:30,FootballFootballGERMANY: Bundesliga - Round 1,Dortmund,3,67,6,4,2,,8,5,2,0,3,,,340,,,56,27,11,14.08.2021 09:30,FootballFootballGERMANY: Bundesliga - Round 1,Eintracht Frankfurt,1,33,1,0,1,,5,1,1,1,7,,,159,,,37,14,9,cat13
14,15.08.2021 06:30,FootballFootballGERMANY: Bundesliga - Round 1,Mainz,0,35,2,1,1,,4,2,2,1,7,1,,95,,,39,10,13,15.08.2021 06:30,FootballFootballGERMANY: Bundesliga - Round 1,RB Leipzig,0,65,8,1,7,,8,6,2,1,3,1,,275,,,77,32,11,cat14
15,15.08.2021 06:30,FootballFootballGERMANY: Bundesliga - Round 1,Mainz,1,37,4,1,3,,5,3,0,1,3,0,,121,,,39,20,12,15.08.2021 06:30,FootballFootballGERMANY: Bundesliga - Round 1,RB Leipzig,0,63,6,1,5,,3,5,0,0,5,1,,322,,,74,35,10,cat15
16,15.08.2021 08:30,FootballFootballGERMANY: Bundesliga - Round 1,FC Koln,2,57,7,3,4,,8,1,0,1,11,3,,224,,,63,27,14,15.08.2021 08:30,FootballFootballGERMANY: Bundesliga - Round 1,Hertha Berlin,0,43,4,1,3,,11,2,1,1,7,2,,143,,,45,12,10,cat16
17,15.08.2021 08:30,FootballFootballGERMANY: Bundesliga - Round 1,FC Koln,1,59,8,2,6,,9,3,2,3,7,1,,212,,,65,30,13,15.08.2021 08:30,FootballFootballGERMANY: Bundesliga - Round 1,Hertha Berlin,1,41,7,4,3,,9,3,2,1,7,0,,158,,,27,16,11,cat17
18,20.08.2021 11:30,FootballFootballGERMANY: Bundesliga - Round 2,RB Leipzig,3,51,10,4,6,,5,2,0,3,3,0,,191,,,60,17,7,20.08.2021 11:30,FootballFootballGERMANY: Bundesliga - Round 2,Stuttgart,0,49,7,3,4,,3,0,0,1,7,3,,212,,,45,14,7,cat18
19,20.08.2021 11:30,FootballFootballGERMANY: Bundesliga - Round 2,RB Leipzig,1,57,16,7,9,,5,4,1,2,7,,,261,,,74,43,8,20.08.2021 11:30,FootballFootballGERMANY: Bundesliga - Round 2,Stuttgart,0,43,4,2,2,,8,2,1,6,4,,,195,,,41,12,10,cat19
20,21.08.2021 06:30,FootballFootballGERMANY: Bundesliga - Round 2,Hertha Berlin,1,41,9,3,6,,11,3,0,0,2,0,,155,,,38,24,17,21.08.2021 06:30,FootballFootballGERMANY: Bundesliga - Round 2,Wolfsburg,2,59,6,2,4,,4,1,0,2,11,1,,221,,,62,27,7,cat20
21,21.08.2021 06:30,FootballFootballGERMANY: Bundesliga - Round 2,Hertha Berlin,0,41,3,1,2,,10,1,0,1,10,1,,149,,,31,8,5,21.08.2021 06:30,FootballFootballGERMANY: Bundesliga - Round 2,Wolfsburg,0,59,6,1,5,,8,3,1,1,10,1,,245,,,55,27,10,cat21
22,21.08.2021 06:30,FootballFootballGERMANY: Bundesliga - Round 2,Greuther Furth,1,68,15,3,12,,6,4,3,1,4,2,0,251,,,66,35,7,21.08.2021 06:30,FootballFootballGERMANY: Bundesliga - Round 2,Arminia Bielefeld,0,32,7,1,6,,7,0,0,2,7,2,1,97,,,41,20,10,cat22
23,21.08.2021 06:30,FootballFootballGERMANY: Bundesliga - Round 2,Greuther Furth,0,60,5,2,3,,10,1,3,0,8,2,,272,,,54,14,16,21.08.2021 06:30,FootballFootballGERMANY: Bundesliga - Round 2,Arminia Bielefeld,1,40,2,1,1,,10,0,1,2,8,0,,159,,,56,6,6,cat23
24,21.08.2021 06:30,FootballFootballGERMANY: Bundesliga - Round 2,Freiburg,1,31,4,3,1,,7,0,0,0,8,1,,78,,,28,16,6,21.08.2021 06:30,FootballFootballGERMANY: Bundesliga - Round 2,Dortmund,1,69,8,1,7,,9,8,0,2,5,2,,323,,,69,40,12,cat24
25,21.08.2021 06:30,FootballFootballGERMANY: Bundesliga - Round 2,Freiburg,1,31,4,2,2,,8,0,0,2,6,0,,110,,,47,7,4,21.08.2021 06:30,FootballFootballGERMANY: Bundesliga - Round 2,Dortmund,0,69,11,2,9,,5,2,1,1,9,2,,360,,,63,27,12,cat25
26,21.08.2021 06:30,FootballFootballGERMANY: Bundesliga - Round 2,Eintracht Frankfurt,0,56,12,3,9,,5,3,0,0,5,2,,252,,,72,31,16,21.08.2021 06:30,FootballFootballGERMANY: Bundesliga - Round 2,Augsburg,0,44,3,0,3,,5,1,0,3,6,2,,138,,,52,20,14,cat26
27,21.08.2021 06:30,FootballFootballGERMANY: Bundesliga - Round 2,Eintracht Frankfurt,0,62,8,2,6,,6,3,1,0,3,1,,235,,,76,24,16,21.08.2021 06:30,FootballFootballGERMANY: Bundesliga - Round 2,Augsburg,0,38,1,0,1,,4,0,2,2,4,1,,141,,,53,11,22,cat27
28,21.08.2021 06:30,FootballFootballGERMANY: Bundesliga - Round 2,Bochum,1,35,3,2,1,,11,1,0,1,10,4,,107,,,48,13,5,21.08.2021 06:30,FootballFootballGERMANY: Bundesliga - Round 2,Mainz,0,65,8,1,7,,11,4,1,1,9,3,,253,,,68,20,11,cat28
29,21.08.2021 06:30,FootballFootballGERMANY: Bundesliga - Round 2,Bochum,1,53,6,3,3,,10,1,1,2,5,,,167,,,39,12,13,21.08.2021 06:30,FootballFootballGERMANY: Bundesliga - Round 2,Mainz,0,47,8,2,6,,5,3,0,2,10,,,138,,,48,19,22,cat29
30,21.08.2021 09:30,FootballFootballGERMANY: Bundesliga - Round 2,Bayer Leverkusen,2,49,5,3,2,,8,2,2,3,2,2,,238,,,46,15,6,21.08.2021 09:30,FootballFootballGERMANY: Bundesliga - Round 2,B. Monchengladbach,0,51,6,3,3,,5,2,2,1,6,2,,235,,,61,33,11,cat30
31,21.08.2021 09:30,FootballFootballGERMANY: Bundesliga - Round 2,Bayer Leverkusen,2,47,8,3,5,,5,5,3,3,7,2,,180,,,42,22,7,21.08.2021 09:30,FootballFootballGERMANY: Bundesliga - Round 2,B. Monchengladbach,0,53,5,3,2,,9,1,0,1,5,0,,240,,,70,13,14,cat31
32,22.08.2021 06:30,FootballFootballGERMANY: Bundesliga - Round 2,Hoffenheim,0,60,3,0,3,,6,4,2,4,5,1,0,268,,,63,28,12,22.08.2021 06:30,FootballFootballGERMANY: Bundesliga - Round 2,Union Berlin,1,40,6,5,1,,7,3,3,0,4,2,1,138,,,42,22,16,cat32
33,22.08.2021 06:30,FootballFootballGERMANY: Bundesliga - Round 2,Hoffenheim,2,62,4,3,1,,9,2,0,2,3,0,,330,,,74,25,17,22.08.2021 06:30,FootballFootballGERMANY: Bundesliga - Round 2,Union Berlin,1,38,5,3,2,,4,2,3,1,7,1,,159,,,32,11,10,cat33
34,22.08.2021 08:30,FootballFootballGERMANY: Bundesliga - Round 2,Bayern Munich,3,53,9,5,4,,3,1,0,1,7,1,,283,,,58,18,9,22.08.2021 08:30,FootballFootballGERMANY: Bundesliga - Round 2,FC Koln,2,47,6,3,3,,8,2,0,2,2,0,,244,,,61,34,7,cat34
35,22.08.2021 08:30,FootballFootballGERMANY: Bundesliga - Round 2,Bayern Munich,0,57,9,1,8,,8,2,0,0,7,0,,251,,,70,29,17,22.08.2021 08:30,FootballFootballGERMANY: Bundesliga - Round 2,FC Koln,0,43,4,0,4,,7,2,1,1,8,1,,150,,,44,23,11,cat35
36,27.08.2021 11:30,FootballFootballGERMANY: Bundesliga - Round 3,Dortmund,3,47,13,9,4,,4,1,3,2,3,1,,199,,,52,21,11,27.08.2021 11:30,FootballFootballGERMANY: Bundesliga - Round 3,Hoffenheim,2,53,7,4,3,,7,6,1,6,3,0,,220,,,67,46,16,cat36
37,27.08.2021 11:30,FootballFootballGERMANY: Bundesliga - Round 3,Dortmund,0,65,10,4,6,,8,3,1,1,6,1,,346,,,78,42,15,27.08.2021 11:30,FootballFootballGERMANY: Bundesliga - Round 3,Hoffenheim,0,35,2,1,1,,6,1,1,4,9,3,,152,,,28,13,7,cat37
38,28.08.2021 06:30,FootballFootballGERMANY: Bundesliga - Round 3,Stuttgart,0,66,7,0,7,,8,4,0,2,4,1,,303,,,97,24,11,28.08.2021 06:30,FootballFootballGERMANY: Bundesliga - Round 3,Freiburg,0,34,7,2,5,,4,3,0,0,8,1,,149,,,43,14,12,cat38
39,28.08.2021 06:30,FootballFootballGERMANY: Bundesliga - Round 3,Stuttgart,2,57,10,7,3,,6,4,1,2,6,1,,235,,,54,20,12,28.08.2021 06:30,FootballFootballGERMANY: Bundesliga - Round 3,Freiburg,3,43,7,5,2,,8,2,0,5,6,0,,139,,,33,29,9,cat39
40,28.08.2021 06:30,FootballFootballGERMANY: Bundesliga - Round 3,Mainz,1,59,7,5,2,,10,6,3,1,7,,,217,,,62,15,5,28.08.2021 06:30,FootballFootballGERMANY: Bundesliga - Round 3,Greuther Furth,0,41,5,1,4,,11,3,1,4,7,,,191,,,50,14,10,cat40
41,28.08.2021 06:30,FootballFootballGERMANY: Bundesliga - Round 3,Mainz,2,45,10,4,6,,7,1,0,0,14,2,,133,,,45,14,11,28.08.2021 06:30,FootballFootballGERMANY: Bundesliga - Round 3,Greuther Furth,0,55,3,0,3,,12,1,1,2,7,2,,179,,,46,15,14,cat41
42,28.08.2021 06:30,FootballFootballGERMANY: Bundesliga - Round 3,FC Koln,2,64,11,3,8,,16,1,0,0,2,0,,229,,,60,37,24,28.08.2021 06:30,FootballFootballGERMANY: Bundesliga - Round 3,Bochum,1,36,5,1,4,,4,4,0,1,14,1,,98,,,22,17,8,cat42
43,28.08.2021 06:30,FootballFootballGERMANY: Bundesliga - Round 3,FC Koln,0,70,10,2,8,,7,4,3,0,9,2,,249,,,74,41,13,28.08.2021 06:30,FootballFootballGERMANY: Bundesliga - Round 3,Bochum,0,30,5,0,5,,10,1,1,2,7,0,,86,,,26,11,11,cat43
44,28.08.2021 06:30,FootballFootballGERMANY: Bundesliga - Round 3,Augsburg,0,45,7,1,6,,6,2,0,1,5,0,,171,,,59,30,16,28.08.2021 06:30,FootballFootballGERMANY: Bundesliga - Round 3,Bayer Leverkusen,2,55,6,3,3,,6,0,0,1,5,1,,232,,,44,9,12,cat44
45,28.08.2021 06:30,FootballFootballGERMANY: Bundesliga - Round 3,Augsburg,1,43,6,3,3,,4,2,1,0,7,,,175,,,52,16,8,28.08.2021 06:30,FootballFootballGERMANY: Bundesliga - Round 3,Bayer Leverkusen,2,57,7,2,5,,7,4,0,2,5,,,282,,,53,14,8,cat45
46,28.08.2021 06:30,FootballFootballGERMANY: Bundesliga - Round 3,Arminia Bielefeld,1,45,10,3,7,,7,4,0,0,8,0,,135,,,43,26,14,28.08.2021 06:30,FootballFootballGERMANY: Bundesliga - Round 3,Eintracht Frankfurt,0,55,8,0,8,,7,3,1,2,8,1,,209,,,38,21,15,cat46
47,28.08.2021 06:30,FootballFootballGERMANY: Bundesliga - Round 3,Arminia Bielefeld,0,33,4,2,2,,9,0,0,2,5,0,,142,,,34,15,13,28.08.2021 06:30,FootballFootballGERMANY: Bundesliga - Round 3,Eintracht Frankfurt,1,67,4,3,1,,5,1,1,2,9,2,,393,,,75,8,8,cat47
48,28.08.2021 09:30,FootballFootballGERMANY: Bundesliga - Round 3,Bayern Munich,3,59,10,4,6,,4,3,0,0,3,,,281,,,63,26,8,28.08.2021 09:30,FootballFootballGERMANY: Bundesliga - Round 3,Hertha Berlin,0,41,3,0,3,,3,2,2,1,2,,,180,,,29,11,8,cat48
49,28.08.2021 09:30,FootballFootballGERMANY: Bundesliga - Round 3,Bayern Munich,2,61,7,2,5,,5,5,0,3,1,,,342,,,84,35,15,28.08.2021 09:30,FootballFootballGERMANY: Bundesliga - Round 3,Hertha Berlin,0,39,5,3,2,,2,1,1,0,3,,,178,,,39,13,13,cat49
50,29.08.2021 06:30,FootballFootballGERMANY: Bundesliga - Round 3,Union Berlin,0,33,6,0,6,,2,3,0,2,6,1,,110,,,62,10,6,29.08.2021 06:30,FootballFootballGERMANY: Bundesliga - Round 3,B. Monchengladbach,1,67,11,3,8,,6,5,1,0,2,0,,323,,,75,27,9,cat50
51,29.08.2021 06:30,FootballFootballGERMANY: Bundesliga - Round 3,Union Berlin,2,33,6,4,2,,6,1,0,2,9,1,,126,,,52,14,5,29.08.2021 06:30,FootballFootballGERMANY: Bundesliga - Round 3,B. Monchengladbach,0,67,7,2,5,,8,3,2,2,4,0,,370,,,72,15,14,cat51
52,29.08.2021 08:30,FootballFootballGERMANY: Bundesliga - Round 3,Wolfsburg,1,42,3,1,2,,7,3,2,0,7,3,,116,,,52,18,10,29.08.2021 08:30,FootballFootballGERMANY: Bundesliga - Round 3,RB Leipzig,0,58,7,0,7,,9,7,0,0,6,0,,229,,,63,25,8,cat52
53,29.08.2021 08:30,FootballFootballGERMANY: Bundesliga - Round 3,Wolfsburg,0,56,5,1,4,,12,4,1,2,6,1,,240,,,50,13,8,29.08.2021 08:30,FootballFootballGERMANY: Bundesliga - Round 3,RB Leipzig,0,44,5,2,3,,7,0,0,1,12,2,,183,,,45,15,10,cat53
54,11.09.2021 06:30,FootballFootballGERMANY: Bundesliga - Round 4,Union Berlin,0,67,10,4,6,,4,4,0,3,5,0,,290,,,67,17,13,11.09.2021 06:30,FootballFootballGERMANY: Bundesliga - Round 4,Augsburg,0,33,7,3,4,,4,1,1,4,5,1,,136,,,32,22,18,cat54
55,11.09.2021 06:30,FootballFootballGERMANY: Bundesliga - Round 4,Union Berlin,0,45,5,2,3,,6,2,1,3,5,1,,188,,,51,16,13,11.09.2021 06:30,FootballFootballGERMANY: Bundesliga - Round 4,Augsburg,0,55,6,3,3,,6,3,0,2,7,1,,184,,,48,21,10,cat55
56,11.09.2021 06:30,FootballFootballGERMANY: Bundesliga - Round 4,Hoffenheim,0,65,9,0,9,,10,4,2,1,5,1,,274,,,80,36,9,11.09.2021 06:30,FootballFootballGERMANY: Bundesliga - Round 4,Mainz,1,35,4,2,2,,8,1,1,0,11,1,,111,,,46,14,13,cat56
57,11.09.2021 06:30,FootballFootballGERMANY: Bundesliga - Round 4,Hoffenheim,0,59,3,0,3,,7,0,0,1,10,1,,224,,,52,9,14,11.09.2021 06:30,FootballFootballGERMANY: Bundesliga - Round 4,Mainz,1,41,7,2,5,,8,4,2,0,5,0,,143,,,48,20,11,cat57
58,11.09.2021 06:30,FootballFootballGERMANY: Bundesliga - Round 4,Greuther Furth,0,35,5,2,3,,7,2,0,2,7,1,,73,,,47,8,11,11.09.2021 06:30,FootballFootballGERMANY: Bundesliga - Round 4,Wolfsburg,1,65,8,3,5,,6,4,0,2,8,1,,200,,,43,23,13,cat58
59,11.09.2021 06:30,FootballFootballGERMANY: Bundesliga - Round 4,Greuther Furth,0,31,2,1,1,,6,1,0,0,10,1,,105,,,60,19,10,11.09.2021 06:30,FootballFootballGERMANY: Bundesliga - Round 4,Wolfsburg,1,69,2,1,1,,11,1,0,1,7,2,,339,,,54,17,9,cat59
60,11.09.2021 06:30,FootballFootballGERMANY: Bundesliga - Round 4,Freiburg,1,59,8,3,5,,9,4,1,1,6,1,0,203,,,35,26,9,11.09.2021 06:30,FootballFootballGERMANY: Bundesliga - Round 4,FC Koln,0,41,4,1,3,,7,1,0,2,8,3,1,132,,,50,16,13,cat60
61,11.09.2021 06:30,FootballFootballGERMANY: Bundesliga - Round 4,Freiburg,0,51,2,0,2,,5,0,4,3,8,,,192,,,32,13,13,11.09.2021 06:30,FootballFootballGERMANY: Bundesliga - Round 4,FC Koln,1,49,11,4,7,,11,1,1,0,4,,,208,,,58,36,11,cat61
62,11.09.2021 06:30,FootballFootballGERMANY: Bundesliga - Round 4,Bayer Leverkusen,1,46,6,3,3,,7,4,0,1,5,4,,168,,,55,14,8,11.09.2021 06:30,FootballFootballGERMANY: Bundesliga - Round 4,Dortmund,3,54,8,4,4,,3,2,0,2,7,2,,216,,,51,22,14,cat62
63,11.09.2021 06:30,FootballFootballGERMANY: Bundesliga - Round 4,Bayer Leverkusen,2,42,5,2,3,,3,0,1,2,5,0,,193,,,48,7,7,11.09.2021 06:30,FootballFootballGERMANY: Bundesliga - Round 4,Dortmund,1,58,7,3,4,,5,1,0,0,4,1,,296,,,58,18,12,cat63
64,11.09.2021 09:30,FootballFootballGERMANY: Bundesliga - Round 4,RB Leipzig,1,50,5,1,4,,4,1,3,2,5,,,223,,,61,26,9,11.09.2021 09:30,FootballFootballGERMANY: Bundesliga - Round 4,Bayern Munich,3,50,10,5,5,,6,1,1,0,6,,,204,,,36,31,6,cat64
65,11.09.2021 09:30,FootballFootballGERMANY: Bundesliga - Round 4,RB Leipzig,0,52,5,3,2,,7,1,1,0,4,,,229,,,57,26,10,11.09.2021 09:30,FootballFootballGERMANY: Bundesliga - Round 4,Bayern Munich,1,48,8,1,7,,3,5,0,3,7,,,188,,,50,16,15,cat65
66,12.09.2021 06:30,FootballFootballGERMANY: Bundesliga - Round 4,Eintracht Frankfurt,1,54,10,3,7,,2,5,2,0,6,1,0,169,,,30,8,15,12.09.2021 06:30,FootballFootballGERMANY: Bundesliga - Round 4,Stuttgart,1,46,5,1,4,,8,4,0,2,7,2,1,159,,,31,13,12,cat66
67,12.09.2021 06:30,FootballFootballGERMANY: Bundesliga - Round 4,Eintracht Frankfurt,0,58,8,2,6,,7,1,0,2,7,0,,295,,,93,25,18,12.09.2021 06:30,FootballFootballGERMANY: Bundesliga - Round 4,Stuttgart,0,42,4,2,2,,5,2,1,2,5,2,,181,,,40,10,12,cat67
68,12.09.2021 08:30,FootballFootballGERMANY: Bundesliga - Round 4,Bochum,1,74,15,4,11,,14,5,0,1,5,0,,289,,,91,51,16,12.09.2021 08:30,FootballFootballGERMANY: Bundesliga - Round 4,Hertha Berlin,1,26,2,2,0,,6,0,1,3,11,3,,78,,,24,2,10,cat68
69,12.09.2021 08:30,FootballFootballGERMANY: Bundesliga - Round 4,Bochum,0,56,4,1,3,,5,2,1,0,4,,,188,,,61,33,16,12.09.2021 08:30,FootballFootballGERMANY: Bundesliga - Round 4,Hertha Berlin,2,44,3,2,1,,4,2,1,1,6,,,137,,,35,15,19,cat69
70,12.09.2021 10:30,FootballFootballGERMANY: Bundesliga - Round 4,B. Monchengladbach,2,62,9,3,6,,12,1,1,5,4,1,,299,,,50,11,9,12.09.2021 10:30,FootballFootballGERMANY: Bundesliga - Round 4,Arminia Bielefeld,0,38,11,5,6,,5,2,0,1,11,1,,166,,,57,30,9,cat70
71,12.09.2021 10:30,FootballFootballGERMANY: Bundesliga - Round 4,B. Monchengladbach,1,62,8,1,7,,7,2,2,1,6,,,310,,,50,17,4,12.09.2021 10:30,FootballFootballGERMANY: Bundesliga - Round 4,Arminia Bielefeld,1,38,7,2,5,,7,2,0,0,7,,,156,,,51,19,14,cat71
72,17.09.2021 11:30,FootballFootballGERMANY: Bundesliga - Round 5,Hertha Berlin,2,57,9,3,6,,8,7,0,1,4,0,,192,,,54,28,12,17.09.2021 11:30,FootballFootballGERMANY: Bundesliga - Round 5,Greuther Furth,1,43,5,2,3,,5,2,0,1,8,2,,114,,,60,24,12,cat72
73,17.09.2021 11:30,FootballFootballGERMANY: Bundesliga - Round 5,Hertha Berlin,0,53,6,0,6,,7,2,1,1,8,1,,202,,,55,21,7,17.09.2021 11:30,FootballFootballGERMANY: Bundesliga - Round 5,Greuther Furth,0,47,5,1,4,,8,2,0,0,5,0,,161,,,50,29,13,cat73
74,18.09.2021 06:30,FootballFootballGERMANY: Bundesliga - Round 5,Mainz,0,52,7,2,5,,11,3,1,2,8,1,,148,,,45,19,11,18.09.2021 06:30,FootballFootballGERMANY: Bundesliga - Round 5,Freiburg,0,48,2,2,0,,9,1,1,2,10,1,,160,,,53,18,9,cat74
75,18.09.2021 06:30,FootballFootballGERMANY: Bundesliga - Round 5,Mainz,0,44,3,1,2,,6,1,2,0,10,1,,145,,,45,15,11,18.09.2021 06:30,FootballFootballGERMANY: Bundesliga - Round 5,Freiburg,0,56,5,0,5,,12,3,0,1,6,0,,194,,,55,17,10,cat75
76,18.09.2021 06:30,FootballFootballGERMANY: Bundesliga - Round 5,Bayern Munich,3,62,11,8,3,,6,1,1,0,3,1,,333,,,89,35,15,18.09.2021 06:30,FootballFootballGERMANY: Bundesliga - Round 5,Bochum,0,38,2,0,2,,4,0,3,5,1,0,,156,,,42,23,5,cat76
77,18.09.2021 06:30,FootballFootballGERMANY: Bundesliga - Round 5,Bayern Munich,4,64,11,7,4,,9,1,0,1,2,0,,330,,,61,34,11,18.09.2021 06:30,FootballFootballGERMANY: Bundesliga - Round 5,Bochum,0,36,3,1,2,,2,2,2,3,8,1,,138,,,42,17,12,cat77
78,18.09.2021 06:30,FootballFootballGERMANY: Bundesliga - Round 5,Augsburg,1,35,2,1,1,,9,0,3,1,5,0,,92,,,37,10,7,18.09.2021 06:30,FootballFootballGERMANY: Bundesliga - Round 5,B. Monchengladbach,0,65,6,1,5,,10,2,2,0,5,1,,315,,,84,28,14,cat78
79,18.09.2021 06:30,FootballFootballGERMANY: Bundesliga - Round 5,Augsburg,0,39,6,0,6,,2,2,1,0,8,1,,109,,,32,19,17,18.09.2021 06:30,FootballFootballGERMANY: Bundesliga - Round 5,B. Monchengladbach,0,61,5,0,5,,7,4,0,0,4,1,,261,,,56,21,10,cat79
80,18.09.2021 06:30,FootballFootballGERMANY: Bundesliga - Round 5,Arminia Bielefeld,0,43,2,0,2,,4,2,2,3,9,1,,169,,,56,37,17,18.09.2021 06:30,FootballFootballGERMANY: Bundesliga - Round 5,Hoffenheim,0,57,7,3,4,,12,1,2,0,2,1,,278,,,56,21,12,cat80
81,18.09.2021 06:30,FootballFootballGERMANY: Bundesliga - Round 5,Arminia Bielefeld,0,47,7,2,5,,1,3,0,0,7,1,,202,,,53,36,8,18.09.2021 06:30,FootballFootballGERMANY: Bundesliga - Round 5,Hoffenheim,0,53,9,0,9,,7,5,0,2,1,0,,259,,,56,30,12,cat81
82,18.09.2021 09:30,FootballFootballGERMANY: Bundesliga - Round 5,FC Koln,1,51,9,4,5,,7,2,1,6,4,2,,169,,,45,22,13,18.09.2021 09:30,FootballFootballGERMANY: Bundesliga - Round 5,RB Leipzig,1,49,12,7,5,,5,7,2,3,5,1,,176,,,41,33,12,cat82
83,18.09.2021 09:30,FootballFootballGERMANY: Bundesliga - Round 5,FC Koln,0,49,5,2,3,,1,2,2,2,8,1,,161,,,47,20,14,18.09.2021 09:30,FootballFootballGERMANY: Bundesliga - Round 5,RB Leipzig,0,51,6,2,4,,9,3,1,2,1,0,,212,,,70,19,19,cat83
84,19.09.2021 06:30,FootballFootballGERMANY: Bundesliga - Round 5,Stuttgart,0,64,10,5,5,,4,1,0,1,6,2,,292,,,79,43,13,19.09.2021 06:30,FootballFootballGERMANY: Bundesliga - Round 5,Bayer Leverkusen,1,36,5,2,3,,6,5,0,5,2,1,,98,,,36,13,13,cat84
85,19.09.2021 06:30,FootballFootballGERMANY: Bundesliga - Round 5,Stuttgart,1,54,8,3,5,,9,1,1,0,5,0,0,275,,,56,23,15,19.09.2021 06:30,FootballFootballGERMANY: Bundesliga - Round 5,Bayer Leverkusen,2,46,2,2,0,,6,1,0,2,9,2,1,212,,,52,13,8,cat85
86,19.09.2021 08:30,FootballFootballGERMANY: Bundesliga - Round 5,Dortmund,2,66,7,1,6,,8,3,0,2,6,2,,287,,,65,25,7,19.09.2021 08:30,FootballFootballGERMANY: Bundesliga - Round 5,Union Berlin,2,34,5,4,1,,5,3,2,0,6,2,,129,,,47,19,7,cat86
87,19.09.2021 08:30,FootballFootballGERMANY: Bundesliga - Round 5,Dortmund,2,60,6,3,3,,7,0,1,2,4,0,,332,,,70,27,13,19.09.2021 08:30,FootballFootballGERMANY: Bundesliga - Round 5,Union Berlin,0,40,4,2,2,,5,3,1,1,6,1,,236,,,34,16,5,cat87
88,19.09.2021 10:30,FootballFootballGERMANY: Bundesliga - Round 5,Wolfsburg,1,59,7,5,2,,11,3,3,0,7,1,,263,,,61,20,14,19.09.2021 10:30,FootballFootballGERMANY: Bundesliga - Round 5,Eintracht Frankfurt,0,41,2,0,2,,10,1,0,4,12,3,,158,,,71,30,11,cat88
89,19.09.2021 10:30,FootballFootballGERMANY: Bundesliga - Round 5,Wolfsburg,0,57,8,1,7,,6,4,1,1,7,1,,227,,,53,16,9,19.09.2021 10:30,FootballFootballGERMANY: Bundesliga - Round 5,Eintracht Frankfurt,1,43,4,2,2,,6,3,0,1,6,3,,158,,,64,14,7,cat89
90,24.09.2021 11:30,FootballFootballGERMANY: Bundesliga - Round 6,Greuther Furth,1,48,6,5,1,,10,1,2,1,11,3,0,156,,,53,16,11,24.09.2021 11:30,FootballFootballGERMANY: Bundesliga - Round 6,Bayern Munich,1,52,5,2,3,,13,1,1,4,7,0,1,245,,,45,20,13,cat90
91,24.09.2021 11:30,FootballFootballGERMANY: Bundesliga - Round 6,Greuther Furth,0,30,5,1,4,,5,5,4,0,7,1,,122,,,34,22,7,24.09.2021 11:30,FootballFootballGERMANY: Bundesliga - Round 6,Bayern Munich,2,70,7,2,5,,11,2,0,1,6,1,,365,,,67,26,9,cat91
92,25.09.2021 06:30,FootballFootballGERMANY: Bundesliga - Round 6,Union Berlin,1,52,6,2,4,,2,3,3,2,5,1,,198,,,35,28,15,25.09.2021 06:30,FootballFootballGERMANY: Bundesliga - Round 6,Arminia Bielefeld,0,48,6,2,4,,7,3,0,1,2,0,,190,,,52,15,14,cat92
93,25.09.2021 06:30,FootballFootballGERMANY: Bundesliga - Round 6,Union Berlin,0,52,11,2,9,,4,2,1,0,4,,,260,,,57,20,13,25.09.2021 06:30,FootballFootballGERMANY: Bundesliga - Round 6,Arminia Bielefeld,0,48,3,0,3,,5,1,1,2,3,,,209,,,51,17,12,cat93
94,25.09.2021 06:30,FootballFootballGERMANY: Bundesliga - Round 6,RB Leipzig,3,59,8,5,3,,9,2,2,2,4,1,,254,,,64,19,7,25.09.2021 06:30,FootballFootballGERMANY: Bundesliga - Round 6,Hertha Berlin,0,41,3,2,1,,6,0,3,2,8,2,,137,,,26,7,6,cat94
95,25.09.2021 06:30,FootballFootballGERMANY: Bundesliga - Round 6,RB Leipzig,3,59,10,6,4,,12,0,1,1,4,0,,259,,,51,27,7,25.09.2021 06:30,FootballFootballGERMANY: Bundesliga - Round 6,Hertha Berlin,0,41,2,1,1,,5,1,1,3,11,1,,164,,,45,7,8,cat95
96,25.09.2021 06:30,FootballFootballGERMANY: Bundesliga - Round 6,Hoffenheim,2,42,4,2,2,,5,2,0,0,10,2,,177,,,33,17,9,25.09.2021 06:30,FootballFootballGERMANY: Bundesliga - Round 6,Wolfsburg,0,58,5,0,5,,11,1,1,0,3,2,,251,,,49,25,11,cat96
97,25.09.2021 06:30,FootballFootballGERMANY: Bundesliga - Round 6,Hoffenheim,1,60,7,1,6,,6,3,0,1,3,,,221,,,51,33,12,25.09.2021 06:30,FootballFootballGERMANY: Bundesliga - Round 6,Wolfsburg,1,40,8,2,6,,2,1,1,0,6,,,171,,,37,23,11,cat97
98,25.09.2021 06:30,FootballFootballGERMANY: Bundesliga - Round 6,Eintracht Frankfurt,0,43,8,2,6,,9,5,1,1,4,1,,143,,,109,37,12,25.09.2021 06:30,FootballFootballGERMANY: Bundesliga - Round 6,FC Koln,0,57,6,1,5,,5,3,1,2,8,2,,208,,,61,28,8,cat98
99,25.09.2021 06:30,FootballFootballGERMANY: Bundesliga - Round 6,Eintracht Frankfurt,1,53,2,1,1,,10,2,2,0,7,1,,173,,,27,28,14,25.09.2021 06:30,FootballFootballGERMANY: Bundesliga - Round 6,FC Koln,1,47,9,1,8,,9,3,0,0,11,1,,165,,,48,21,12,cat99
100,25.09.2021 06:30,FootballFootballGERMANY: Bundesliga - Round 6,Bayer Leverkusen,1,63,12,8,4,,7,3,1,2,4,2,,266,,,66,24,14,25.09.2021 06:30,FootballFootballGERMANY: Bundesliga - Round 6,Mainz,0,37,4,2,2,,6,1,3,7,5,2,,138,,,50,14,12,cat100
101,25.09.2021 06:30,FootballFootballGERMANY: Bundesliga - Round 6,Bayer Leverkusen,0,67,4,1,3,,7,3,1,3,7,2,,294,,,75,27,7,25.09.2021 06:30,FootballFootballGERMANY: Bundesliga - Round 6,Mainz,0,33,10,3,7,,7,2,0,1,7,1,,120,,,53,10,5,cat101
102,25.09.2021 09:30,FootballFootballGERMANY: Bundesliga - Round 6,B. Monchengladbach,0,53,9,2,7,,9,3,2,0,9,1,,228,,,58,22,13,25.09.2021 09:30,FootballFootballGERMANY: Bundesliga - Round 6,Dortmund,0,47,6,0,6,,13,0,1,2,7,1,,239,,,53,18,12,cat102
103,25.09.2021 09:30,FootballFootballGERMANY: Bundesliga - Round 6,B. Monchengladbach,1,57,5,1,4,,8,2,2,0,8,3,0,300,,,54,15,11,25.09.2021 09:30,FootballFootballGERMANY: Bundesliga - Round 6,Dortmund,0,43,2,0,2,,7,1,2,0,8,3,1,198,,,41,7,8,cat103
104,26.09.2021 06:30,FootballFootballGERMANY: Bundesliga - Round 6,Bochum,0,45,7,3,4,,9,3,0,2,7,1,,154,,,52,12,13,26.09.2021 06:30,FootballFootballGERMANY: Bundesliga - Round 6,Stuttgart,0,55,6,2,4,,8,1,0,3,5,2,,228,,,78,17,11,cat104
105,26.09.2021 06:30,FootballFootballGERMANY: Bundesliga - Round 6,Bochum,0,49,7,1,6,,4,4,2,1,8,1,,199,,,57,30,12,26.09.2021 06:30,FootballFootballGERMANY: Bundesliga - Round 6,Stuttgart,0,51,2,1,1,,9,1,0,1,7,3,,236,,,38,5,13,cat105
106,26.09.2021 08:30,FootballFootballGERMANY: Bundesliga - Round 6,Freiburg,0,55,10,3,7,,8,2,2,1,5,0,,209,,,68,23,11,26.09.2021 08:30,FootballFootballGERMANY: Bundesliga - Round 6,Augsburg,0,45,5,1,4,,5,0,0,3,6,1,,153,,,32,15,18,cat106
107,26.09.2021 08:30,FootballFootballGERMANY: Bundesliga - Round 6,Freiburg,3,59,9,6,3,,5,4,0,1,6,,,276,,,63,17,7,26.09.2021 08:30,FootballFootballGERMANY: Bundesliga - Round 6,Augsburg,0,41,3,1,2,,5,3,0,3,7,,,134,,,31,15,10,cat107
108,01.10.2021 11:30,FootballFootballGERMANY: Bundesliga - Round 7,FC Koln,3,61,8,6,2,,8,4,0,2,10,1,,213,,,63,21,15,01.10.2021 11:30,FootballFootballGERMANY: Bundesliga - Round 7,Greuther Furth,0,39,3,2,1,,5,1,0,3,9,0,,121,,,47,17,8,cat108
109,01.10.2021 11:30,FootballFootballGERMANY: Bundesliga - Round 7,FC Koln,0,65,10,2,8,,11,4,1,0,6,0,,249,,,66,39,16,01.10.2021 11:30,FootballFootballGERMANY: Bundesliga - Round 7,Greuther Furth,1,35,4,1,3,,6,0,2,2,9,1,,95,,,36,7,11,cat109
110,02.10.2021 06:30,FootballFootballGERMANY: Bundesliga - Round 7,Wolfsburg,0,55,6,4,2,,5,1,2,6,7,5,1,219,,,60,33,16,02.10.2021 06:30,FootballFootballGERMANY: Bundesliga - Round 7,B. Monchengladbach,1,45,11,7,4,,3,2,1,4,5,1,0,163,,,47,21,8,cat110
111,02.10.2021 06:30,FootballFootballGERMANY: Bundesliga - Round 7,Wolfsburg,1,49,4,1,3,,7,3,0,2,10,2,,184,,,52,25,11,02.10.2021 06:30,FootballFootballGERMANY: Bundesliga - Round 7,B. Monchengladbach,2,51,8,4,4,,10,4,2,0,5,2,,214,,,44,21,9,cat111
112,02.10.2021 06:30,FootballFootballGERMANY: Bundesliga - Round 7,Stuttgart,2,39,5,3,2,,7,2,0,1,7,,,167,,,45,22,10,02.10.2021 06:30,FootballFootballGERMANY: Bundesliga - Round 7,Hoffenheim,1,61,6,2,4,,7,3,0,1,7,,,266,,,69,30,18,cat112
113,02.10.2021 06:30,FootballFootballGERMANY: Bundesliga - Round 7,Stuttgart,1,45,7,3,4,,6,7,1,2,7,0,,207,,,33,25,11,02.10.2021 06:30,FootballFootballGERMANY: Bundesliga - Round 7,Hoffenheim,0,55,7,2,5,,8,1,1,2,5,1,,260,,,53,18,12,cat113
114,02.10.2021 06:30,FootballFootballGERMANY: Bundesliga - Round 7,Hertha Berlin,1,48,7,2,5,,10,3,0,1,9,2,,199,,,41,7,9,02.10.2021 06:30,FootballFootballGERMANY: Bundesliga - Round 7,Freiburg,1,52,4,2,2,,9,5,3,1,9,0,,173,,,58,23,8,cat114
115,02.10.2021 06:30,FootballFootballGERMANY: Bundesliga - Round 7,Hertha Berlin,0,40,5,1,4,,7,1,0,1,8,1,,155,,,40,7,9,02.10.2021 06:30,FootballFootballGERMANY: Bundesliga - Round 7,Freiburg,1,60,5,2,3,,8,4,2,1,6,0,,292,,,70,19,11,cat115
116,02.10.2021 06:30,FootballFootballGERMANY: Bundesliga - Round 7,Dortmund,1,65,12,2,10,,11,4,1,1,2,0,,304,,,52,22,14,02.10.2021 06:30,FootballFootballGERMANY: Bundesliga - Round 7,Augsburg,0,35,2,1,1,,5,3,3,1,7,1,,135,,,62,24,12,cat116
117,02.10.2021 06:30,FootballFootballGERMANY: Bundesliga - Round 7,Dortmund,1,69,5,1,4,,8,3,0,1,7,1,,337,,,69,19,5,02.10.2021 06:30,FootballFootballGERMANY: Bundesliga - Round 7,Augsburg,1,31,3,2,1,,4,0,1,0,9,2,,117,,,44,11,12,cat117
118,02.10.2021 09:30,FootballFootballGERMANY: Bundesliga - Round 7,RB Leipzig,3,60,5,4,1,,11,1,0,1,7,1,,210,,,53,10,9,02.10.2021 09:30,FootballFootballGERMANY: Bundesliga - Round 7,Bochum,0,40,5,1,4,,6,2,3,1,8,1,,154,,,58,22,10,cat118
119,02.10.2021 09:30,FootballFootballGERMANY: Bundesliga - Round 7,RB Leipzig,0,56,10,4,6,,10,1,0,1,3,,,281,,,37,22,10,02.10.2021 09:30,FootballFootballGERMANY: Bundesliga - Round 7,Bochum,0,44,4,1,3,,4,1,3,4,8,,,178,,,80,27,9,cat119
120,03.10.2021 06:30,FootballFootballGERMANY: Bundesliga - Round 7,Mainz,0,51,6,3,3,,2,1,0,1,9,2,1,211,,,52,26,17,03.10.2021 06:30,FootballFootballGERMANY: Bundesliga - Round 7,Union Berlin,2,49,10,3,7,,8,3,0,3,3,3,0,208,,,53,22,16,cat120
121,03.10.2021 06:30,FootballFootballGERMANY: Bundesliga - Round 7,Mainz,1,51,5,1,4,,2,1,0,0,6,0,,190,,,36,17,13,03.10.2021 06:30,FootballFootballGERMANY: Bundesliga - Round 7,Union Berlin,0,49,5,0,5,,4,2,0,0,3,1,,159,,,45,22,14,cat121
122,03.10.2021 08:30,FootballFootballGERMANY: Bundesliga - Round 7,Bayern Munich,0,68,10,6,4,,4,5,2,0,3,2,,407,,,92,57,12,03.10.2021 08:30,FootballFootballGERMANY: Bundesliga - Round 7,Eintracht Frankfurt,1,32,2,1,1,,4,0,0,6,4,1,,131,,,31,4,5,cat122
123,03.10.2021 08:30,FootballFootballGERMANY: Bundesliga - Round 7,Bayern Munich,1,68,11,5,6,,3,5,2,1,3,,,373,,,90,29,10,03.10.2021 08:30,FootballFootballGERMANY: Bundesliga - Round 7,Eintracht Frankfurt,1,32,3,2,1,,5,1,0,4,4,,,144,,,39,6,8,cat123
124,03.10.2021 10:30,FootballFootballGERMANY: Bundesliga - Round 7,Arminia Bielefeld,0,41,1,1,0,,2,1,0,2,6,3,,146,,,42,21,4,03.10.2021 10:30,FootballFootballGERMANY: Bundesliga - Round 7,Bayer Leverkusen,2,59,11,4,7,,4,3,0,1,2,0,,330,,,65,28,20,cat124
125,03.10.2021 10:30,FootballFootballGERMANY: Bundesliga - Round 7,Arminia Bielefeld,0,41,9,2,7,,4,1,2,1,7,1,,143,,,61,25,12,03.10.2021 10:30,FootballFootballGERMANY: Bundesliga - Round 7,Bayer Leverkusen,2,59,8,3,5,,9,1,0,2,5,1,,272,,,48,21,8,cat125
126,15.10.2021 11:30,FootballFootballGERMANY: Bundesliga - Round 8,Hoffenheim,4,48,11,6,5,,4,2,0,0,5,0,,188,,,32,16,6,15.10.2021 11:30,FootballFootballGERMANY: Bundesliga - Round 8,FC Koln,0,52,5,0,5,,5,2,3,2,4,1,,195,,,49,22,15,cat126
127,15.10.2021 11:30,FootballFootballGERMANY: Bundesliga - Round 8,Hoffenheim,1,54,3,2,1,,5,1,2,0,8,1,,246,,,58,22,17,15.10.2021 11:30,FootballFootballGERMANY: Bundesliga - Round 8,FC Koln,0,46,5,0,5,,10,1,2,1,3,0,,202,,,41,23,10,cat127
128,16.10.2021 06:30,FootballFootballGERMANY: Bundesliga - Round 8,Union Berlin,2,39,4,3,1,,7,2,0,3,2,2,,143,,,42,16,4,16.10.2021 06:30,FootballFootballGERMANY: Bundesliga - Round 8,Wolfsburg,0,61,7,3,4,,1,3,0,1,9,1,,257,,,57,24,12,cat128
129,16.10.2021 06:30,FootballFootballGERMANY: Bundesliga - Round 8,Union Berlin,0,44,2,0,2,,6,1,1,1,5,1,,199,,,53,16,6,16.10.2021 06:30,FootballFootballGERMANY: Bundesliga - Round 8,Wolfsburg,0,56,6,1,5,,6,0,0,0,7,0,,287,,,54,13,10,cat129
130,16.10.2021 06:30,FootballFootballGERMANY: Bundesliga - Round 8,Greuther Furth,0,59,9,2,7,,11,2,0,1,7,1,,204,,,65,27,20,16.10.2021 06:30,FootballFootballGERMANY: Bundesliga - Round 8,Bochum,1,41,5,2,3,,6,2,1,2,11,4,,127,,,41,14,4,cat130
131,16.10.2021 06:30,FootballFootballGERMANY: Bundesliga - Round 8,Greuther Furth,0,53,3,1,2,,5,2,0,0,9,1,,213,,,58,23,10,16.10.2021 06:30,FootballFootballGERMANY: Bundesliga - Round 8,Bochum,0,47,4,0,4,,9,1,1,1,5,0,,168,,,56,23,19,cat131
132,16.10.2021 06:30,FootballFootballGERMANY: Bundesliga - Round 8,Freiburg,1,51,8,2,6,,6,6,0,1,5,0,,158,,,53,22,10,16.10.2021 06:30,FootballFootballGERMANY: Bundesliga - Round 8,RB Leipzig,0,49,4,1,3,,5,3,1,1,6,3,,169,,,60,22,11,cat132
133,16.10.2021 06:30,FootballFootballGERMANY: Bundesliga - Round 8,Freiburg,0,53,7,0,7,,7,2,1,2,5,0,,225,,,40,20,14,16.10.2021 06:30,FootballFootballGERMANY: Bundesliga - Round 8,RB Leipzig,1,47,9,3,6,,6,2,0,0,11,1,,197,,,64,14,10,cat133
134,16.10.2021 06:30,FootballFootballGERMANY: Bundesliga - Round 8,Eintracht Frankfurt,1,53,7,3,4,,8,3,0,2,11,0,,215,,,81,49,13,16.10.2021 06:30,FootballFootballGERMANY: Bundesliga - Round 8,Hertha Berlin,1,47,6,3,3,,12,4,1,2,10,1,,182,,,44,11,9,cat134
135,16.10.2021 06:30,FootballFootballGERMANY: Bundesliga - Round 8,Eintracht Frankfurt,0,59,6,2,4,,8,4,0,2,6,1,,248,,,47,16,12,16.10.2021 06:30,FootballFootballGERMANY: Bundesliga - Round 8,Hertha Berlin,1,41,6,3,3,,3,0,4,2,6,1,,150,,,59,22,9,cat135
136,16.10.2021 06:30,FootballFootballGERMANY: Bundesliga - Round 8,Dortmund,2,56,3,2,1,,6,3,1,1,2,0,,267,,,67,27,15,16.10.2021 06:30,FootballFootballGERMANY: Bundesliga - Round 8,Mainz,1,44,4,2,2,,3,2,1,0,5,4,,213,,,53,13,15,cat136
137,16.10.2021 06:30,FootballFootballGERMANY: Bundesliga - Round 8,Dortmund,1,77,8,3,5,,7,3,1,0,5,2,,406,,,93,30,14,16.10.2021 06:30,FootballFootballGERMANY: Bundesliga - Round 8,Mainz,0,23,1,0,1,,6,0,1,2,7,0,,98,,,31,11,9,cat137
138,16.10.2021 09:30,FootballFootballGERMANY: Bundesliga - Round 8,B. Monchengladbach,0,53,16,5,11,,8,3,0,1,8,3,,256,,,67,20,9,16.10.2021 09:30,FootballFootballGERMANY: Bundesliga - Round 8,Stuttgart,0,47,3,1,2,,8,1,0,5,9,2,,233,,,58,15,8,cat138
139,16.10.2021 09:30,FootballFootballGERMANY: Bundesliga - Round 8,B. Monchengladbach,1,63,15,3,12,,13,6,0,0,6,0,,348,,,93,26,12,16.10.2021 09:30,FootballFootballGERMANY: Bundesliga - Round 8,Stuttgart,1,37,2,1,1,,6,0,1,2,12,1,,174,,,34,10,5,cat139
140,17.10.2021 06:30,FootballFootballGERMANY: Bundesliga - Round 8,Bayer Leverkusen,1,39,3,2,1,,5,0,1,4,5,,,198,,,26,9,4,17.10.2021 06:30,FootballFootballGERMANY: Bundesliga - Round 8,Bayern Munich,0,61,12,4,8,,7,5,1,1,4,,,397,,,88,52,3,cat140
141,17.10.2021 06:30,FootballFootballGERMANY: Bundesliga - Round 8,Bayer Leverkusen,0,49,4,2,2,,5,4,0,2,4,,,249,,,44,23,5,17.10.2021 06:30,FootballFootballGERMANY: Bundesliga - Round 8,Bayern Munich,5,51,15,7,8,,2,2,0,2,5,,,278,,,62,25,6,cat141
142,17.10.2021 08:30,FootballFootballGERMANY: Bundesliga - Round 8,Augsburg,0,43,5,2,3,,8,4,4,2,4,3,,141,,,41,11,9,17.10.2021 08:30,FootballFootballGERMANY: Bundesliga - Round 8,Arminia Bielefeld,1,57,6,3,3,,8,4,0,2,8,0,,197,,,60,28,13,cat142
143,17.10.2021 08:30,FootballFootballGERMANY: Bundesliga - Round 8,Augsburg,1,56,9,4,5,,8,5,4,0,4,0,,199,,,44,22,21,17.10.2021 08:30,FootballFootballGERMANY: Bundesliga - Round 8,Arminia Bielefeld,0,44,4,0,4,,8,1,1,3,7,1,,138,,,48,11,12,cat143
144,22.10.2021 11:30,FootballFootballGERMANY: Bundesliga - Round 9,Mainz,1,48,10,3,7,,6,3,1,0,3,1,,235,,,54,23,12,22.10.2021 11:30,FootballFootballGERMANY: Bundesliga - Round 9,Augsburg,1,52,4,1,3,,3,0,1,2,5,2,,214,,,58,11,13,cat144
145,22.10.2021 11:30,FootballFootballGERMANY: Bundesliga - Round 9,Mainz,3,56,9,5,4,,6,3,0,1,6,0,,230,,,54,29,14,22.10.2021 11:30,FootballFootballGERMANY: Bundesliga - Round 9,Augsburg,0,44,2,1,1,,6,2,0,2,6,1,,164,,,53,16,15,cat145
146,23.10.2021 06:30,FootballFootballGERMANY: Bundesliga - Round 9,Wolfsburg,0,60,11,1,10,,9,5,0,0,9,1,,220,,,57,40,13,23.10.2021 06:30,FootballFootballGERMANY: Bundesliga - Round 9,Freiburg,1,40,3,1,2,,9,1,0,1,9,0,,138,,,38,22,7,cat146
147,23.10.2021 06:30,FootballFootballGERMANY: Bundesliga - Round 9,Wolfsburg,0,48,6,3,3,,8,2,0,2,8,2,,193,,,34,18,9,23.10.2021 06:30,FootballFootballGERMANY: Bundesliga - Round 9,Freiburg,1,52,8,3,5,,8,0,1,3,6,0,,199,,,57,16,21,cat147
148,23.10.2021 06:30,FootballFootballGERMANY: Bundesliga - Round 9,RB Leipzig,4,47,10,5,5,,5,1,2,0,7,,,227,,,68,19,11,23.10.2021 06:30,FootballFootballGERMANY: Bundesliga - Round 9,Greuther Furth,0,53,1,0,1,,11,2,1,1,6,,,228,,,65,14,12,cat148
149,23.10.2021 06:30,FootballFootballGERMANY: Bundesliga - Round 9,RB Leipzig,0,57,3,0,3,,7,2,1,3,8,2,,244,,,62,19,10,23.10.2021 06:30,FootballFootballGERMANY: Bundesliga - Round 9,Greuther Furth,1,43,7,4,3,,7,2,1,0,6,0,,136,,,57,21,12,cat149
150,23.10.2021 06:30,FootballFootballGERMANY: Bundesliga - Round 9,Bayern Munich,2,57,9,4,5,,10,4,1,2,3,0,,253,,,58,32,13,23.10.2021 06:30,FootballFootballGERMANY: Bundesliga - Round 9,Hoffenheim,0,43,6,2,4,,4,1,1,2,9,3,,196,,,45,14,7,cat150
151,23.10.2021 06:30,FootballFootballGERMANY: Bundesliga - Round 9,Bayern Munich,2,59,6,3,3,,10,0,2,0,1,0,,398,,,68,17,9,23.10.2021 06:30,FootballFootballGERMANY: Bundesliga - Round 9,Hoffenheim,0,41,3,0,3,,3,1,2,1,9,1,,211,,,43,21,7,cat151
152,23.10.2021 06:30,FootballFootballGERMANY: Bundesliga - Round 9,Arminia Bielefeld,1,35,8,4,4,,5,6,1,1,7,1,,183,,,47,20,3,23.10.2021 06:30,FootballFootballGERMANY: Bundesliga - Round 9,Dortmund,1,65,4,2,2,,9,0,1,3,5,0,,426,,,79,19,11,cat152
153,23.10.2021 06:30,FootballFootballGERMANY: Bundesliga - Round 9,Arminia Bielefeld,0,33,5,2,3,,5,1,1,3,6,,,149,,,48,13,5,23.10.2021 06:30,FootballFootballGERMANY: Bundesliga - Round 9,Dortmund,2,67,10,5,5,,6,2,1,2,4,,,385,,,76,21,8,cat153
154,23.10.2021 09:30,FootballFootballGERMANY: Bundesliga - Round 9,Hertha Berlin,0,39,4,1,3,,10,2,0,1,4,2,,174,,,56,19,12,23.10.2021 09:30,FootballFootballGERMANY: Bundesliga - Round 9,B. Monchengladbach,0,61,5,1,4,,4,2,2,1,8,1,,287,,,75,26,21,cat154
155,23.10.2021 09:30,FootballFootballGERMANY: Bundesliga - Round 9,Hertha Berlin,1,45,6,3,3,,14,0,3,0,7,0,,200,,,43,8,6,23.10.2021 09:30,FootballFootballGERMANY: Bundesliga - Round 9,B. Monchengladbach,0,55,5,0,5,,11,4,1,2,13,1,,222,,,69,27,16,cat155
156,24.10.2021 06:30,FootballFootballGERMANY: Bundesliga - Round 9,FC Koln,2,57,11,4,7,,10,3,2,3,6,0,,221,,,60,26,12,24.10.2021 06:30,FootballFootballGERMANY: Bundesliga - Round 9,Bayer Leverkusen,0,43,3,3,0,,6,4,3,2,10,2,,141,,,38,20,8,cat156
157,24.10.2021 06:30,FootballFootballGERMANY: Bundesliga - Round 9,FC Koln,0,59,6,1,5,,5,3,0,1,4,1,,217,,,63,33,19,24.10.2021 06:30,FootballFootballGERMANY: Bundesliga - Round 9,Bayer Leverkusen,2,41,6,3,3,,4,2,2,1,5,1,,136,,,44,16,12,cat157
158,24.10.2021 08:30,FootballFootballGERMANY: Bundesliga - Round 9,Stuttgart,1,54,3,1,2,,9,0,2,2,9,3,1,259,,,60,9,14,24.10.2021 08:30,FootballFootballGERMANY: Bundesliga - Round 9,Union Berlin,0,46,4,2,2,,11,2,0,0,9,1,0,226,,,63,25,10,cat158
159,24.10.2021 08:30,FootballFootballGERMANY: Bundesliga - Round 9,Stuttgart,0,58,5,1,4,,4,1,0,0,7,,,323,,,78,13,13,24.10.2021 08:30,FootballFootballGERMANY: Bundesliga - Round 9,Union Berlin,1,42,7,1,6,,7,0,0,1,4,,,215,,,36,20,6,cat159
160,24.10.2021 10:30,FootballFootballGERMANY: Bundesliga - Round 9,Bochum,1,46,13,4,9,,5,3,1,3,6,0,,134,,,51,30,14,24.10.2021 10:30,FootballFootballGERMANY: Bundesliga - Round 9,Eintracht Frankfurt,0,54,11,3,8,,8,5,0,3,5,1,,238,,,71,33,14,cat160
161,24.10.2021 10:30,FootballFootballGERMANY: Bundesliga - Round 9,Bochum,1,44,6,3,3,,8,1,1,3,3,0,,141,,,56,11,19,24.10.2021 10:30,FootballFootballGERMANY: Bundesliga - Round 9,Eintracht Frankfurt,0,56,3,3,0,,2,2,0,2,6,1,,224,,,58,19,19,cat161
162,29.10.2021 11:30,FootballFootballGERMANY: Bundesliga - Round 10,Hoffenheim,0,61,3,0,3,,6,3,2,0,9,2,0,275,,,70,37,13,29.10.2021 11:30,FootballFootballGERMANY: Bundesliga - Round 10,Hertha Berlin,0,39,1,0,1,,11,2,1,0,5,1,1,195,,,45,12,8,cat0
163,29.10.2021 11:30,FootballFootballGERMANY: Bundesliga - Round 10,Hoffenheim,2,49,11,3,8,,6,6,1,2,6,,,246,,,49,29,11,29.10.2021 11:30,FootballFootballGERMANY: Bundesliga - Round 10,Hertha Berlin,0,51,4,2,2,,7,2,2,1,4,,,244,,,50,18,12,cat1
164,30.10.2021 06:30,FootballFootballGERMANY: Bundesliga - Round 10,Union Berlin,1,47,5,5,0,,9,2,1,0,6,,,215,,,49,23,5,30.10.2021 06:30,FootballFootballGERMANY: Bundesliga - Round 10,Bayern Munich,2,53,4,2,2,,9,0,1,4,5,,,244,,,59,24,7,cat2
165,30.10.2021 06:30,FootballFootballGERMANY: Bundesliga - Round 10,Union Berlin,1,34,4,1,3,,3,4,1,1,3,1,,157,,,51,14,11,30.10.2021 06:30,FootballFootballGERMANY: Bundesliga - Round 10,Bayern Munich,3,66,10,4,6,,0,1,2,0,2,1,,347,,,75,23,9,cat3
166,30.10.2021 06:30,FootballFootballGERMANY: Bundesliga - Round 10,Freiburg,1,42,3,1,2,,4,3,0,3,4,0,,147,,,38,23,8,30.10.2021 06:30,FootballFootballGERMANY: Bundesliga - Round 10,Greuther Furth,1,58,7,4,3,,3,1,0,0,6,1,,235,,,45,26,16,cat4
167,30.10.2021 06:30,FootballFootballGERMANY: Bundesliga - Round 10,Freiburg,2,60,9,4,5,,7,2,1,0,6,0,,258,,,60,20,14,30.10.2021 06:30,FootballFootballGERMANY: Bundesliga - Round 10,Greuther Furth,0,40,1,0,1,,7,1,1,2,7,1,,160,,,43,19,8,cat5
168,30.10.2021 06:30,FootballFootballGERMANY: Bundesliga - Round 10,Dortmund,1,46,4,2,2,,6,3,1,4,4,2,,166,,,49,18,8,30.10.2021 06:30,FootballFootballGERMANY: Bundesliga - Round 10,FC Koln,0,54,12,4,8,,5,2,0,1,6,2,,252,,,72,36,11,cat6
169,30.10.2021 06:30,FootballFootballGERMANY: Bundesliga - Round 10,Dortmund,1,44,3,2,1,,5,1,1,2,6,0,,237,,,46,20,8,30.10.2021 06:30,FootballFootballGERMANY: Bundesliga - Round 10,FC Koln,0,56,7,2,5,,7,1,0,1,5,1,,286,,,55,17,10,cat7
170,30.10.2021 06:30,FootballFootballGERMANY: Bundesliga - Round 10,Bayer Leverkusen,0,67,8,1,7,,11,3,0,3,4,1,0,290,,,78,43,17,30.10.2021 06:30,FootballFootballGERMANY: Bundesliga - Round 10,Wolfsburg,2,33,7,5,2,,4,1,0,1,11,0,1,90,,,26,10,11,cat8
171,30.10.2021 06:30,FootballFootballGERMANY: Bundesliga - Round 10,Bayer Leverkusen,0,55,4,0,4,,4,7,2,3,7,2,,212,,,62,28,13,30.10.2021 06:30,FootballFootballGERMANY: Bundesliga - Round 10,Wolfsburg,0,45,6,3,3,,9,1,2,0,4,2,,173,,,46,14,14,cat9
172,30.10.2021 06:30,FootballFootballGERMANY: Bundesliga - Round 10,Arminia Bielefeld,0,52,6,3,3,,4,3,0,1,10,2,,169,,,68,23,14,30.10.2021 06:30,FootballFootballGERMANY: Bundesliga - Round 10,Mainz,1,48,6,2,4,,10,3,1,3,4,3,,163,,,44,30,15,cat10
173,30.10.2021 06:30,FootballFootballGERMANY: Bundesliga - Round 10,Arminia Bielefeld,1,52,9,4,5,,7,3,0,3,6,,,228,,,58,22,7,30.10.2021 06:30,FootballFootballGERMANY: Bundesliga - Round 10,Mainz,1,48,10,4,6,,6,3,3,3,5,,,237,,,57,22,9,cat11
174,30.10.2021 09:30,FootballFootballGERMANY: Bundesliga - Round 10,Eintracht Frankfurt,1,50,8,2,6,,4,2,3,2,5,1,,204,,,64,15,15,30.10.2021 09:30,FootballFootballGERMANY: Bundesliga - Round 10,RB Leipzig,0,50,7,2,5,,9,1,1,1,3,1,,213,,,54,25,22,cat12
175,30.10.2021 09:30,FootballFootballGERMANY: Bundesliga - Round 10,Eintracht Frankfurt,0,48,4,1,3,,8,3,0,4,6,,,232,,,47,13,9,30.10.2021 09:30,FootballFootballGERMANY: Bundesliga - Round 10,RB Leipzig,1,52,8,5,3,,6,4,2,1,6,,,291,,,56,22,4,cat13
176,31.10.2021 07:30,FootballFootballGERMANY: Bundesliga - Round 10,Augsburg,3,37,7,6,1,,10,3,1,2,7,1,,134,,,46,20,9,31.10.2021 07:30,FootballFootballGERMANY: Bundesliga - Round 10,Stuttgart,0,63,6,2,4,,10,2,0,3,7,3,,326,,,82,17,11,cat14
177,31.10.2021 07:30,FootballFootballGERMANY: Bundesliga - Round 10,Augsburg,1,39,13,6,7,,3,4,1,0,8,2,,127,,,42,14,9,31.10.2021 07:30,FootballFootballGERMANY: Bundesliga - Round 10,Stuttgart,1,61,6,1,5,,7,3,0,5,5,1,,258,,,52,19,13,cat15
178,31.10.2021 09:30,FootballFootballGERMANY: Bundesliga - Round 10,B. Monchengladbach,0,54,6,2,4,,11,5,2,2,4,1,,247,,,46,20,13,31.10.2021 09:30,FootballFootballGERMANY: Bundesliga - Round 10,Bochum,1,46,6,3,3,,5,1,1,2,9,1,,189,,,59,24,14,cat16
179,31.10.2021 09:30,FootballFootballGERMANY: Bundesliga - Round 10,B. Monchengladbach,2,64,8,3,5,,8,4,0,1,3,,,366,,,79,21,14,31.10.2021 09:30,FootballFootballGERMANY: Bundesliga - Round 10,Bochum,0,36,5,1,4,,3,0,2,1,6,,,127,,,30,12,11,cat17
180,05.11.2021 20:30,FootballFootballGERMANY: Bundesliga - Round 11,Mainz,1,50,14,6,8,,4,6,2,2,6,1,,229,,,62,25,11,05.11.2021 20:30,FootballFootballGERMANY: Bundesliga - Round 11,B. Monchengladbach,0,50,3,2,1,,9,0,0,5,4,2,,224,,,46,14,7,cat0
181,05.11.2021 20:30,FootballFootballGERMANY: Bundesliga - Round 11,Mainz,0,48,5,2,3,,3,3,0,2,9,2,,190,,,59,19,6,05.11.2021 20:30,FootballFootballGERMANY: Bundesliga - Round 11,B. Monchengladbach,1,52,8,3,5,,8,1,1,2,4,1,,250,,,51,16,7,cat1
182,06.11.2021 15:30,FootballFootballGERMANY: Bundesliga - Round 11,Wolfsburg,0,51,3,2,1,,11,0,0,1,10,2,,222,,,59,23,8,06.11.2021 15:30,FootballFootballGERMANY: Bundesliga - Round 11,Augsburg,0,49,10,1,9,,11,8,1,2,6,2,,196,,,53,25,10,cat2
183,06.11.2021 15:30,FootballFootballGERMANY: Bundesliga - Round 11,Wolfsburg,1,69,6,2,4,,4,0,2,2,4,0,,369,,,69,20,14,06.11.2021 15:30,FootballFootballGERMANY: Bundesliga - Round 11,Augsburg,0,31,3,2,1,,5,0,1,1,7,1,,144,,,24,9,8,cat3
184,06.11.2021 15:30,FootballFootballGERMANY: Bundesliga - Round 11,Stuttgart,0,64,3,1,2,,5,3,1,1,5,0,,332,,,84,26,20,06.11.2021 15:30,FootballFootballGERMANY: Bundesliga - Round 11,Arminia Bielefeld,0,36,12,1,11,,6,3,0,1,5,3,,144,,,49,36,9,cat4
185,06.11.2021 15:30,FootballFootballGERMANY: Bundesliga - Round 11,Stuttgart,0,60,6,3,3,,6,5,2,0,6,,,349,,,70,13,12,06.11.2021 15:30,FootballFootballGERMANY: Bundesliga - Round 11,Arminia Bielefeld,1,40,3,1,2,,7,1,1,3,6,,,202,,,62,12,9,cat5
186,06.11.2021 15:30,FootballFootballGERMANY: Bundesliga - Round 11,Bochum,2,40,10,4,6,,8,1,1,1,3,1,,137,,,47,16,13,06.11.2021 15:30,FootballFootballGERMANY: Bundesliga - Round 11,Hoffenheim,0,60,6,1,5,,5,4,0,2,8,3,,241,,,61,30,16,cat6
187,06.11.2021 15:30,FootballFootballGERMANY: Bundesliga - Round 11,Bochum,0,42,4,0,4,,12,1,2,0,4,0,,174,,,47,9,6,06.11.2021 15:30,FootballFootballGERMANY: Bundesliga - Round 11,Hoffenheim,0,58,3,0,3,,6,0,1,0,12,2,,286,,,45,30,16,cat7
188,06.11.2021 15:30,FootballFootballGERMANY: Bundesliga - Round 11,Bayern Munich,1,61,17,4,13,,10,2,2,2,2,,,332,,,69,35,8,06.11.2021 15:30,FootballFootballGERMANY: Bundesliga - Round 11,Freiburg,1,39,9,3,6,,5,0,0,3,10,,,188,,,70,22,6,cat8
189,06.11.2021 15:30,FootballFootballGERMANY: Bundesliga - Round 11,Bayern Munich,1,63,12,7,5,,3,4,1,1,3,,,310,,,51,24,8,06.11.2021 15:30,FootballFootballGERMANY: Bundesliga - Round 11,Freiburg,0,37,5,1,4,,3,4,0,6,3,,,156,,,51,26,7,cat9
190,06.11.2021 18:30,FootballFootballGERMANY: Bundesliga - Round 11,RB Leipzig,1,48,9,4,5,,11,3,3,2,7,2,,188,,,52,24,10,06.11.2021 18:30,FootballFootballGERMANY: Bundesliga - Round 11,Dortmund,1,52,7,3,4,,12,3,2,3,9,2,,216,,,58,29,7,cat10
191,06.11.2021 18:30,FootballFootballGERMANY: Bundesliga - Round 11,RB Leipzig,1,56,6,3,3,,9,2,1,0,5,1,,305,,,72,21,10,06.11.2021 18:30,FootballFootballGERMANY: Bundesliga - Round 11,Dortmund,0,44,2,0,2,,5,3,0,2,9,3,,200,,,45,7,7,cat11
192,07.11.2021 15:30,FootballFootballGERMANY: Bundesliga - Round 11,Hertha Berlin,0,38,8,0,8,,10,2,1,1,8,1,,171,,,49,23,15,07.11.2021 15:30,FootballFootballGERMANY: Bundesliga - Round 11,Bayer Leverkusen,1,62,5,2,3,,9,4,2,0,7,2,,221,,,57,20,17,cat12
193,07.11.2021 15:30,FootballFootballGERMANY: Bundesliga - Round 11,Hertha Berlin,1,50,7,5,2,,7,2,2,1,5,0,,209,,,37,7,7,07.11.2021 15:30,FootballFootballGERMANY: Bundesliga - Round 11,Bayer Leverkusen,0,50,3,1,2,,7,2,2,4,5,1,,230,,,55,16,10,cat13
194,07.11.2021 17:30,FootballFootballGERMANY: Bundesliga - Round 11,FC Koln,1,64,7,3,4,,8,3,0,1,4,1,,294,,,63,24,23,07.11.2021 17:30,FootballFootballGERMANY: Bundesliga - Round 11,Union Berlin,0,36,2,1,1,,4,0,0,2,8,0,,111,,,61,19,12,cat14
195,07.11.2021 17:30,FootballFootballGERMANY: Bundesliga - Round 11,FC Koln,1,68,9,2,7,,11,2,0,0,4,1,,256,,,41,16,9,07.11.2021 17:30,FootballFootballGERMANY: Bundesliga - Round 11,Union Berlin,2,32,7,2,5,,4,2,0,1,11,2,,98,,,30,11,11,cat15
196,07.11.2021 19:30,FootballFootballGERMANY: Bundesliga - Round 11,Greuther Furth,1,51,13,2,11,,10,2,0,1,8,3,,168,,,60,29,16,07.11.2021 19:30,FootballFootballGERMANY: Bundesliga - Round 11,Eintracht Frankfurt,2,49,12,3,9,,8,3,1,1,9,1,,178,,,39,21,13,cat16
197,07.11.2021 19:30,FootballFootballGERMANY: Bundesliga - Round 11,Greuther Furth,0,63,7,0,7,,8,4,1,1,4,1,,247,,,60,23,10,07.11.2021 19:30,FootballFootballGERMANY: Bundesliga - Round 11,Eintracht Frankfurt,0,37,2,1,1,,5,0,1,0,8,0,,164,,,40,11,13,cat17
198,19.11.2021 20:30,FootballFootballGERMANY: Bundesliga - Round 12,Augsburg,0,30,0,0,0,,4,0,1,2,8,1,,72,,,29,6,12,19.11.2021 20:30,FootballFootballGERMANY: Bundesliga - Round 12,Bayern Munich,0,70,11,2,9,,9,6,1,0,3,0,,381,,,109,43,13,cat0
199,19.11.2021 20:30,FootballFootballGERMANY: Bundesliga - Round 12,Augsburg,2,32,6,3,3,,7,1,0,1,10,1,,100,,,25,16,9,19.11.2021 20:30,FootballFootballGERMANY: Bundesliga - Round 12,Bayern Munich,1,68,7,2,5,,10,4,1,1,6,1,,395,,,98,37,14,cat1
200,20.11.2021 15:30,FootballFootballGERMANY: Bundesliga - Round 12,Hoffenheim,1,50,17,4,13,,11,3,3,0,9,1,,191,,,44,33,17,20.11.2021 15:30,FootballFootballGERMANY: Bundesliga - Round 12,RB Leipzig,0,50,4,0,4,,14,2,0,3,9,1,,246,,,60,23,15,cat2
201,20.11.2021 15:30,FootballFootballGERMANY: Bundesliga - Round 12,Hoffenheim,1,44,7,4,3,,10,4,1,0,8,1,,160,,,44,16,12,20.11.2021 15:30,FootballFootballGERMANY: Bundesliga - Round 12,RB Leipzig,0,56,0,0,0,,7,0,3,3,9,1,,261,,,52,24,12,cat3
202,20.11.2021 15:30,FootballFootballGERMANY: Bundesliga - Round 12,Dortmund,2,58,13,5,8,,8,0,0,0,7,0,,282,,,53,33,8,20.11.2021 15:30,FootballFootballGERMANY: Bundesliga - Round 12,Stuttgart,1,42,7,1,6,,7,2,1,3,6,1,,229,,,45,15,6,cat4
203,20.11.2021 15:30,FootballFootballGERMANY: Bundesliga - Round 12,Dortmund,0,66,7,0,7,,7,2,0,3,4,0,,396,,,76,40,11,20.11.2021 15:30,FootballFootballGERMANY: Bundesliga - Round 12,Stuttgart,0,34,5,3,2,,4,1,0,0,8,1,,179,,,36,13,6,cat5
204,20.11.2021 15:30,FootballFootballGERMANY: Bundesliga - Round 12,Bayer Leverkusen,0,54,5,3,2,,8,3,1,4,6,2,,222,,,57,25,15,20.11.2021 15:30,FootballFootballGERMANY: Bundesliga - Round 12,Bochum,0,46,9,4,5,,9,5,0,3,8,2,,194,,,48,22,6,cat6
205,20.11.2021 15:30,FootballFootballGERMANY: Bundesliga - Round 12,Bayer Leverkusen,1,56,6,2,4,,6,4,1,3,4,1,,246,,,63,23,10,20.11.2021 15:30,FootballFootballGERMANY: Bundesliga - Round 12,Bochum,0,44,10,3,7,,3,2,1,1,5,0,,175,,,51,10,10,cat7
206,20.11.2021 15:30,FootballFootballGERMANY: Bundesliga - Round 12,B. Monchengladbach,1,60,9,5,4,,10,3,1,1,5,1,,220,,,57,33,13,20.11.2021 15:30,FootballFootballGERMANY: Bundesliga - Round 12,Greuther Furth,0,40,1,1,0,,6,5,1,4,10,2,,121,,,37,15,4,cat8
207,20.11.2021 15:30,FootballFootballGERMANY: Bundesliga - Round 12,B. Monchengladbach,3,50,10,6,4,,4,4,1,1,6,0,,244,,,39,14,14,20.11.2021 15:30,FootballFootballGERMANY: Bundesliga - Round 12,Greuther Furth,0,50,3,1,2,,7,2,1,3,3,1,,219,,,69,26,7,cat9
208,20.11.2021 15:30,FootballFootballGERMANY: Bundesliga - Round 12,Arminia Bielefeld,1,40,5,2,3,,5,3,1,2,9,3,,135,,,49,21,5,20.11.2021 15:30,FootballFootballGERMANY: Bundesliga - Round 12,Wolfsburg,2,60,7,4,3,,10,4,1,1,5,0,,255,,,67,26,7,cat10
209,20.11.2021 15:30,FootballFootballGERMANY: Bundesliga - Round 12,Arminia Bielefeld,1,42,5,1,4,,5,3,0,1,6,1,,167,,,53,30,12,20.11.2021 15:30,FootballFootballGERMANY: Bundesliga - Round 12,Wolfsburg,0,58,6,1,5,,6,1,1,0,4,1,,260,,,73,13,15,cat11
210,20.11.2021 18:30,FootballFootballGERMANY: Bundesliga - Round 12,Union Berlin,0,50,9,1,8,,9,4,2,3,7,1,,195,,,51,12,9,20.11.2021 18:30,FootballFootballGERMANY: Bundesliga - Round 12,Hertha Berlin,0,50,5,3,2,,11,5,1,1,7,0,,211,,,82,35,14,cat12
211,20.11.2021 18:30,FootballFootballGERMANY: Bundesliga - Round 12,Union Berlin,2,40,7,4,3,,7,3,2,0,10,0,,152,,,40,20,6,20.11.2021 18:30,FootballFootballGERMANY: Bundesliga - Round 12,Hertha Berlin,0,60,1,0,1,,12,1,2,2,6,1,,251,,,58,28,20,cat13
212,21.11.2021 15:30,FootballFootballGERMANY: Bundesliga - Round 12,Freiburg,0,64,14,2,12,,10,7,0,2,6,0,,313,,,84,55,12,21.11.2021 15:30,FootballFootballGERMANY: Bundesliga - Round 12,Eintracht Frankfurt,0,36,6,2,4,,8,1,1,2,9,4,,128,,,30,12,7,cat14
213,21.11.2021 15:30,FootballFootballGERMANY: Bundesliga - Round 12,Freiburg,0,52,6,4,2,,9,3,1,3,4,,,252,,,43,34,8,21.11.2021 15:30,FootballFootballGERMANY: Bundesliga - Round 12,Eintracht Frankfurt,2,48,7,5,2,,4,3,2,4,7,,,221,,,54,10,8,cat15
214,21.11.2021 17:30,FootballFootballGERMANY: Bundesliga - Round 12,Mainz,0,48,5,1,4,,7,3,2,0,12,1,,168,,,62,17,18,21.11.2021 17:30,FootballFootballGERMANY: Bundesliga - Round 12,FC Koln,1,52,1,1,0,,15,3,1,1,5,1,,240,,,57,13,13,cat16
215,21.11.2021 17:30,FootballFootballGERMANY: Bundesliga - Round 12,Mainz,1,40,6,1,5,,2,2,1,4,6,1,,151,,,44,16,8,21.11.2021 17:30,FootballFootballGERMANY: Bundesliga - Round 12,FC Koln,0,60,10,4,6,,6,4,0,0,2,0,,243,,,53,24,12,cat17
216,26.11.2021 20:30,FootballFootballGERMANY: Bundesliga - Round 13,Stuttgart,1,42,3,1,2,,6,2,0,3,3,1,,170,,,36,11,14,26.11.2021 20:30,FootballFootballGERMANY: Bundesliga - Round 13,Mainz,0,58,10,3,7,,3,3,0,0,7,1,,315,,,79,39,18,cat18
217,26.11.2021 20:30,FootballFootballGERMANY: Bundesliga - Round 13,Stuttgart,1,58,5,2,3,,9,3,0,1,4,1,,246,,,49,16,8,26.11.2021 20:30,FootballFootballGERMANY: Bundesliga - Round 13,Mainz,1,42,8,2,6,,4,3,0,1,10,1,,191,,,48,17,19,cat19
218,27.11.2021 15:30,FootballFootballGERMANY: Bundesliga - Round 13,Wolfsburg,0,49,11,5,6,,3,4,1,3,4,0,,213,,,54,35,11,27.11.2021 15:30,FootballFootballGERMANY: Bundesliga - Round 13,Dortmund,2,51,8,5,3,,5,3,1,5,4,1,,271,,,62,21,5,cat20
219,27.11.2021 15:30,FootballFootballGERMANY: Bundesliga - Round 13,Wolfsburg,1,39,5,3,2,,6,3,0,2,5,4,,160,,,43,12,10,27.11.2021 15:30,FootballFootballGERMANY: Bundesliga - Round 13,Dortmund,1,61,8,3,5,,3,4,1,2,7,0,,295,,,64,33,8,cat21
220,27.11.2021 15:30,FootballFootballGERMANY: Bundesliga - Round 13,Hertha Berlin,0,40,5,1,4,,9,4,3,3,6,1,,144,,,43,25,12,27.11.2021 15:30,FootballFootballGERMANY: Bundesliga - Round 13,Augsburg,1,60,11,4,7,,7,4,2,1,7,2,,224,,,58,22,10,cat22
221,27.11.2021 15:30,FootballFootballGERMANY: Bundesliga - Round 13,Hertha Berlin,1,55,5,3,2,,6,1,0,3,5,1,,224,,,55,21,21,27.11.2021 15:30,FootballFootballGERMANY: Bundesliga - Round 13,Augsburg,0,45,9,3,6,,3,2,1,2,7,1,,131,,,48,23,9,cat23
222,27.11.2021 15:30,FootballFootballGERMANY: Bundesliga - Round 13,Greuther Furth,2,52,9,5,4,,8,2,1,1,8,1,,234,,,50,17,4,27.11.2021 15:30,FootballFootballGERMANY: Bundesliga - Round 13,Hoffenheim,4,48,11,5,6,,9,5,1,3,7,0,,243,,,38,13,10,cat24
223,27.11.2021 15:30,FootballFootballGERMANY: Bundesliga - Round 13,Greuther Furth,1,52,5,2,3,,9,2,5,4,9,,,146,,,52,13,9,27.11.2021 15:30,FootballFootballGERMANY: Bundesliga - Round 13,Hoffenheim,2,48,9,6,3,,13,5,0,1,10,,,159,,,42,14,13,cat25
224,27.11.2021 15:30,FootballFootballGERMANY: Bundesliga - Round 13,FC Koln,4,48,6,5,1,,10,0,3,2,8,1,,179,,,47,20,7,27.11.2021 15:30,FootballFootballGERMANY: Bundesliga - Round 13,B. Monchengladbach,1,52,8,3,5,,10,2,5,1,6,3,,203,,,53,19,10,cat26
225,27.11.2021 15:30,FootballFootballGERMANY: Bundesliga - Round 13,FC Koln,0,44,9,4,5,,4,4,2,2,7,,,195,,,52,29,9,27.11.2021 15:30,FootballFootballGERMANY: Bundesliga - Round 13,B. Monchengladbach,0,56,7,2,5,,8,2,0,4,5,,,223,,,54,5,14,cat27
226,27.11.2021 15:30,FootballFootballGERMANY: Bundesliga - Round 13,Bochum,2,45,6,4,2,,10,3,2,6,6,1,,129,,,34,14,12,27.11.2021 15:30,FootballFootballGERMANY: Bundesliga - Round 13,Freiburg,1,55,14,7,7,,7,5,0,2,11,1,,178,,,61,27,14,cat28
227,27.11.2021 15:30,FootballFootballGERMANY: Bundesliga - Round 13,Bochum,0,48,7,1,6,,3,1,1,4,6,1,,170,,,40,21,7,27.11.2021 15:30,FootballFootballGERMANY: Bundesliga - Round 13,Freiburg,0,52,8,4,4,,7,2,1,1,2,0,,250,,,52,33,8,cat29
228,27.11.2021 18:30,FootballFootballGERMANY: Bundesliga - Round 13,Bayern Munich,1,68,10,2,8,,3,4,1,0,4,1,,321,,,84,31,1,27.11.2021 18:30,FootballFootballGERMANY: Bundesliga - Round 13,Arminia Bielefeld,0,32,3,0,3,,3,2,1,1,7,1,,117,,,38,12,5,cat30
229,27.11.2021 18:30,FootballFootballGERMANY: Bundesliga - Round 13,Bayern Munich,0,72,13,7,6,,9,9,1,0,4,,,375,,,95,52,12,27.11.2021 18:30,FootballFootballGERMANY: Bundesliga - Round 13,Arminia Bielefeld,0,28,5,0,5,,6,2,2,7,6,,,114,,,28,3,5,cat31
230,28.11.2021 15:30,FootballFootballGERMANY: Bundesliga - Round 13,Eintracht Frankfurt,1,50,10,3,7,,5,4,0,2,2,0,,212,,,68,44,14,28.11.2021 15:30,FootballFootballGERMANY: Bundesliga - Round 13,Union Berlin,1,50,3,3,0,,1,0,1,2,4,3,,229,,,63,7,7,cat32
231,28.11.2021 15:30,FootballFootballGERMANY: Bundesliga - Round 13,Eintracht Frankfurt,1,61,7,1,6,,2,3,1,1,2,0,,274,,,71,26,18,28.11.2021 15:30,FootballFootballGERMANY: Bundesliga - Round 13,Union Berlin,0,39,4,1,3,,3,2,0,0,3,1,,206,,,53,10,3,cat33
232,28.11.2021 17:30,FootballFootballGERMANY: Bundesliga - Round 13,RB Leipzig,1,65,10,3,7,,6,3,2,1,2,0,,348,,,92,41,9,28.11.2021 17:30,FootballFootballGERMANY: Bundesliga - Round 13,Bayer Leverkusen,1,35,7,2,5,,5,2,2,2,5,2,,168,,,26,16,10,cat34
233,28.11.2021 17:30,FootballFootballGERMANY: Bundesliga - Round 13,RB Leipzig,0,49,4,0,4,,7,4,0,0,8,1,,227,,,71,23,10,28.11.2021 17:30,FootballFootballGERMANY: Bundesliga - Round 13,Bayer Leverkusen,2,51,4,2,2,,7,0,3,0,4,1,,224,,,33,9,11,cat35
234,03.12.2021 20:30,FootballFootballGERMANY: Bundesliga - Round 14,Union Berlin,1,37,9,3,6,,4,3,2,0,7,1,,133,,,52,18,10,03.12.2021 20:30,FootballFootballGERMANY: Bundesliga - Round 14,RB Leipzig,0,63,6,0,6,,8,4,0,2,5,1,,306,,,75,32,11,cat36
235,03.12.2021 20:30,FootballFootballGERMANY: Bundesliga - Round 14,Union Berlin,1,50,5,2,3,,4,2,1,1,5,,,164,,,61,28,14,03.12.2021 20:30,FootballFootballGERMANY: Bundesliga - Round 14,RB Leipzig,1,50,5,2,3,,6,3,1,1,3,,,213,,,44,32,19,cat37
236,04.12.2021 15:30,FootballFootballGERMANY: Bundesliga - Round 14,Mainz,1,41,3,1,2,,6,0,2,0,9,1,,106,,,44,24,16,04.12.2021 15:30,FootballFootballGERMANY: Bundesliga - Round 14,Wolfsburg,0,59,8,0,8,,11,3,0,0,6,1,,194,,,38,32,16,cat38
237,04.12.2021 15:30,FootballFootballGERMANY: Bundesliga - Round 14,Mainz,2,47,9,4,5,,4,6,1,0,9,,,158,,,52,25,17,04.12.2021 15:30,FootballFootballGERMANY: Bundesliga - Round 14,Wolfsburg,0,53,8,0,8,,9,2,1,2,4,,,198,,,52,14,10,cat39
238,04.12.2021 15:30,FootballFootballGERMANY: Bundesliga - Round 14,Hoffenheim,1,40,3,1,2,,5,2,0,0,4,0,,177,,,58,34,16,04.12.2021 15:30,FootballFootballGERMANY: Bundesliga - Round 14,Eintracht Frankfurt,1,60,12,1,11,,4,5,2,0,3,1,,276,,,53,31,7,cat40
239,04.12.2021 15:30,FootballFootballGERMANY: Bundesliga - Round 14,Hoffenheim,2,58,5,3,2,,5,2,0,0,5,2,,296,,,53,15,13,04.12.2021 15:30,FootballFootballGERMANY: Bundesliga - Round 14,Eintracht Frankfurt,1,42,5,1,4,,4,1,0,1,9,1,,209,,,45,4,12,cat41
240,04.12.2021 15:30,FootballFootballGERMANY: Bundesliga - Round 14,Bayer Leverkusen,4,60,10,5,5,,4,4,1,0,5,,,268,,,54,20,10,04.12.2021 15:30,FootballFootballGERMANY: Bundesliga - Round 14,Greuther Furth,0,40,3,0,3,,6,1,1,1,3,,,145,,,35,15,6,cat42
241,04.12.2021 15:30,FootballFootballGERMANY: Bundesliga - Round 14,Bayer Leverkusen,3,56,3,3,0,,5,0,2,2,8,0,,257,,,59,8,13,04.12.2021 15:30,FootballFootballGERMANY: Bundesliga - Round 14,Greuther Furth,1,44,5,3,2,,9,2,2,0,5,1,,195,,,49,18,11,cat43
242,04.12.2021 15:30,FootballFootballGERMANY: Bundesliga - Round 14,Augsburg,2,54,12,5,7,,5,9,2,2,6,0,,206,,,69,39,18,04.12.2021 15:30,FootballFootballGERMANY: Bundesliga - Round 14,Bochum,0,46,3,2,1,,8,1,2,3,4,1,,166,,,51,17,14,cat44
243,04.12.2021 15:30,FootballFootballGERMANY: Bundesliga - Round 14,Augsburg,0,48,4,2,2,,4,4,1,1,3,0,,187,,,60,27,9,04.12.2021 15:30,FootballFootballGERMANY: Bundesliga - Round 14,Bochum,3,52,9,4,5,,4,5,2,2,2,1,,203,,,40,17,13,cat45
244,04.12.2021 15:30,FootballFootballGERMANY: Bundesliga - Round 14,Arminia Bielefeld,1,45,8,2,6,,8,2,2,1,11,,,168,,,57,30,20,04.12.2021 15:30,FootballFootballGERMANY: Bundesliga - Round 14,FC Koln,0,55,4,1,3,,13,1,1,1,7,,,210,,,40,13,7,cat46
245,04.12.2021 15:30,FootballFootballGERMANY: Bundesliga - Round 14,Arminia Bielefeld,0,38,10,3,7,,4,5,0,1,3,1,,184,,,71,27,13,04.12.2021 15:30,FootballFootballGERMANY: Bundesliga - Round 14,FC Koln,1,62,5,2,3,,3,0,1,3,3,1,,261,,,45,19,18,cat47
246,04.12.2021 18:30,FootballFootballGERMANY: Bundesliga - Round 14,Dortmund,1,53,6,3,3,,3,2,0,2,6,2,,234,,,57,32,7,04.12.2021 18:30,FootballFootballGERMANY: Bundesliga - Round 14,Bayern Munich,1,47,5,3,2,,3,2,1,2,7,2,,206,,,54,28,4,cat48
247,04.12.2021 18:30,FootballFootballGERMANY: Bundesliga - Round 14,Dortmund,1,43,5,1,4,,2,2,3,1,4,,,206,,,29,14,9,04.12.2021 18:30,FootballFootballGERMANY: Bundesliga - Round 14,Bayern Munich,2,57,11,3,8,,6,4,0,0,3,,,296,,,38,24,11,cat49
248,05.12.2021 15:30,FootballFootballGERMANY: Bundesliga - Round 14,Stuttgart,0,58,5,0,5,,10,5,2,4,4,0,,253,,,65,38,10,05.12.2021 15:30,FootballFootballGERMANY: Bundesliga - Round 14,Hertha Berlin,1,42,9,5,4,,5,4,0,0,10,1,,216,,,56,18,7,cat50
249,05.12.2021 15:30,FootballFootballGERMANY: Bundesliga - Round 14,Stuttgart,2,56,5,3,2,,7,2,3,2,5,,,276,,,46,15,13,05.12.2021 15:30,FootballFootballGERMANY: Bundesliga - Round 14,Hertha Berlin,1,44,6,3,3,,8,1,1,1,6,,,227,,,61,20,9,cat51
250,05.12.2021 17:30,FootballFootballGERMANY: Bundesliga - Round 14,B. Monchengladbach,0,66,10,0,10,,7,1,1,0,5,,,294,,,63,26,15,05.12.2021 17:30,FootballFootballGERMANY: Bundesliga - Round 14,Freiburg,0,34,6,0,6,,6,2,2,0,6,,,119,,,46,13,10,cat52
251,05.12.2021 17:30,FootballFootballGERMANY: Bundesliga - Round 14,B. Monchengladbach,0,58,9,3,6,,10,2,1,1,7,2,,244,,,55,20,11,05.12.2021 17:30,FootballFootballGERMANY: Bundesliga - Round 14,Freiburg,6,42,8,7,1,,7,1,1,3,9,1,,165,,,50,20,3,cat53
252,10.12.2021 20:30,FootballFootballGERMANY: Bundesliga - Round 15,FC Koln,0,63,10,4,6,,6,6,2,1,6,2,,214,,,62,40,10,10.12.2021 20:30,FootballFootballGERMANY: Bundesliga - Round 15,Augsburg,2,37,5,3,2,,8,3,0,4,9,2,,102,,,33,14,12,cat54
253,10.12.2021 20:30,FootballFootballGERMANY: Bundesliga - Round 15,FC Koln,0,59,4,0,4,,5,3,0,1,6,0,,232,,,64,30,13,10.12.2021 20:30,FootballFootballGERMANY: Bundesliga - Round 15,Augsburg,0,41,7,1,6,,6,1,2,0,6,2,,125,,,42,19,15,cat55
254,11.12.2021 15:30,FootballFootballGERMANY: Bundesliga - Round 15,RB Leipzig,2,51,7,3,4,,9,4,2,3,11,3,,236,,,45,21,4,11.12.2021 15:30,FootballFootballGERMANY: Bundesliga - Round 15,B. Monchengladbach,1,49,6,4,2,,14,0,3,1,6,0,,222,,,68,16,10,cat56
255,11.12.2021 15:30,FootballFootballGERMANY: Bundesliga - Round 15,RB Leipzig,2,53,12,7,5,,9,2,1,0,9,0,,230,,,47,18,4,11.12.2021 15:30,FootballFootballGERMANY: Bundesliga - Round 15,B. Monchengladbach,0,47,6,0,6,,8,0,2,5,9,2,,178,,,45,15,6,cat57
256,11.12.2021 15:30,FootballFootballGERMANY: Bundesliga - Round 15,Hertha Berlin,2,51,10,4,6,,10,0,1,1,4,0,,217,,,52,22,14,11.12.2021 15:30,FootballFootballGERMANY: Bundesliga - Round 15,Arminia Bielefeld,0,49,5,1,4,,5,3,2,2,8,1,,177,,,56,23,15,cat58
257,11.12.2021 15:30,FootballFootballGERMANY: Bundesliga - Round 15,Hertha Berlin,0,58,8,5,3,,8,6,4,0,6,1,,259,,,55,25,12,11.12.2021 15:30,FootballFootballGERMANY: Bundesliga - Round 15,Arminia Bielefeld,0,42,4,0,4,,8,1,1,5,7,0,,124,,,51,23,14,cat59
258,11.12.2021 15:30,FootballFootballGERMANY: Bundesliga - Round 15,Freiburg,0,45,7,2,5,,5,2,2,5,9,3,,178,,,58,17,13,11.12.2021 15:30,FootballFootballGERMANY: Bundesliga - Round 15,Hoffenheim,1,55,9,6,3,,7,4,0,2,7,2,,247,,,62,16,8,cat60
259,11.12.2021 15:30,FootballFootballGERMANY: Bundesliga - Round 15,Freiburg,1,45,7,4,3,,0,4,2,1,4,1,,183,,,36,29,13,11.12.2021 15:30,FootballFootballGERMANY: Bundesliga - Round 15,Hoffenheim,1,55,5,2,3,,5,3,0,3,2,1,,237,,,43,25,16,cat61
260,11.12.2021 15:30,FootballFootballGERMANY: Bundesliga - Round 15,Bochum,0,33,1,1,0,,10,0,1,4,5,0,,91,,,37,12,9,11.12.2021 15:30,FootballFootballGERMANY: Bundesliga - Round 15,Dortmund,1,67,18,5,13,,5,9,2,1,9,3,,307,,,75,51,14,cat62
261,11.12.2021 15:30,FootballFootballGERMANY: Bundesliga - Round 15,Bochum,1,43,3,2,1,,9,0,2,3,3,,,172,,,47,9,14,11.12.2021 15:30,FootballFootballGERMANY: Bundesliga - Round 15,Dortmund,0,57,5,3,2,,5,6,1,1,9,,,265,,,58,29,7,cat63
262,11.12.2021 15:30,FootballFootballGERMANY: Bundesliga - Round 15,Bayern Munich,2,64,8,5,3,,4,1,1,0,3,1,,343,,,91,27,15,11.12.2021 15:30,FootballFootballGERMANY: Bundesliga - Round 15,Mainz,0,36,2,0,2,,5,0,0,3,4,3,,188,,,47,15,12,cat64
263,11.12.2021 15:30,FootballFootballGERMANY: Bundesliga - Round 15,Bayern Munich,0,66,13,2,11,,8,6,0,3,6,2,,331,,,61,51,7,11.12.2021 15:30,FootballFootballGERMANY: Bundesliga - Round 15,Mainz,1,34,7,4,3,,6,2,3,2,6,0,,177,,,51,20,10,cat65
264,11.12.2021 18:30,FootballFootballGERMANY: Bundesliga - Round 15,Wolfsburg,0,53,13,2,11,,3,3,0,1,11,1,,215,,,78,30,15,11.12.2021 18:30,FootballFootballGERMANY: Bundesliga - Round 15,Stuttgart,1,47,7,2,5,,8,0,0,2,3,1,,192,,,45,11,7,cat66
265,11.12.2021 18:30,FootballFootballGERMANY: Bundesliga - Round 15,Wolfsburg,0,51,6,1,5,,4,2,0,0,6,1,,196,,,51,25,15,11.12.2021 18:30,FootballFootballGERMANY: Bundesliga - Round 15,Stuttgart,1,49,5,1,4,,6,3,0,1,6,1,,184,,,47,16,11,cat67
266,12.12.2021 15:30,FootballFootballGERMANY: Bundesliga - Round 15,Greuther Furth,1,32,2,1,1,,3,2,0,2,6,2,,95,,,43,8,11,12.12.2021 15:30,FootballFootballGERMANY: Bundesliga - Round 15,Union Berlin,0,68,11,2,9,,6,4,1,0,2,0,,315,,,84,36,18,cat68
267,12.12.2021 15:30,FootballFootballGERMANY: Bundesliga - Round 15,Greuther Furth,0,49,3,2,1,,4,1,2,2,6,1,,228,,,66,8,9,12.12.2021 15:30,FootballFootballGERMANY: Bundesliga - Round 15,Union Berlin,0,51,3,2,1,,8,3,0,2,4,0,,238,,,60,22,15,cat69
268,12.12.2021 17:30,FootballFootballGERMANY: Bundesliga - Round 15,Eintracht Frankfurt,3,41,11,5,6,,3,4,2,2,2,0,,154,,,51,24,6,12.12.2021 17:30,FootballFootballGERMANY: Bundesliga - Round 15,Bayer Leverkusen,0,59,7,2,5,,3,3,0,2,3,3,,312,,,61,27,17,cat70
269,12.12.2021 17:30,FootballFootballGERMANY: Bundesliga - Round 15,Eintracht Frankfurt,2,57,4,2,2,,7,3,0,0,9,,,231,,,49,21,11,12.12.2021 17:30,FootballFootballGERMANY: Bundesliga - Round 15,Bayer Leverkusen,2,43,4,2,2,,8,1,0,0,8,,,204,,,33,4,14,cat71
270,14.12.2021 18:30,FootballFootballGERMANY: Bundesliga - Round 16,Stuttgart,0,50,9,1,8,,3,1,3,3,5,1,,281,,,63,28,6,14.12.2021 18:30,FootballFootballGERMANY: Bundesliga - Round 16,Bayern Munich,4,50,13,7,6,,8,0,0,1,4,1,,262,,,54,15,6,cat0
271,14.12.2021 18:30,FootballFootballGERMANY: Bundesliga - Round 16,Stuttgart,0,39,4,0,4,,3,0,2,4,2,,,237,,,31,15,11,14.12.2021 18:30,FootballFootballGERMANY: Bundesliga - Round 16,Bayern Munich,1,61,12,5,7,,4,3,0,0,3,,,378,,,75,26,12,cat1
272,14.12.2021 20:30,FootballFootballGERMANY: Bundesliga - Round 16,Wolfsburg,1,42,9,3,6,,5,4,5,0,10,2,,117,,,41,12,9,14.12.2021 20:30,FootballFootballGERMANY: Bundesliga - Round 16,FC Koln,2,58,9,2,7,,14,1,1,2,6,2,,191,,,60,20,9,cat2
273,14.12.2021 20:30,FootballFootballGERMANY: Bundesliga - Round 16,Wolfsburg,1,40,10,2,8,,2,5,2,3,8,1,,138,,,45,18,11,14.12.2021 20:30,FootballFootballGERMANY: Bundesliga - Round 16,FC Koln,1,60,10,4,6,,8,4,0,1,3,0,,220,,,58,14,10,cat3
274,14.12.2021 20:30,FootballFootballGERMANY: Bundesliga - Round 16,Mainz,2,61,13,7,6,,4,3,0,0,4,0,,237,,,74,35,21,14.12.2021 20:30,FootballFootballGERMANY: Bundesliga - Round 16,Hertha Berlin,0,39,3,0,3,,5,1,0,5,8,1,,119,,,19,9,5,cat4
275,14.12.2021 20:30,FootballFootballGERMANY: Bundesliga - Round 16,Mainz,2,67,8,4,4,,6,1,0,1,6,0,,327,,,101,33,11,14.12.2021 20:30,FootballFootballGERMANY: Bundesliga - Round 16,Hertha Berlin,0,33,4,1,3,,5,0,2,2,6,1,,165,,,32,3,16,cat5
276,14.12.2021 20:30,FootballFootballGERMANY: Bundesliga - Round 16,Arminia Bielefeld,2,51,6,2,4,,5,3,1,2,8,2,,151,,,60,22,15,14.12.2021 20:30,FootballFootballGERMANY: Bundesliga - Round 16,Bochum,0,49,3,2,1,,7,1,0,0,5,0,,171,,,63,16,25,cat6
277,14.12.2021 20:30,FootballFootballGERMANY: Bundesliga - Round 16,Arminia Bielefeld,0,53,7,2,5,,4,3,0,1,5,0,,199,,,56,22,15,14.12.2021 20:30,FootballFootballGERMANY: Bundesliga - Round 16,Bochum,0,47,2,1,1,,4,1,0,2,4,2,,151,,,40,20,10,cat7
278,15.12.2021 18:30,FootballFootballGERMANY: Bundesliga - Round 16,B. Monchengladbach,1,60,14,5,9,,11,6,0,2,5,1,0,243,,,57,32,6,15.12.2021 18:30,FootballFootballGERMANY: Bundesliga - Round 16,Eintracht Frankfurt,2,40,9,4,5,,6,0,0,4,12,3,1,110,,,36,13,11,cat0
279,15.12.2021 18:30,FootballFootballGERMANY: Bundesliga - Round 16,B. Monchengladbach,1,48,5,3,2,,8,1,2,0,3,1,,239,,,43,5,12,15.12.2021 18:30,FootballFootballGERMANY: Bundesliga - Round 16,Eintracht Frankfurt,1,52,3,1,2,,5,1,1,2,7,2,,226,,,63,21,17,cat1
280,15.12.2021 20:30,FootballFootballGERMANY: Bundesliga - Round 16,Union Berlin,0,41,12,3,9,,8,3,1,1,6,1,,188,,,54,16,17,15.12.2021 20:30,FootballFootballGERMANY: Bundesliga - Round 16,Freiburg,0,59,4,1,3,,6,2,0,3,8,0,,146,,,42,21,10,cat2
281,15.12.2021 20:30,FootballFootballGERMANY: Bundesliga - Round 16,Union Berlin,0,49,6,2,4,,4,1,1,1,4,0,,275,,,43,18,16,15.12.2021 20:30,FootballFootballGERMANY: Bundesliga - Round 16,Freiburg,0,51,4,1,3,,5,1,2,2,4,1,,238,,,46,21,4,cat3
282,15.12.2021 20:30,FootballFootballGERMANY: Bundesliga - Round 16,Dortmund,2,60,5,2,3,,10,4,1,0,7,,,324,,,62,27,7,15.12.2021 20:30,FootballFootballGERMANY: Bundesliga - Round 16,Greuther Furth,0,40,3,0,3,,8,5,5,0,5,,,146,,,36,17,6,cat4
283,15.12.2021 20:30,FootballFootballGERMANY: Bundesliga - Round 16,Dortmund,1,74,7,3,4,,3,1,1,1,3,2,,329,,,79,22,21,15.12.2021 20:30,FootballFootballGERMANY: Bundesliga - Round 16,Greuther Furth,0,26,4,1,3,,3,3,0,2,5,2,,143,,,35,14,7,cat5
284,15.12.2021 20:30,FootballFootballGERMANY: Bundesliga - Round 16,Bayer Leverkusen,1,25,6,5,1,,5,2,3,3,8,4,1,204,,,30,15,6,15.12.2021 20:30,FootballFootballGERMANY: Bundesliga - Round 16,Hoffenheim,2,75,13,5,8,,12,2,2,4,3,1,0,290,,,76,45,8,cat6
285,15.12.2021 20:30,FootballFootballGERMANY: Bundesliga - Round 16,Bayer Leverkusen,1,55,11,4,7,,4,4,3,1,6,1,,231,,,57,19,12,15.12.2021 20:30,FootballFootballGERMANY: Bundesliga - Round 16,Hoffenheim,0,45,4,1,3,,9,1,1,3,3,2,,224,,,55,22,13,cat7
286,15.12.2021 20:30,FootballFootballGERMANY: Bundesliga - Round 16,Augsburg,1,49,8,2,6,,6,5,3,2,4,1,,120,,,32,19,12,15.12.2021 20:30,FootballFootballGERMANY: Bundesliga - Round 16,RB Leipzig,0,51,5,2,3,,7,8,1,1,4,0,,248,,,55,25,6,cat8
287,15.12.2021 20:30,FootballFootballGERMANY: Bundesliga - Round 16,Augsburg,0,27,1,0,1,,4,1,0,1,10,1,,138,,,37,14,6,15.12.2021 20:30,FootballFootballGERMANY: Bundesliga - Round 16,RB Leipzig,1,73,8,2,6,,9,0,1,0,3,0,,366,,,60,21,9,cat9
288,17.12.2021 20:30,FootballFootballGERMANY: Bundesliga - Round 17,Bayern Munich,3,61,15,5,10,,1,4,0,0,6,,,328,,,100,52,5,17.12.2021 20:30,FootballFootballGERMANY: Bundesliga - Round 17,Wolfsburg,0,39,3,0,3,,5,1,0,2,1,,,190,,,33,15,11,cat0
289,17.12.2021 20:30,FootballFootballGERMANY: Bundesliga - Round 17,Bayern Munich,1,61,9,4,5,,6,1,0,2,4,,,408,,,102,50,9,17.12.2021 20:30,FootballFootballGERMANY: Bundesliga - Round 17,Wolfsburg,0,39,4,2,2,,3,2,1,3,3,,,228,,,35,6,11,cat1
290,18.12.2021 15:30,FootballFootballGERMANY: Bundesliga - Round 17,RB Leipzig,0,72,9,4,5,,6,4,0,1,5,0,0,413,,,116,59,12,18.12.2021 15:30,FootballFootballGERMANY: Bundesliga - Round 17,Arminia Bielefeld,2,28,3,3,0,,5,0,0,4,8,1,1,95,,,21,5,4,cat2
291,18.12.2021 15:30,FootballFootballGERMANY: Bundesliga - Round 17,RB Leipzig,0,68,6,0,6,,9,6,0,1,1,0,,387,,,75,29,6,18.12.2021 15:30,FootballFootballGERMANY: Bundesliga - Round 17,Arminia Bielefeld,0,32,1,1,0,,1,1,2,0,8,1,,123,,,38,10,14,cat3
292,18.12.2021 15:30,FootballFootballGERMANY: Bundesliga - Round 17,Hoffenheim,1,62,13,4,9,,9,9,3,1,3,2,,272,,,69,42,11,18.12.2021 15:30,FootballFootballGERMANY: Bundesliga - Round 17,B. Monchengladbach,0,38,1,1,0,,6,1,2,3,7,2,,167,,,36,8,8,cat4
293,18.12.2021 15:30,FootballFootballGERMANY: Bundesliga - Round 17,Hoffenheim,0,60,8,4,4,,2,6,3,3,3,,,275,,,55,33,16,18.12.2021 15:30,FootballFootballGERMANY: Bundesliga - Round 17,B. Monchengladbach,1,40,10,4,6,,5,2,0,4,2,,,194,,,41,8,7,cat5
294,18.12.2021 15:30,FootballFootballGERMANY: Bundesliga - Round 17,Greuther Furth,0,52,2,1,1,,9,5,1,3,5,2,,145,,,51,25,12,18.12.2021 15:30,FootballFootballGERMANY: Bundesliga - Round 17,Augsburg,0,48,8,3,5,,6,1,0,1,8,2,,140,,,38,29,14,cat6
295,18.12.2021 15:30,FootballFootballGERMANY: Bundesliga - Round 17,Greuther Furth,0,46,2,0,2,,5,1,0,2,3,0,,166,,,55,24,22,18.12.2021 15:30,FootballFootballGERMANY: Bundesliga - Round 17,Augsburg,0,54,6,2,4,,3,4,1,0,5,1,,180,,,50,23,12,cat7
296,18.12.2021 15:30,FootballFootballGERMANY: Bundesliga - Round 17,Eintracht Frankfurt,0,51,5,1,4,,3,3,1,4,3,0,,206,,,64,30,13,18.12.2021 15:30,FootballFootballGERMANY: Bundesliga - Round 17,Mainz,0,49,8,4,4,,4,4,0,1,3,1,,257,,,85,30,14,cat8
297,18.12.2021 15:30,FootballFootballGERMANY: Bundesliga - Round 17,Eintracht Frankfurt,1,59,8,3,5,,10,5,0,1,8,,,258,,,62,20,3,18.12.2021 15:30,FootballFootballGERMANY: Bundesliga - Round 17,Mainz,0,41,3,1,2,,8,2,4,2,6,,,172,,,52,28,18,cat9
298,18.12.2021 15:30,FootballFootballGERMANY: Bundesliga - Round 17,Bochum,0,57,9,3,6,,5,1,0,1,9,1,,248,,,70,30,15,18.12.2021 15:30,FootballFootballGERMANY: Bundesliga - Round 17,Union Berlin,0,43,4,1,3,,8,4,0,3,4,0,,168,,,53,17,4,cat10
299,18.12.2021 15:30,FootballFootballGERMANY: Bundesliga - Round 17,Bochum,0,55,4,0,4,,6,0,1,1,4,1,,256,,,48,14,11,18.12.2021 15:30,FootballFootballGERMANY: Bundesliga - Round 17,Union Berlin,1,45,5,2,3,,5,1,1,0,5,0,,236,,,58,16,6,cat11
300,18.12.2021 18:30,FootballFootballGERMANY: Bundesliga - Round 17,Hertha Berlin,3,41,6,4,2,,12,0,0,0,1,0,,154,,,45,12,7,18.12.2021 18:30,FootballFootballGERMANY: Bundesliga - Round 17,Dortmund,1,59,4,1,3,,1,3,2,1,10,1,,276,,,67,23,10,cat12
301,18.12.2021 18:30,FootballFootballGERMANY: Bundesliga - Round 17,Hertha Berlin,0,45,8,1,7,,8,1,1,1,3,,,187,,,39,14,9,18.12.2021 18:30,FootballFootballGERMANY: Bundesliga - Round 17,Dortmund,1,55,5,2,3,,3,2,1,1,9,,,270,,,65,17,9,cat13
302,19.12.2021 15:30,FootballFootballGERMANY: Bundesliga - Round 17,Freiburg,1,48,5,2,3,,2,3,0,1,3,1,,211,,,63,27,12,19.12.2021 15:30,FootballFootballGERMANY: Bundesliga - Round 17,Bayer Leverkusen,0,52,1,1,0,,4,4,0,1,2,1,,254,,,46,26,14,cat14
303,19.12.2021 15:30,FootballFootballGERMANY: Bundesliga - Round 17,Freiburg,1,46,9,4,5,,5,1,0,2,3,1,,175,,,57,23,8,19.12.2021 15:30,FootballFootballGERMANY: Bundesliga - Round 17,Bayer Leverkusen,1,54,5,3,2,,2,4,0,3,6,2,,252,,,51,23,10,cat15
304,19.12.2021 17:30,FootballFootballGERMANY: Bundesliga - Round 17,FC Koln,1,55,4,1,3,,8,0,0,1,10,3,,196,,,59,16,15,19.12.2021 17:30,FootballFootballGERMANY: Bundesliga - Round 17,Stuttgart,0,45,2,1,1,,6,1,2,0,7,0,,190,,,50,19,7,cat16
305,19.12.2021 17:30,FootballFootballGERMANY: Bundesliga - Round 17,FC Koln,0,51,4,1,3,,8,2,1,1,7,0,,240,,,50,29,5,19.12.2021 17:30,FootballFootballGERMANY: Bundesliga - Round 17,Stuttgart,0,49,4,1,3,,7,0,1,1,6,1,,246,,,56,17,13,cat17
306,07.01.2022 20:30,FootballFootballGERMANY: Bundesliga - Round 18,Bayern Munich,0,60,12,4,8,,7,4,2,0,8,0,,328,,,78,34,9,07.01.2022 20:30,FootballFootballGERMANY: Bundesliga - Round 18,B. Monchengladbach,0,40,4,0,4,,10,4,1,4,6,1,,169,,,50,22,10,cat0
307,07.01.2022 20:30,FootballFootballGERMANY: Bundesliga - Round 18,Bayern Munich,1,58,7,4,3,,5,2,3,1,10,,,322,,,82,25,16,07.01.2022 20:30,FootballFootballGERMANY: Bundesliga - Round 18,B. Monchengladbach,2,42,5,3,2,,13,2,0,3,5,,,222,,,39,22,8,cat1
308,08.01.2022 15:30,FootballFootballGERMANY: Bundesliga - Round 18,RB Leipzig,3,65,7,4,3,,3,3,3,0,2,0,,375,,,83,46,2,08.01.2022 15:30,FootballFootballGERMANY: Bundesliga - Round 18,Mainz,1,35,1,1,0,,5,1,0,1,4,1,,171,,,19,10,3,cat2
309,08.01.2022 15:30,FootballFootballGERMANY: Bundesliga - Round 18,RB Leipzig,1,63,9,4,5,,8,3,2,0,4,0,0,393,,,56,29,6,08.01.2022 15:30,FootballFootballGERMANY: Bundesliga - Round 18,Mainz,0,37,1,0,1,,5,0,3,3,6,1,1,180,,,51,11,7,cat3
310,08.01.2022 15:30,FootballFootballGERMANY: Bundesliga - Round 18,Hoffenheim,1,55,5,2,3,,7,1,1,2,7,1,,265,,,53,35,11,08.01.2022 15:30,FootballFootballGERMANY: Bundesliga - Round 18,Augsburg,0,45,4,2,2,,8,2,2,1,6,0,,215,,,43,24,10,cat4
311,08.01.2022 15:30,FootballFootballGERMANY: Bundesliga - Round 18,Hoffenheim,2,59,7,3,4,,2,1,1,1,10,,,270,,,66,25,14,08.01.2022 15:30,FootballFootballGERMANY: Bundesliga - Round 18,Augsburg,1,41,5,2,3,,11,2,0,1,2,,,171,,,55,10,10,cat5
312,08.01.2022 15:30,FootballFootballGERMANY: Bundesliga - Round 18,Greuther Furth,0,42,5,1,4,,4,0,0,2,2,,,180,,,54,15,7,08.01.2022 15:30,FootballFootballGERMANY: Bundesliga - Round 18,Stuttgart,0,58,13,2,11,,1,3,0,1,4,,,299,,,70,34,18,cat6
313,08.01.2022 15:30,FootballFootballGERMANY: Bundesliga - Round 18,Greuther Furth,0,44,5,2,3,,8,1,0,1,6,0,,192,,,43,9,14,08.01.2022 15:30,FootballFootballGERMANY: Bundesliga - Round 18,Stuttgart,0,56,5,1,4,,6,2,0,2,8,1,,292,,,73,21,8,cat7
314,08.01.2022 15:30,FootballFootballGERMANY: Bundesliga - Round 18,Freiburg,1,46,6,2,4,,5,2,4,1,2,2,,185,,,49,17,11,08.01.2022 15:30,FootballFootballGERMANY: Bundesliga - Round 18,Arminia Bielefeld,2,54,9,3,6,,6,7,1,1,4,1,,243,,,59,29,9,cat8
315,08.01.2022 15:30,FootballFootballGERMANY: Bundesliga - Round 18,Freiburg,1,54,12,4,8,,0,5,0,2,4,,,227,,,68,36,16,08.01.2022 15:30,FootballFootballGERMANY: Bundesliga - Round 18,Arminia Bielefeld,0,46,6,2,4,,4,5,0,3,1,,,188,,,41,25,13,cat9
316,08.01.2022 15:30,FootballFootballGERMANY: Bundesliga - Round 18,Bayer Leverkusen,1,56,10,5,5,,6,8,0,3,4,1,,266,,,77,28,15,08.01.2022 15:30,FootballFootballGERMANY: Bundesliga - Round 18,Union Berlin,1,44,13,4,9,,3,3,0,4,6,1,,152,,,44,20,7,cat10
317,08.01.2022 15:30,FootballFootballGERMANY: Bundesliga - Round 18,Bayer Leverkusen,1,64,7,3,4,,4,3,1,2,4,0,,287,,,74,26,8,08.01.2022 15:30,FootballFootballGERMANY: Bundesliga - Round 18,Union Berlin,1,36,4,3,1,,5,2,1,2,5,1,,135,,,43,11,11,cat11
318,08.01.2022 18:30,FootballFootballGERMANY: Bundesliga - Round 18,Eintracht Frankfurt,0,39,4,2,2,,3,2,1,2,9,3,,164,,,37,11,7,08.01.2022 18:30,FootballFootballGERMANY: Bundesliga - Round 18,Dortmund,3,61,13,5,8,,8,6,3,2,2,2,,336,,,70,44,13,cat12
319,08.01.2022 18:30,FootballFootballGERMANY: Bundesliga - Round 18,Eintracht Frankfurt,2,41,8,3,5,,5,2,1,3,5,,,208,,,48,23,7,08.01.2022 18:30,FootballFootballGERMANY: Bundesliga - Round 18,Dortmund,0,59,8,3,5,,3,5,0,1,4,,,341,,,75,25,8,cat13
320,09.01.2022 15:30,FootballFootballGERMANY: Bundesliga - Round 18,Hertha Berlin,1,53,6,4,2,,13,7,0,3,6,3,,216,,,33,30,10,09.01.2022 15:30,FootballFootballGERMANY: Bundesliga - Round 18,FC Koln,1,47,7,4,3,,6,4,4,3,8,0,,166,,,36,29,6,cat14
321,09.01.2022 15:30,FootballFootballGERMANY: Bundesliga - Round 18,Hertha Berlin,0,49,4,1,3,,11,3,0,2,3,0,,242,,,29,17,10,09.01.2022 15:30,FootballFootballGERMANY: Bundesliga - Round 18,FC Koln,2,51,7,4,3,,3,0,3,1,8,1,,226,,,42,15,14,cat15
322,09.01.2022 17:30,FootballFootballGERMANY: Bundesliga - Round 18,Bochum,1,52,6,2,4,,5,0,1,3,5,1,,170,,,86,37,13,09.01.2022 17:30,FootballFootballGERMANY: Bundesliga - Round 18,Wolfsburg,0,48,8,3,5,,7,1,1,1,7,1,,198,,,57,39,15,cat16
323,09.01.2022 17:30,FootballFootballGERMANY: Bundesliga - Round 18,Bochum,0,54,6,1,5,,12,4,0,1,10,0,,191,,,56,40,12,09.01.2022 17:30,FootballFootballGERMANY: Bundesliga - Round 18,Wolfsburg,0,46,4,1,3,,10,1,1,1,11,1,,177,,,51,29,14,cat17
