,H_cat,H_type,H_Attacks,H_Ball Possession,H_Blocked Shots,H_Completed Passes,H_Corner Kicks,H_Dangerous Attacks,H_Fouls,H_Free Kicks,H_Goal Attempts,H_Goalkeeper Saves,H_Goals,H_Offsides,H_Red Cards,H_Shots off Goal,H_Shots on Goal,H_Tackles,H_Teamnames,H_Total Passes,H_Yellow Cards,H_datetime,H_gameinfo,A_cat,A_type,A_Attacks,A_Ball Possession,A_Blocked Shots,A_Completed Passes,A_Corner Kicks,A_Dangerous Attacks,A_Fouls,A_Free Kicks,A_Goal Attempts,A_Goalkeeper Saves,A_Goals,A_Offsides,A_Red Cards,A_Shots off Goal,A_Shots on Goal,A_Tackles,A_Teamnames,A_Total Passes,A_Yellow Cards,A_datetime,A_gameinfo
0,cat0,1,59,60,2,213,1,23,7,4,4,0,0,0,,1,1,12,Zwolle,275,1,02.08.2019 20:00,Eredivisie - Round 1,cat0,2,60,40,1,138,4,27,2,7,6,1,2,1,,3,2,11,Willem II,183,1,02.08.2019 20:00,Eredivisie - Round 1
1,cat1,1,43,62,2,195,1,14,3,4,5,5,1,1,,2,1,11,Zwolle,246,,02.08.2019 20:00,Eredivisie - Round 1,cat1,2,53,38,2,97,5,29,4,4,11,0,1,1,,3,6,9,Willem II,142,,02.08.2019 20:00,Eredivisie - Round 1
2,cat2,1,49,31,2,96,0,14,8,9,9,4,0,0,1,6,1,13,Vitesse,137,2,03.08.2019 18:30,Eredivisie - Round 1,cat2,2,124,69,5,272,6,75,7,8,13,0,0,2,0,3,5,8,Ajax,320,3,03.08.2019 18:30,Eredivisie - Round 1
3,cat3,1,31,31,1,102,0,11,7,6,4,3,1,0,,1,2,15,Vitesse,154,1,03.08.2019 18:30,Eredivisie - Round 1,cat3,2,40,69,1,292,3,28,6,7,13,1,1,0,,8,4,14,Ajax,345,0,03.08.2019 18:30,Eredivisie - Round 1
4,cat4,1,66,50,0,173,4,21,6,1,3,2,0,0,,1,2,7,FC Emmen,212,0,03.08.2019 18:30,Eredivisie - Round 1,cat4,2,77,50,3,173,6,30,1,6,7,2,1,0,,1,3,8,Groningen,219,1,03.08.2019 18:30,Eredivisie - Round 1
5,cat5,1,47,50,1,201,2,17,4,4,4,1,0,1,,3,0,6,FC Emmen,247,2,03.08.2019 18:30,Eredivisie - Round 1,cat5,2,44,50,1,202,1,18,4,5,3,0,0,0,,1,1,10,Groningen,240,1,03.08.2019 18:30,Eredivisie - Round 1
6,cat6,1,47,44,0,157,1,24,6,5,8,1,3,1,,2,6,8,Venlo,196,1,03.08.2019 20:45,Eredivisie - Round 1,cat6,2,59,56,1,207,0,24,6,7,7,3,0,0,,5,1,9,Waalwijk,248,3,03.08.2019 20:45,Eredivisie - Round 1
7,cat7,1,47,40,2,137,1,13,6,6,3,1,0,0,,1,0,7,Venlo,178,1,03.08.2019 20:45,Eredivisie - Round 1,cat7,2,56,60,4,207,3,28,6,6,8,0,1,0,,2,2,5,Waalwijk,256,0,03.08.2019 20:45,Eredivisie - Round 1
8,cat8,1,35,30,0,85,0,7,5,11,1,2,0,0,,0,1,14,Twente,131,1,03.08.2019 20:45,Eredivisie - Round 1,cat8,2,63,70,4,268,6,40,9,5,9,1,1,2,,2,3,7,PSV,316,1,03.08.2019 20:45,Eredivisie - Round 1
9,cat9,1,31,40,0,189,0,10,5,8,2,2,1,1,,1,1,10,Twente,230,,03.08.2019 20:45,Eredivisie - Round 1,cat9,2,81,60,2,298,1,35,6,6,7,0,0,2,,3,2,7,PSV,338,,03.08.2019 20:45,Eredivisie - Round 1
10,cat10,1,82,61,4,295,3,41,3,6,8,2,0,2,,2,2,20,Heracles,329,1,04.08.2019 12:15,Eredivisie - Round 1,cat10,2,43,39,1,176,0,13,6,5,5,2,1,0,,1,3,18,Heerenveen,208,1,04.08.2019 12:15,Eredivisie - Round 1
11,cat11,1,66,55,0,186,1,15,8,6,6,0,0,0,,4,2,12,Heracles,231,0,04.08.2019 12:15,Eredivisie - Round 1,cat11,2,48,45,2,138,2,27,6,8,8,2,3,0,,3,3,13,Heerenveen,187,1,04.08.2019 12:15,Eredivisie - Round 1
12,cat12,1,70,63,1,186,5,30,6,7,8,1,2,0,,3,4,12,Feyenoord,245,2,04.08.2019 14:30,Eredivisie - Round 1,cat12,2,57,37,1,91,1,14,7,6,7,2,2,0,,3,3,8,Sparta Rotterdam,149,1,04.08.2019 14:30,Eredivisie - Round 1
13,cat13,1,74,67,2,253,0,26,3,10,7,2,0,0,,3,2,11,Feyenoord,306,0,04.08.2019 14:30,Eredivisie - Round 1,cat13,2,63,33,1,97,2,24,10,3,6,2,0,0,,3,2,13,Sparta Rotterdam,144,1,04.08.2019 14:30,Eredivisie - Round 1
14,cat14,1,11,51,0,150,2,0,4,5,5,1,0,0,,2,3,13,Den Haag,203,1,04.08.2019 16:45,Eredivisie - Round 1,cat14,2,12,49,1,160,2,5,6,4,7,3,2,0,,3,3,6,Utrecht,211,0,04.08.2019 16:45,Eredivisie - Round 1
15,cat15,1,37,35,2,88,3,17,4,10,7,1,2,1,,3,2,8,Den Haag,123,1,04.08.2019 16:45,Eredivisie - Round 1,cat15,2,58,65,5,201,3,29,8,5,11,0,2,2,,3,3,8,Utrecht,240,1,04.08.2019 16:45,Eredivisie - Round 1
16,cat16,1,84,73,3,334,7,37,4,0,14,0,4,0,,4,7,5,AZ Alkmaar,372,1,04.08.2019 20:00,Eredivisie - Round 1,cat16,2,24,27,0,98,1,4,0,4,1,3,0,0,,1,0,9,Sittard,136,0,04.08.2019 20:00,Eredivisie - Round 1
17,cat17,1,95,69,2,304,7,56,4,2,7,1,0,1,,2,3,8,AZ Alkmaar,351,0,04.08.2019 20:00,Eredivisie - Round 1,cat17,2,45,31,2,111,0,4,2,5,4,3,0,0,,1,1,11,Sittard,163,1,04.08.2019 20:00,Eredivisie - Round 1
18,cat18,1,56,48,0,133,0,16,8,6,11,0,4,0,,4,7,7,Sparta Rotterdam,177,1,09.08.2019 20:00,Eredivisie - Round 2,cat18,2,41,52,0,156,2,12,5,7,1,3,0,1,,1,0,3,Venlo,196,2,09.08.2019 20:00,Eredivisie - Round 2
19,cat19,1,62,54,0,194,2,36,5,4,6,1,0,0,,5,1,4,Sparta Rotterdam,236,1,09.08.2019 20:00,Eredivisie - Round 2,cat19,2,49,46,1,162,2,16,5,5,5,1,1,0,,2,2,7,Venlo,206,0,09.08.2019 20:00,Eredivisie - Round 2
20,cat20,1,39,27,0,79,0,10,9,4,1,0,1,0,,0,1,6,Groningen,137,2,10.08.2019 18:30,Eredivisie - Round 2,cat20,2,64,73,0,308,0,30,4,8,5,0,3,0,,2,3,6,Twente,362,2,10.08.2019 18:30,Eredivisie - Round 2
21,cat21,1,48,49,2,192,3,27,6,5,8,1,0,0,2,3,3,7,Groningen,234,1,10.08.2019 18:30,Eredivisie - Round 2,cat21,2,50,51,0,204,0,23,6,5,2,3,0,1,0,1,1,9,Twente,247,0,10.08.2019 18:30,Eredivisie - Round 2
22,cat22,1,76,54,2,254,5,42,9,3,18,0,4,2,,7,9,15,Ajax,292,0,10.08.2019 19:45,Eredivisie - Round 2,cat22,2,46,46,0,185,0,6,3,11,3,5,0,0,,3,0,9,FC Emmen,233,1,10.08.2019 19:45,Eredivisie - Round 2
23,cat23,1,84,63,4,264,2,38,6,5,14,0,1,1,,7,3,9,Ajax,309,,10.08.2019 19:45,Eredivisie - Round 2,cat23,2,45,37,2,127,3,13,5,7,2,2,0,0,,0,0,11,FC Emmen,176,,10.08.2019 19:45,Eredivisie - Round 2
24,cat24,1,66,66,1,251,3,25,3,7,6,4,0,1,,4,1,12,Willem II,300,0,10.08.2019 20:45,Eredivisie - Round 2,cat24,2,45,34,0,109,3,9,6,3,8,1,0,0,,2,6,16,Vitesse,164,1,10.08.2019 20:45,Eredivisie - Round 2
25,cat25,1,53,49,0,162,1,22,7,6,1,4,0,0,,1,0,4,Willem II,225,2,10.08.2019 20:45,Eredivisie - Round 2,cat25,2,61,51,4,185,4,14,6,7,9,0,0,0,,1,4,10,Vitesse,235,1,10.08.2019 20:45,Eredivisie - Round 2
26,cat26,1,80,52,4,202,3,47,2,9,11,3,1,0,,4,3,13,Sittard,245,0,11.08.2019 12:15,Eredivisie - Round 2,cat26,2,37,48,3,193,7,14,9,2,10,2,1,1,,3,4,9,Heracles,231,3,11.08.2019 12:15,Eredivisie - Round 2
27,cat27,1,47,40,1,146,1,10,11,9,5,1,0,0,,4,0,8,Sittard,184,2,11.08.2019 12:15,Eredivisie - Round 2,cat27,2,63,60,2,233,5,25,9,11,7,0,0,0,,4,1,6,Heracles,270,1,11.08.2019 12:15,Eredivisie - Round 2
28,cat28,1,51,38,3,177,6,24,5,4,6,3,0,0,1,2,1,9,Waalwijk,209,1,11.08.2019 14:30,Eredivisie - Round 2,cat28,2,68,62,0,333,4,18,4,5,5,1,0,0,0,2,3,4,AZ Alkmaar,366,1,11.08.2019 14:30,Eredivisie - Round 2
29,cat29,1,52,42,2,185,3,21,5,5,6,1,0,0,,2,2,6,Waalwijk,212,1,11.08.2019 14:30,Eredivisie - Round 2,cat29,2,57,58,4,267,2,27,4,5,8,2,2,1,,1,3,5,AZ Alkmaar,304,0,11.08.2019 14:30,Eredivisie - Round 2
30,cat30,1,58,49,0,160,0,30,6,9,7,1,1,0,,3,4,13,Heerenveen,228,,11.08.2019 14:30,Eredivisie - Round 2,cat30,2,62,51,0,170,0,17,7,6,2,3,0,2,,1,1,7,Feyenoord,237,,11.08.2019 14:30,Eredivisie - Round 2
31,cat31,1,58,47,1,173,1,22,9,6,5,1,0,0,,2,2,12,Heerenveen,219,,11.08.2019 14:30,Eredivisie - Round 2,cat31,2,51,53,0,190,1,15,7,8,4,2,1,0,,2,2,11,Feyenoord,250,,11.08.2019 14:30,Eredivisie - Round 2
32,cat32,1,40,37,1,113,8,23,7,4,6,3,3,0,,1,4,9,Utrecht,148,,11.08.2019 16:45,Eredivisie - Round 2,cat32,2,59,63,2,226,3,24,5,7,6,1,0,0,,1,3,9,Zwolle,266,,11.08.2019 16:45,Eredivisie - Round 2
33,cat33,1,90,64,3,259,3,51,6,6,12,0,0,1,,4,5,13,Utrecht,309,2,11.08.2019 16:45,Eredivisie - Round 2,cat33,2,29,36,0,130,0,6,6,7,2,5,1,0,,1,1,7,Zwolle,173,1,11.08.2019 16:45,Eredivisie - Round 2
34,cat34,1,69,71,0,274,5,44,3,7,14,0,2,1,,6,8,5,PSV,322,,11.08.2019 20:00,Eredivisie - Round 2,cat34,2,37,29,0,91,0,19,7,4,1,6,0,0,,1,0,15,Den Haag,130,,11.08.2019 20:00,Eredivisie - Round 2
35,cat35,1,94,73,2,307,7,38,1,2,11,1,1,4,,3,6,8,PSV,344,1,11.08.2019 20:00,Eredivisie - Round 2,cat35,2,34,27,1,73,1,5,2,5,3,5,1,0,,0,2,17,Den Haag,121,0,11.08.2019 20:00,Eredivisie - Round 2
36,cat36,1,48,53,1,221,1,25,1,11,6,1,0,0,,1,4,11,Vitesse,249,1,16.08.2019 20:00,Eredivisie - Round 3,cat36,2,44,47,0,202,1,27,10,1,3,1,0,2,,2,1,9,Zwolle,233,0,16.08.2019 20:00,Eredivisie - Round 3
37,cat37,1,69,49,1,190,1,28,8,6,6,1,0,3,,3,2,6,Vitesse,224,0,16.08.2019 20:00,Eredivisie - Round 3,cat37,2,43,51,1,202,2,13,6,11,5,2,0,0,,3,1,6,Zwolle,242,3,16.08.2019 20:00,Eredivisie - Round 3
38,cat38,1,31,27,0,108,3,15,1,1,5,3,1,1,,1,4,7,Venlo,141,1,17.08.2019 18:30,Eredivisie - Round 3,cat38,2,86,73,4,356,8,54,1,1,11,3,3,0,,1,6,2,Ajax,399,0,17.08.2019 18:30,Eredivisie - Round 3
39,cat39,1,32,25,0,62,0,12,3,6,2,2,0,2,,2,0,11,Venlo,105,1,17.08.2019 18:30,Eredivisie - Round 3,cat39,2,74,75,3,283,5,28,6,5,9,0,1,0,,3,3,4,Ajax,318,2,17.08.2019 18:30,Eredivisie - Round 3
40,cat40,1,71,66,3,169,6,53,7,17,13,1,1,1,,8,2,8,Den Haag,224,1,17.08.2019 18:30,Eredivisie - Round 3,cat40,2,34,34,2,71,1,16,14,8,4,1,0,3,,1,1,7,Sparta Rotterdam,122,1,17.08.2019 18:30,Eredivisie - Round 3
41,cat41,1,46,54,1,141,7,27,5,6,3,0,0,2,,1,1,8,Den Haag,198,0,17.08.2019 18:30,Eredivisie - Round 3,cat41,2,74,46,3,132,1,9,6,7,6,1,2,0,,1,2,7,Sparta Rotterdam,184,1,17.08.2019 18:30,Eredivisie - Round 3
42,cat42,1,56,44,0,153,1,17,11,6,3,3,0,2,,1,2,16,FC Emmen,199,1,17.08.2019 20:45,Eredivisie - Round 3,cat42,2,80,56,3,194,6,38,6,13,11,2,0,0,,5,3,9,Heerenveen,239,0,17.08.2019 20:45,Eredivisie - Round 3
43,cat43,1,59,54,3,204,3,15,3,5,9,1,2,2,,1,5,13,FC Emmen,249,,17.08.2019 20:45,Eredivisie - Round 3,cat43,2,65,46,2,176,2,18,6,5,8,3,0,0,,5,1,9,Heerenveen,212,,17.08.2019 20:45,Eredivisie - Round 3
44,cat44,1,83,62,2,176,3,22,5,8,9,1,1,3,,3,4,10,Sittard,232,2,18.08.2019 12:15,Eredivisie - Round 3,cat44,2,46,38,0,93,3,16,8,8,2,3,0,0,,1,1,6,Willem II,153,2,18.08.2019 12:15,Eredivisie - Round 3
45,cat45,1,61,48,2,116,1,21,7,4,7,1,1,1,,2,3,10,Sittard,180,,18.08.2019 12:15,Eredivisie - Round 3,cat45,2,49,52,1,137,2,30,3,7,7,2,3,0,,2,4,8,Willem II,187,,18.08.2019 12:15,Eredivisie - Round 3
46,cat46,1,53,50,1,177,4,36,5,7,9,4,3,1,,2,6,12,Twente,215,1,18.08.2019 14:30,Eredivisie - Round 3,cat46,2,41,50,1,180,0,20,6,6,8,3,2,1,,1,6,5,Waalwijk,220,2,18.08.2019 14:30,Eredivisie - Round 3
47,cat47,1,74,59,5,293,5,36,3,10,6,2,0,1,,0,1,11,Twente,340,0,18.08.2019 14:30,Eredivisie - Round 3,cat47,2,42,41,1,197,2,17,8,4,6,1,1,1,,2,3,13,Waalwijk,237,1,18.08.2019 14:30,Eredivisie - Round 3
48,cat48,1,53,49,1,178,2,31,4,10,6,5,1,0,,2,3,16,Feyenoord,212,0,18.08.2019 16:45,Eredivisie - Round 3,cat48,2,48,51,3,189,4,26,9,4,11,2,0,1,,3,5,8,Utrecht,224,2,18.08.2019 16:45,Eredivisie - Round 3
49,cat49,1,84,63,2,246,5,31,4,12,8,1,0,0,,3,3,7,Feyenoord,290,0,18.08.2019 16:45,Eredivisie - Round 3,cat49,2,40,37,2,129,2,10,12,4,5,3,1,1,,1,2,8,Utrecht,171,1,18.08.2019 16:45,Eredivisie - Round 3
50,cat50,1,57,60,1,218,3,25,4,7,2,1,0,3,,1,0,5,AZ Alkmaar,260,0,18.08.2019 16:45,Eredivisie - Round 3,cat50,2,56,40,0,140,1,11,6,7,5,0,0,1,,4,1,11,Groningen,181,1,18.08.2019 16:45,Eredivisie - Round 3
51,cat51,1,58,54,3,224,3,16,3,6,4,1,0,1,,1,0,7,AZ Alkmaar,263,,18.08.2019 16:45,Eredivisie - Round 3,cat51,2,52,46,2,175,4,16,6,4,7,0,0,1,,4,1,10,Groningen,221,,18.08.2019 16:45,Eredivisie - Round 3
52,cat52,1,30,58,3,199,1,32,5,9,11,2,0,0,,6,2,14,Heracles,260,2,18.08.2019 20:00,Eredivisie - Round 3,cat52,2,23,42,1,145,0,17,9,6,4,2,1,0,,0,3,11,PSV,196,6,18.08.2019 20:00,Eredivisie - Round 3
53,cat53,1,64,52,2,191,5,23,3,7,10,1,0,0,,7,1,10,Heracles,243,0,18.08.2019 20:00,Eredivisie - Round 3,cat53,2,57,48,3,172,2,14,7,3,6,1,1,0,,1,2,7,PSV,223,1,18.08.2019 20:00,Eredivisie - Round 3
54,cat54,1,74,49,0,162,1,29,8,6,5,1,1,0,,3,2,8,Willem II,220,2,24.08.2019 18:30,Eredivisie - Round 4,cat54,2,55,51,4,166,4,14,5,7,10,1,1,0,,4,2,6,FC Emmen,228,1,24.08.2019 18:30,Eredivisie - Round 4
55,cat55,1,37,43,2,144,2,19,6,11,12,0,1,0,,6,4,8,Willem II,187,0,24.08.2019 18:30,Eredivisie - Round 4,cat55,2,70,57,1,201,0,18,10,7,1,3,0,1,,0,0,13,FC Emmen,244,2,24.08.2019 18:30,Eredivisie - Round 4
56,cat56,1,77,65,1,236,2,33,5,5,10,2,0,0,,6,3,7,Heracles,279,2,24.08.2019 19:45,Eredivisie - Round 4,cat56,2,35,35,1,95,2,11,5,5,8,2,0,0,,4,3,16,Vitesse,146,2,24.08.2019 19:45,Eredivisie - Round 4
57,cat57,1,57,47,3,174,3,20,3,2,6,3,0,1,,2,1,7,Heracles,210,,24.08.2019 19:45,Eredivisie - Round 4,cat57,2,53,53,2,194,3,33,2,4,8,1,0,0,,3,3,16,Vitesse,243,,24.08.2019 19:45,Eredivisie - Round 4
58,cat58,1,67,52,2,240,3,35,6,5,8,1,0,1,,4,2,7,Heerenveen,283,2,24.08.2019 20:45,Eredivisie - Round 4,cat58,2,49,48,3,213,3,24,5,7,5,2,0,1,,1,1,14,Twente,261,0,24.08.2019 20:45,Eredivisie - Round 4
59,cat59,1,50,44,2,182,2,15,5,7,9,0,0,0,,6,1,4,Heerenveen,224,0,24.08.2019 20:45,Eredivisie - Round 4,cat59,2,50,56,3,249,5,32,6,5,6,1,0,1,,3,0,5,Twente,283,2,24.08.2019 20:45,Eredivisie - Round 4
60,cat60,1,54,56,2,178,5,40,6,1,7,2,0,0,0,5,0,8,Waalwijk,219,1,25.08.2019 12:15,Eredivisie - Round 4,cat60,2,33,44,0,149,1,19,1,5,5,0,2,0,1,1,4,14,Den Haag,183,1,25.08.2019 12:15,Eredivisie - Round 4
61,cat61,1,74,66,2,261,5,30,5,4,6,0,0,0,,1,3,7,Waalwijk,285,0,25.08.2019 12:15,Eredivisie - Round 4,cat61,2,27,34,0,106,2,9,4,5,2,3,1,0,,1,1,10,Den Haag,146,1,25.08.2019 12:15,Eredivisie - Round 4
62,cat62,1,65,74,2,216,8,46,7,5,10,0,1,5,,6,2,9,Utrecht,252,0,25.08.2019 14:30,Eredivisie - Round 4,cat62,2,31,26,1,46,1,11,5,12,3,1,0,0,,2,0,13,Venlo,89,1,25.08.2019 14:30,Eredivisie - Round 4
63,cat63,1,81,74,2,262,5,46,4,5,10,1,0,1,,5,3,6,Utrecht,299,0,25.08.2019 14:30,Eredivisie - Round 4,cat63,2,34,26,4,69,1,12,5,5,7,3,2,0,,0,3,5,Venlo,106,2,25.08.2019 14:30,Eredivisie - Round 4
64,cat64,1,58,52,2,200,3,29,4,2,10,1,1,1,,3,5,10,Zwolle,241,,25.08.2019 16:45,Eredivisie - Round 4,cat64,2,69,48,2,158,0,34,2,5,10,4,1,0,,6,2,11,Sparta Rotterdam,213,,25.08.2019 16:45,Eredivisie - Round 4
65,cat65,1,34,60,2,188,1,25,4,7,7,4,1,0,,2,3,14,Zwolle,226,,25.08.2019 16:45,Eredivisie - Round 4,cat65,2,56,40,3,110,2,36,7,4,12,2,1,0,,4,5,10,Sparta Rotterdam,151,,25.08.2019 16:45,Eredivisie - Round 4
66,cat66,1,88,57,6,227,10,44,6,3,16,4,0,1,,5,5,10,FC Emmen,269,3,30.08.2019 20:00,Eredivisie - Round 5,cat66,2,35,43,1,168,1,21,3,7,7,5,0,0,,2,4,5,Zwolle,221,1,30.08.2019 20:00,Eredivisie - Round 5
67,cat67,1,60,50,7,197,5,26,6,6,14,2,1,0,,4,3,6,FC Emmen,231,2,30.08.2019 20:00,Eredivisie - Round 5,cat67,2,37,50,3,208,1,8,5,6,11,2,3,1,,3,5,8,Zwolle,242,0,30.08.2019 20:00,Eredivisie - Round 5
68,cat68,1,56,61,3,174,7,50,6,3,19,2,0,1,,8,8,6,Heerenveen,224,,31.08.2019 18:30,Eredivisie - Round 5,cat68,2,49,39,1,99,1,29,2,7,4,8,0,1,,1,2,7,Sittard,155,,31.08.2019 18:30,Eredivisie - Round 5
69,cat69,1,80,63,3,215,7,38,6,6,8,0,1,2,,2,3,2,Heerenveen,261,1,31.08.2019 18:30,Eredivisie - Round 5,cat69,2,52,37,1,107,0,8,6,8,4,2,1,1,,2,1,9,Sittard,162,1,31.08.2019 18:30,Eredivisie - Round 5
70,cat70,1,65,60,5,151,4,30,6,6,10,1,0,1,,3,2,8,Groningen,211,1,31.08.2019 19:45,Eredivisie - Round 5,cat70,2,36,40,2,90,4,19,6,7,6,1,0,0,,2,2,12,Heracles,147,1,31.08.2019 19:45,Eredivisie - Round 5
71,cat71,1,68,68,0,282,1,18,5,4,2,1,0,1,,2,0,5,Groningen,326,1,31.08.2019 19:45,Eredivisie - Round 5,cat71,2,45,32,1,110,1,10,2,6,4,0,1,0,,1,2,6,Heracles,155,0,31.08.2019 19:45,Eredivisie - Round 5
72,cat72,1,52,56,1,177,0,15,8,9,4,1,0,1,0,2,1,10,Den Haag,217,3,31.08.2019 20:45,Eredivisie - Round 5,cat72,2,49,44,0,140,5,22,9,9,5,1,0,0,1,4,1,8,Venlo,169,4,31.08.2019 20:45,Eredivisie - Round 5
73,cat73,1,43,50,1,144,1,18,6,4,8,1,1,1,,4,3,8,Den Haag,179,,31.08.2019 20:45,Eredivisie - Round 5,cat73,2,48,50,2,145,1,20,4,7,4,2,0,0,,1,1,6,Venlo,185,,31.08.2019 20:45,Eredivisie - Round 5
74,cat74,1,30,38,1,121,0,13,10,5,4,2,2,0,0,1,2,10,Twente,159,,01.09.2019 12:15,Eredivisie - Round 5,cat74,2,75,62,3,201,4,32,4,10,10,0,1,2,1,4,3,8,Utrecht,249,,01.09.2019 12:15,Eredivisie - Round 5
75,cat75,1,47,51,1,208,1,14,2,5,6,0,1,0,,3,2,17,Twente,243,1,01.09.2019 12:15,Eredivisie - Round 5,cat75,2,55,49,1,183,3,37,5,2,3,1,0,0,,2,0,8,Utrecht,226,1,01.09.2019 12:15,Eredivisie - Round 5
76,cat76,1,47,34,1,139,2,16,9,1,6,1,1,0,,3,2,10,Sparta Rotterdam,176,2,01.09.2019 14:30,Eredivisie - Round 5,cat76,2,63,66,2,302,3,31,0,8,6,1,2,1,,1,3,9,Ajax,350,0,01.09.2019 14:30,Eredivisie - Round 5
77,cat77,1,56,38,2,101,2,20,7,6,6,1,0,1,,3,1,16,Sparta Rotterdam,146,,01.09.2019 14:30,Eredivisie - Round 5,cat77,2,62,62,2,203,5,25,4,8,9,1,2,1,,4,3,8,Ajax,244,,01.09.2019 14:30,Eredivisie - Round 5
78,cat78,1,61,64,2,219,3,39,5,6,6,1,0,0,,3,1,15,Willem II,265,1,01.09.2019 16:45,Eredivisie - Round 5,cat78,2,43,36,1,116,1,8,6,4,5,1,1,0,,2,2,13,Feyenoord,159,0,01.09.2019 16:45,Eredivisie - Round 5
79,cat79,1,73,48,1,169,3,12,1,10,4,1,0,0,,2,1,17,Willem II,217,0,01.09.2019 16:45,Eredivisie - Round 5,cat79,2,55,52,1,190,4,25,9,1,3,1,0,1,,1,1,11,Feyenoord,235,2,01.09.2019 16:45,Eredivisie - Round 5
80,cat80,1,47,46,0,164,2,22,9,6,5,2,1,0,,3,2,7,Vitesse,200,1,01.09.2019 16:45,Eredivisie - Round 5,cat80,2,48,54,1,211,6,30,7,9,8,1,0,0,,5,2,7,AZ Alkmaar,244,1,01.09.2019 16:45,Eredivisie - Round 5
81,cat81,1,35,34,1,97,3,13,16,6,5,0,1,0,,2,2,7,Vitesse,142,3,01.09.2019 16:45,Eredivisie - Round 5,cat81,2,54,66,1,237,5,17,6,15,5,1,1,0,,3,1,7,AZ Alkmaar,280,2,01.09.2019 16:45,Eredivisie - Round 5
82,cat82,1,52,41,1,144,2,24,6,6,3,2,0,1,,1,1,14,Waalwijk,183,1,01.09.2019 20:00,Eredivisie - Round 5,cat82,2,70,59,5,245,6,35,3,7,11,1,0,3,,1,5,4,PSV,287,1,01.09.2019 20:00,Eredivisie - Round 5
83,cat83,1,49,51,1,217,3,22,6,6,5,2,1,0,,3,1,8,Waalwijk,262,1,01.09.2019 20:00,Eredivisie - Round 5,cat83,2,61,49,2,205,0,23,5,6,5,0,0,1,,1,2,4,PSV,247,1,01.09.2019 20:00,Eredivisie - Round 5
84,cat84,1,66,60,0,338,3,33,6,3,4,2,1,0,,2,2,7,AZ Alkmaar,378,,14.09.2019 18:30,Eredivisie - Round 6,cat84,2,64,40,0,199,1,34,3,6,6,1,0,1,,4,2,3,Sparta Rotterdam,238,,14.09.2019 18:30,Eredivisie - Round 6
85,cat85,1,69,66,2,292,6,27,5,2,10,1,4,1,,3,5,6,AZ Alkmaar,335,0,14.09.2019 18:30,Eredivisie - Round 6,cat85,2,37,34,2,112,2,9,2,7,5,1,1,0,,1,2,7,Sparta Rotterdam,163,1,14.09.2019 18:30,Eredivisie - Round 6
86,cat86,1,77,66,4,302,5,48,4,3,15,0,2,0,,6,5,16,Ajax,340,,14.09.2019 18:30,Eredivisie - Round 6,cat86,2,34,34,1,135,2,12,3,4,5,3,0,0,,4,0,8,Heerenveen,171,,14.09.2019 18:30,Eredivisie - Round 6
87,cat87,1,79,66,1,285,6,36,3,5,14,3,2,1,,6,7,7,Ajax,323,1,14.09.2019 18:30,Eredivisie - Round 6,cat87,2,29,34,0,141,0,8,5,4,5,5,1,0,,1,4,10,Heerenveen,172,1,14.09.2019 18:30,Eredivisie - Round 6
88,cat88,1,51,43,0,121,5,24,8,6,3,4,0,0,,1,2,5,Venlo,163,1,14.09.2019 19:45,Eredivisie - Round 6,cat88,2,44,57,3,165,7,32,5,8,12,1,0,1,,5,4,11,Groningen,213,0,14.09.2019 19:45,Eredivisie - Round 6
89,cat89,1,57,39,0,116,0,16,7,7,2,1,1,0,,0,2,8,Venlo,166,,14.09.2019 19:45,Eredivisie - Round 6,cat89,2,64,61,0,202,6,34,7,6,5,1,1,0,,3,2,10,Groningen,255,,14.09.2019 19:45,Eredivisie - Round 6
90,cat90,1,60,51,2,160,3,18,6,8,14,1,2,0,,6,6,11,Utrecht,199,3,14.09.2019 20:45,Eredivisie - Round 6,cat90,2,49,49,2,136,4,22,8,6,5,4,1,0,,1,2,9,FC Emmen,191,2,14.09.2019 20:45,Eredivisie - Round 6
91,cat91,1,58,53,3,199,7,24,7,8,9,1,1,2,,5,1,7,Utrecht,236,0,14.09.2019 20:45,Eredivisie - Round 6,cat91,2,59,47,1,166,0,16,8,8,3,0,0,0,,1,1,9,FC Emmen,211,2,14.09.2019 20:45,Eredivisie - Round 6
92,cat92,1,63,64,2,207,5,35,2,6,10,1,3,1,,3,5,8,PSV,243,0,14.09.2019 20:45,Eredivisie - Round 6,cat92,2,37,36,2,99,1,29,7,3,6,2,0,1,,3,1,12,Vitesse,132,1,14.09.2019 20:45,Eredivisie - Round 6
93,cat93,1,67,66,2,266,3,37,4,5,9,1,2,1,,0,7,7,PSV,304,,14.09.2019 20:45,Eredivisie - Round 6,cat93,2,41,34,3,118,2,14,4,5,8,5,0,0,,4,1,9,Vitesse,158,,14.09.2019 20:45,Eredivisie - Round 6
94,cat94,1,54,55,1,203,2,19,5,7,10,1,5,5,,4,5,13,Zwolle,239,0,15.09.2019 12:15,Eredivisie - Round 6,cat94,2,50,45,2,155,4,19,6,11,4,0,0,1,,1,1,4,Waalwijk,191,1,15.09.2019 12:15,Eredivisie - Round 6
95,cat95,1,47,49,2,199,2,23,2,6,4,2,1,0,,1,1,11,Zwolle,240,1,15.09.2019 12:15,Eredivisie - Round 6,cat95,2,54,51,1,208,1,17,6,2,7,0,2,0,,2,4,6,Waalwijk,250,1,15.09.2019 12:15,Eredivisie - Round 6
96,cat96,1,46,49,1,122,0,19,8,10,6,2,0,1,,3,2,11,Heracles,174,0,15.09.2019 14:30,Eredivisie - Round 6,cat96,2,50,51,0,125,3,29,9,9,4,0,0,1,,2,2,14,Willem II,186,2,15.09.2019 14:30,Eredivisie - Round 6
97,cat97,1,50,42,1,150,2,19,8,5,6,1,2,1,,1,4,13,Heracles,193,0,15.09.2019 14:30,Eredivisie - Round 6,cat97,2,64,58,0,210,1,13,5,9,3,2,1,0,,1,2,9,Willem II,265,1,15.09.2019 14:30,Eredivisie - Round 6
98,cat98,1,47,54,0,182,0,20,7,2,3,1,0,2,,1,2,6,Feyenoord,218,0,15.09.2019 14:30,Eredivisie - Round 6,cat98,2,48,46,1,143,4,25,2,9,5,2,2,0,,1,3,12,Den Haag,181,1,15.09.2019 14:30,Eredivisie - Round 6
99,cat99,1,61,72,2,274,1,42,5,6,12,0,3,1,,3,7,9,Feyenoord,310,1,15.09.2019 14:30,Eredivisie - Round 6,cat99,2,24,28,1,92,0,3,8,6,2,4,0,0,,1,0,8,Den Haag,120,2,15.09.2019 14:30,Eredivisie - Round 6
100,cat100,1,66,63,1,239,8,62,5,5,13,1,2,1,1,6,6,9,Sittard,287,1,15.09.2019 16:45,Eredivisie - Round 6,cat100,2,34,37,1,128,0,15,7,7,5,4,1,0,0,2,2,2,Twente,175,1,15.09.2019 16:45,Eredivisie - Round 6
101,cat101,1,43,43,2,168,4,25,4,9,12,1,0,1,0,6,4,9,Sittard,205,,15.09.2019 16:45,Eredivisie - Round 6,cat101,2,49,57,1,245,2,15,7,5,4,4,2,2,1,0,3,3,Twente,277,,15.09.2019 16:45,Eredivisie - Round 6
102,cat102,1,87,79,3,365,1,34,5,10,4,0,1,1,,0,1,11,Twente,426,2,20.09.2019 20:00,Eredivisie - Round 7,cat102,2,46,21,0,80,0,19,7,6,2,0,1,2,,1,1,9,Heracles,133,1,20.09.2019 20:00,Eredivisie - Round 7
103,cat103,1,54,61,3,229,4,24,8,6,5,2,1,0,,1,1,17,Twente,288,,20.09.2019 20:00,Eredivisie - Round 7,cat103,2,48,39,0,133,4,13,6,8,5,0,2,0,,1,4,12,Heracles,181,,20.09.2019 20:00,Eredivisie - Round 7
104,cat104,1,33,49,1,184,2,31,8,6,9,3,2,0,,3,5,1,Sparta Rotterdam,224,0,21.09.2019 18:30,Eredivisie - Round 7,cat104,2,36,51,4,182,5,31,6,8,9,3,0,0,,2,3,3,Waalwijk,226,2,21.09.2019 18:30,Eredivisie - Round 7
105,cat105,1,43,45,2,188,2,26,6,3,10,1,2,0,,5,3,8,Sparta Rotterdam,227,1,21.09.2019 18:30,Eredivisie - Round 7,cat105,2,33,55,2,232,3,25,3,6,6,1,0,0,,3,1,8,Waalwijk,275,0,21.09.2019 18:30,Eredivisie - Round 7
106,cat106,1,78,46,3,134,3,49,9,9,7,1,0,1,,2,2,12,Willem II,177,1,21.09.2019 19:45,Eredivisie - Round 7,cat106,2,82,54,4,166,2,39,8,10,7,2,0,1,,2,1,7,Venlo,217,1,21.09.2019 19:45,Eredivisie - Round 7
107,cat107,1,55,54,3,151,5,41,8,5,13,0,1,1,,6,4,9,Willem II,198,,21.09.2019 19:45,Eredivisie - Round 7,cat107,2,58,46,0,117,0,25,6,9,1,3,0,0,,1,0,19,Venlo,168,,21.09.2019 19:45,Eredivisie - Round 7
108,cat108,1,53,41,1,180,1,40,9,6,8,0,1,1,,4,3,13,Groningen,226,1,21.09.2019 19:45,Eredivisie - Round 7,cat108,2,51,59,1,263,1,33,3,10,3,2,0,3,,2,0,5,Zwolle,308,0,21.09.2019 19:45,Eredivisie - Round 7
109,cat109,1,49,43,2,181,6,41,6,3,10,1,1,0,,4,4,6,Groningen,221,,21.09.2019 19:45,Eredivisie - Round 7,cat109,2,44,57,0,266,2,30,3,6,2,3,0,0,,1,1,6,Zwolle,311,,21.09.2019 19:45,Eredivisie - Round 7
110,cat110,1,59,61,1,165,4,61,8,8,12,0,4,1,,3,8,4,Vitesse,200,3,21.09.2019 20:45,Eredivisie - Round 7,cat110,2,41,39,3,98,1,30,4,9,6,4,1,4,,2,1,9,Sittard,138,0,21.09.2019 20:45,Eredivisie - Round 7
111,cat111,1,61,53,5,183,5,51,6,8,8,2,0,0,,2,1,10,Vitesse,214,1,21.09.2019 20:45,Eredivisie - Round 7,cat111,2,53,47,1,148,5,45,6,6,6,1,1,2,,2,3,8,Sittard,191,1,21.09.2019 20:45,Eredivisie - Round 7
112,cat112,1,68,56,4,220,3,39,4,5,12,2,0,0,,6,2,7,Heerenveen,253,1,22.09.2019 12:15,Eredivisie - Round 7,cat112,2,54,44,1,153,2,17,3,3,6,2,0,2,,3,2,14,Utrecht,194,1,22.09.2019 12:15,Eredivisie - Round 7
113,cat113,1,78,60,2,265,1,23,3,5,10,1,1,0,,6,2,6,Heerenveen,300,2,22.09.2019 12:15,Eredivisie - Round 7,cat113,2,38,40,0,161,0,10,4,3,3,1,1,1,,1,2,6,Utrecht,203,1,22.09.2019 12:15,Eredivisie - Round 7
114,cat114,1,43,37,0,115,1,12,13,6,4,2,1,0,1,3,1,3,FC Emmen,167,1,22.09.2019 14:30,Eredivisie - Round 7,cat114,2,62,63,3,227,5,31,5,13,11,0,1,1,0,5,3,4,Feyenoord,271,1,22.09.2019 14:30,Eredivisie - Round 7
115,cat115,1,39,37,1,149,3,9,7,6,6,2,2,0,,1,4,14,FC Emmen,186,1,22.09.2019 14:30,Eredivisie - Round 7,cat115,2,73,63,1,298,2,18,6,8,9,2,2,0,,4,4,2,Feyenoord,327,0,22.09.2019 14:30,Eredivisie - Round 7
116,cat116,1,40,42,2,114,2,28,3,6,7,2,1,0,,3,2,3,PSV,159,0,22.09.2019 16:45,Eredivisie - Round 7,cat116,2,46,58,2,171,6,24,5,3,8,1,1,1,,3,3,6,Ajax,209,1,22.09.2019 16:45,Eredivisie - Round 7
117,cat117,1,46,38,3,123,2,21,5,2,9,3,0,0,,5,1,10,PSV,167,1,22.09.2019 16:45,Eredivisie - Round 7,cat117,2,60,62,2,229,4,33,2,5,12,1,0,0,,7,3,10,Ajax,274,1,22.09.2019 16:45,Eredivisie - Round 7
118,cat118,1,72,53,1,157,1,30,8,7,4,1,0,1,,2,1,9,Den Haag,211,,22.09.2019 16:45,Eredivisie - Round 7,cat118,2,43,47,0,142,2,21,5,7,7,1,0,2,,5,2,6,AZ Alkmaar,197,,22.09.2019 16:45,Eredivisie - Round 7
119,cat119,1,64,39,0,115,0,17,6,10,4,1,0,1,,4,0,3,Den Haag,157,,22.09.2019 16:45,Eredivisie - Round 7,cat119,2,42,61,1,208,0,11,8,7,4,0,0,2,,2,1,3,AZ Alkmaar,255,,22.09.2019 16:45,Eredivisie - Round 7
120,cat120,1,71,43,1,188,3,22,7,7,5,0,0,1,,2,2,8,PSV,230,0,25.09.2019 18:30,Eredivisie - Round 4,cat120,2,52,57,0,236,2,18,6,8,3,1,0,1,,2,1,10,Groningen,284,1,25.09.2019 18:30,Eredivisie - Round 4
121,cat121,1,88,60,0,257,1,31,3,3,5,0,2,1,,3,2,8,PSV,303,0,25.09.2019 18:30,Eredivisie - Round 4,cat121,2,36,40,0,149,1,19,3,4,3,0,0,0,,3,0,9,Groningen,193,1,25.09.2019 18:30,Eredivisie - Round 4
122,cat122,1,85,66,2,326,3,46,3,3,15,1,5,1,,3,10,10,Ajax,367,1,25.09.2019 20:45,Eredivisie - Round 4,cat122,2,40,34,0,147,1,7,2,4,1,5,0,1,,0,1,11,Sittard,201,1,25.09.2019 20:45,Eredivisie - Round 4
123,cat123,1,78,58,5,259,2,51,5,6,10,0,0,3,,2,3,6,Ajax,297,,25.09.2019 20:45,Eredivisie - Round 4,cat123,2,58,42,1,176,1,15,4,8,3,3,0,1,,2,0,7,Sittard,218,,25.09.2019 20:45,Eredivisie - Round 4
124,cat124,1,62,52,1,248,1,20,9,5,4,2,0,2,,2,1,9,Feyenoord,290,,26.09.2019 20:00,Eredivisie - Round 4,cat124,2,49,48,0,238,1,15,3,11,6,1,0,1,,2,4,5,AZ Alkmaar,273,,26.09.2019 20:00,Eredivisie - Round 4
125,cat125,1,65,46,3,225,2,17,6,9,8,1,0,1,,1,4,8,Feyenoord,262,2,26.09.2019 20:00,Eredivisie - Round 4,cat125,2,59,54,2,271,1,25,8,7,5,4,1,1,,1,2,8,AZ Alkmaar,308,1,26.09.2019 20:00,Eredivisie - Round 4
126,cat126,1,43,48,0,126,1,17,9,6,6,4,2,0,,3,3,7,FC Emmen,162,2,27.09.2019 20:00,Eredivisie - Round 8,cat126,2,45,52,4,154,4,29,6,9,14,1,0,0,,6,4,3,Den Haag,180,3,27.09.2019 20:00,Eredivisie - Round 8
127,cat127,1,49,56,1,166,4,23,9,5,10,1,1,0,,7,2,4,FC Emmen,210,2,27.09.2019 20:00,Eredivisie - Round 8,cat127,2,40,44,0,130,0,17,4,9,5,1,0,1,,4,1,6,Den Haag,168,1,27.09.2019 20:00,Eredivisie - Round 8
128,cat128,1,69,61,1,183,7,35,6,9,5,1,0,2,,3,1,9,Venlo,232,1,28.09.2019 18:30,Eredivisie - Round 8,cat128,2,40,39,1,96,2,14,8,8,5,1,1,0,,2,2,17,Heerenveen,151,1,28.09.2019 18:30,Eredivisie - Round 8
129,cat129,1,58,49,0,192,3,24,7,7,4,0,0,1,,3,1,10,Venlo,235,1,28.09.2019 18:30,Eredivisie - Round 8,cat129,2,46,51,1,213,2,31,8,8,5,1,2,0,,2,2,7,Heerenveen,255,0,28.09.2019 18:30,Eredivisie - Round 8
130,cat130,1,86,73,1,313,2,45,5,7,18,1,2,0,0,10,7,6,Ajax,353,1,28.09.2019 19:45,Eredivisie - Round 8,cat130,2,38,27,2,85,1,10,7,5,4,5,0,0,1,1,1,5,Groningen,134,2,28.09.2019 19:45,Eredivisie - Round 8
131,cat131,1,73,71,3,302,6,46,2,4,14,1,0,0,,9,2,4,Ajax,352,0,28.09.2019 19:45,Eredivisie - Round 8,cat131,2,37,29,0,100,1,13,4,2,2,2,0,0,,1,1,7,Groningen,146,2,28.09.2019 19:45,Eredivisie - Round 8
132,cat132,1,59,54,1,137,4,36,7,10,8,1,0,2,0,6,1,5,Sittard,175,2,28.09.2019 20:45,Eredivisie - Round 8,cat132,2,43,46,2,108,1,20,10,8,6,1,0,0,1,3,1,6,Sparta Rotterdam,160,4,28.09.2019 20:45,Eredivisie - Round 8
133,cat133,1,46,48,0,146,6,19,4,11,5,1,0,1,,4,1,9,Sittard,192,1,28.09.2019 20:45,Eredivisie - Round 8,cat133,2,56,52,1,168,2,29,11,5,8,1,0,0,,6,1,6,Sparta Rotterdam,213,1,28.09.2019 20:45,Eredivisie - Round 8
134,cat134,1,63,61,2,197,0,37,9,2,8,0,1,0,0,2,4,8,Waalwijk,234,2,29.09.2019 12:15,Eredivisie - Round 8,cat134,2,34,39,1,95,4,17,2,9,2,3,1,1,1,0,1,15,Vitesse,138,0,29.09.2019 12:15,Eredivisie - Round 8
135,cat135,1,54,51,1,184,2,14,4,6,2,1,0,1,,0,1,4,Waalwijk,229,,29.09.2019 12:15,Eredivisie - Round 8,cat135,2,61,49,2,179,1,29,4,5,9,1,1,1,,5,2,7,Vitesse,225,,29.09.2019 12:15,Eredivisie - Round 8
136,cat136,1,59,46,2,181,3,30,6,6,8,6,0,0,,6,0,5,Zwolle,223,0,29.09.2019 14:30,Eredivisie - Round 8,cat136,2,57,54,3,221,5,20,6,7,13,0,0,0,,1,9,9,PSV,260,2,29.09.2019 14:30,Eredivisie - Round 8
137,cat137,1,71,46,1,207,2,20,4,4,6,5,0,0,,1,4,8,Zwolle,250,1,29.09.2019 14:30,Eredivisie - Round 8,cat137,2,63,54,2,255,1,35,5,4,12,4,1,0,,4,6,5,PSV,299,1,29.09.2019 14:30,Eredivisie - Round 8
138,cat138,1,45,43,0,140,2,26,5,7,6,1,2,1,1,1,5,6,Utrecht,178,0,29.09.2019 14:30,Eredivisie - Round 8,cat138,2,63,57,2,202,2,27,5,6,6,3,0,2,0,3,1,9,Willem II,242,2,29.09.2019 14:30,Eredivisie - Round 8
139,cat139,1,69,57,0,212,1,20,6,7,5,2,0,2,,4,1,6,Utrecht,252,1,29.09.2019 14:30,Eredivisie - Round 8,cat139,2,54,43,0,142,1,11,6,8,3,1,0,1,,1,2,12,Willem II,194,2,29.09.2019 14:30,Eredivisie - Round 8
140,cat140,1,34,50,2,221,5,20,9,5,13,0,0,1,,3,8,14,Feyenoord,257,0,29.09.2019 16:45,Eredivisie - Round 8,cat140,2,31,50,0,221,0,5,6,8,1,5,0,0,,1,0,12,Twente,263,1,29.09.2019 16:45,Eredivisie - Round 8
141,cat141,1,65,56,0,282,2,26,3,2,5,0,2,1,,2,3,3,Feyenoord,328,1,29.09.2019 16:45,Eredivisie - Round 8,cat141,2,47,44,2,219,2,11,0,5,5,1,1,0,,2,1,4,Twente,257,1,29.09.2019 16:45,Eredivisie - Round 8
142,cat142,1,55,67,1,243,1,20,7,4,4,3,2,0,,1,2,9,AZ Alkmaar,303,1,29.09.2019 16:45,Eredivisie - Round 8,cat142,2,32,33,3,93,3,15,5,7,7,0,0,0,,1,3,4,Heracles,143,2,29.09.2019 16:45,Eredivisie - Round 8
143,cat143,1,84,71,1,282,7,45,9,7,12,0,0,2,,4,7,5,AZ Alkmaar,325,1,29.09.2019 16:45,Eredivisie - Round 8,cat143,2,33,29,0,85,1,9,6,11,2,7,0,1,,2,0,11,Heracles,131,1,29.09.2019 16:45,Eredivisie - Round 8
144,cat144,1,57,46,1,152,3,23,10,8,8,0,0,1,,4,3,6,Groningen,195,3,04.10.2019 20:00,Eredivisie - Round 9,cat144,2,51,54,2,198,3,18,8,9,4,2,0,0,,2,0,9,Waalwijk,241,2,04.10.2019 20:00,Eredivisie - Round 9
145,cat145,1,53,46,1,207,1,24,6,10,3,3,2,2,,0,2,12,Groningen,263,0,04.10.2019 20:00,Eredivisie - Round 9,cat145,2,76,54,0,243,1,13,10,8,4,0,0,0,,1,3,6,Waalwijk,300,1,04.10.2019 20:00,Eredivisie - Round 9
146,cat146,1,40,38,1,160,1,20,3,9,7,0,1,0,,4,2,14,Heracles,212,0,05.10.2019 18:30,Eredivisie - Round 9,cat146,2,58,62,1,295,0,13,7,3,3,1,0,2,,2,0,11,FC Emmen,335,2,05.10.2019 18:30,Eredivisie - Round 9
147,cat147,1,56,52,2,207,4,23,7,8,8,0,1,0,,4,2,9,Heracles,262,0,05.10.2019 18:30,Eredivisie - Round 9,cat147,2,45,48,0,184,0,13,6,5,5,1,0,0,,5,0,10,FC Emmen,245,1,05.10.2019 18:30,Eredivisie - Round 9
148,cat148,1,21,27,1,84,1,16,6,5,7,2,1,0,,3,3,16,Vitesse,129,1,05.10.2019 19:45,Eredivisie - Round 9,cat148,2,71,73,3,280,2,37,4,6,7,2,0,1,,2,2,5,Utrecht,328,1,05.10.2019 19:45,Eredivisie - Round 9
149,cat149,1,33,55,0,188,2,9,5,4,6,3,1,1,,5,1,13,Vitesse,229,,05.10.2019 19:45,Eredivisie - Round 9,cat149,2,30,45,0,144,2,12,2,6,9,0,1,2,,5,4,13,Utrecht,187,,05.10.2019 19:45,Eredivisie - Round 9
150,cat150,1,44,34,0,83,0,17,7,7,6,2,2,2,0,3,3,7,Sparta Rotterdam,134,0,05.10.2019 19:45,Eredivisie - Round 9,cat150,2,65,66,1,233,2,32,7,9,11,1,1,0,1,7,3,5,Twente,281,2,05.10.2019 19:45,Eredivisie - Round 9
151,cat151,1,33,44,0,173,5,7,2,4,8,2,0,2,,2,6,6,Sparta Rotterdam,213,1,05.10.2019 19:45,Eredivisie - Round 9,cat151,2,29,56,1,230,1,13,3,4,4,6,0,1,,1,2,8,Twente,276,1,05.10.2019 19:45,Eredivisie - Round 9
152,cat152,1,32,43,3,126,7,26,5,7,12,0,0,1,,6,3,12,Heerenveen,162,0,05.10.2019 20:45,Eredivisie - Round 9,cat152,2,49,57,3,184,5,22,7,6,4,3,0,0,,1,0,19,Zwolle,240,1,05.10.2019 20:45,Eredivisie - Round 9
153,cat153,1,66,63,1,255,3,40,4,5,6,2,1,1,,3,2,10,Heerenveen,295,,05.10.2019 20:45,Eredivisie - Round 9,cat153,2,33,37,1,122,5,20,4,5,5,1,0,1,,2,2,13,Zwolle,162,,05.10.2019 20:45,Eredivisie - Round 9
154,cat154,1,47,46,3,125,1,28,4,11,6,0,0,3,,3,0,3,Den Haag,176,1,06.10.2019 12:15,Eredivisie - Round 9,cat154,2,58,54,1,169,4,23,9,7,4,0,1,2,,2,1,8,Ajax,223,1,06.10.2019 12:15,Eredivisie - Round 9
155,cat155,1,45,32,1,87,4,23,5,8,3,5,0,1,,1,1,7,Den Haag,125,2,06.10.2019 12:15,Eredivisie - Round 9,cat155,2,56,68,1,249,2,35,6,6,13,1,1,2,,6,6,14,Ajax,282,1,06.10.2019 12:15,Eredivisie - Round 9
156,cat156,1,19,31,1,79,2,2,6,11,6,2,1,0,,1,4,12,Sittard,131,2,06.10.2019 14:30,Eredivisie - Round 9,cat156,2,41,69,0,244,6,22,8,6,10,3,1,3,,7,3,8,Feyenoord,287,1,06.10.2019 14:30,Eredivisie - Round 9
157,cat157,1,45,31,1,113,0,4,3,2,5,2,3,0,,0,4,12,Sittard,159,1,06.10.2019 14:30,Eredivisie - Round 9,cat157,2,80,69,3,314,6,35,2,3,10,1,1,0,,4,3,3,Feyenoord,362,1,06.10.2019 14:30,Eredivisie - Round 9
158,cat158,1,31,33,6,90,4,14,6,5,12,3,0,2,0,3,3,11,Willem II,130,0,06.10.2019 16:45,Eredivisie - Round 9,cat158,2,37,67,2,236,3,20,5,8,7,3,0,1,1,2,3,3,AZ Alkmaar,277,5,06.10.2019 16:45,Eredivisie - Round 9
159,cat159,1,33,33,0,95,1,11,4,6,4,3,1,1,,3,1,12,Willem II,154,,06.10.2019 16:45,Eredivisie - Round 9,cat159,2,25,67,1,255,5,8,5,4,11,0,1,1,,6,4,3,AZ Alkmaar,317,,06.10.2019 16:45,Eredivisie - Round 9
160,cat160,1,37,60,5,220,4,19,5,6,12,1,4,2,,2,5,7,PSV,261,0,06.10.2019 16:45,Eredivisie - Round 9,cat160,2,41,40,2,140,3,14,5,7,6,1,1,1,,2,2,5,Venlo,189,1,06.10.2019 16:45,Eredivisie - Round 9
161,cat161,1,42,80,4,421,1,17,3,5,8,1,0,1,,3,1,10,PSV,472,,06.10.2019 16:45,Eredivisie - Round 9,cat161,2,13,20,2,72,2,5,5,4,4,1,0,0,,1,1,10,Venlo,111,,06.10.2019 16:45,Eredivisie - Round 9
162,cat162,1,54,31,3,,3,28,3,2,7,4,0,0,,1,3,,Waalwijk,,1,19.10.2019 18:30,Eredivisie - Round 10,cat162,2,80,69,2,,5,43,1,3,11,2,0,1,,3,6,,Ajax,,0,19.10.2019 18:30,Eredivisie - Round 10
163,cat163,1,60,43,1,,1,22,5,9,7,1,0,2,,4,2,,Waalwijk,,,19.10.2019 18:30,Eredivisie - Round 10,cat163,2,56,57,2,,1,38,9,7,8,2,0,0,,5,1,,Ajax,,,19.10.2019 18:30,Eredivisie - Round 10
164,cat164,1,83,72,0,,4,48,4,9,7,1,1,1,,4,3,,AZ Alkmaar,,2,19.10.2019 18:30,Eredivisie - Round 10,cat164,2,36,28,2,,1,13,6,5,6,2,1,3,,2,2,,Heerenveen,,1,19.10.2019 18:30,Eredivisie - Round 10
165,cat165,1,90,68,2,,5,32,3,3,10,3,1,0,,3,5,,AZ Alkmaar,,,19.10.2019 18:30,Eredivisie - Round 10,cat165,2,39,32,0,,3,16,3,3,6,4,3,0,,0,6,,Heerenveen,,,19.10.2019 18:30,Eredivisie - Round 10
166,cat166,1,64,67,3,,5,34,7,5,7,2,0,1,,1,3,,Twente,,1,19.10.2019 19:45,Eredivisie - Round 10,cat166,2,56,33,2,,3,19,5,8,5,3,0,0,,1,2,,Willem II,,4,19.10.2019 19:45,Eredivisie - Round 10
167,cat167,1,62,56,2,,4,30,6,7,4,1,0,0,,2,0,,Twente,,1,19.10.2019 19:45,Eredivisie - Round 10,cat167,2,61,44,2,,1,28,6,6,6,0,1,1,,2,2,,Willem II,,1,19.10.2019 19:45,Eredivisie - Round 10
168,cat168,1,55,41,2,,2,34,5,8,6,3,0,0,,3,1,,Venlo,,1,19.10.2019 20:45,Eredivisie - Round 10,cat168,2,60,59,2,,2,15,7,5,11,1,1,1,,5,4,,Vitesse,,0,19.10.2019 20:45,Eredivisie - Round 10
169,cat169,1,49,61,2,,4,19,4,6,9,0,0,1,,4,3,,Venlo,,1,19.10.2019 20:45,Eredivisie - Round 10,cat169,2,34,39,1,,1,12,5,5,4,3,3,1,,0,3,,Vitesse,,0,19.10.2019 20:45,Eredivisie - Round 10
170,cat170,1,44,45,7,,6,20,3,5,15,1,3,0,0,4,4,,Utrecht,,0,19.10.2019 20:45,Eredivisie - Round 10,cat170,2,70,55,1,,2,25,5,3,4,1,0,0,2,2,1,,PSV,,1,19.10.2019 20:45,Eredivisie - Round 10
171,cat171,1,63,41,0,,0,24,7,6,2,0,0,1,,2,0,,Utrecht,,,19.10.2019 20:45,Eredivisie - Round 10,cat171,2,54,59,1,,0,21,6,8,2,0,0,0,,1,0,,PSV,,,19.10.2019 20:45,Eredivisie - Round 10
172,cat172,1,49,55,2,197,1,25,8,10,6,0,0,5,,2,2,5,Zwolle,242,2,20.10.2019 12:15,Eredivisie - Round 10,cat172,2,47,45,1,143,3,26,10,14,6,0,0,0,,5,0,5,Den Haag,193,1,20.10.2019 12:15,Eredivisie - Round 10
173,cat173,1,51,57,1,203,0,25,8,5,7,0,1,1,,4,2,5,Zwolle,232,1,20.10.2019 12:15,Eredivisie - Round 10,cat173,2,49,43,3,130,5,11,5,9,8,1,1,0,,4,1,6,Den Haag,168,1,20.10.2019 12:15,Eredivisie - Round 10
174,cat174,1,50,55,2,132,4,18,4,4,9,2,2,0,0,5,2,7,Groningen,188,0,20.10.2019 14:30,Eredivisie - Round 10,cat174,2,66,45,0,110,2,23,4,2,4,0,0,0,1,2,2,2,Sparta Rotterdam,164,3,20.10.2019 14:30,Eredivisie - Round 10
175,cat175,1,70,63,1,236,0,11,5,8,6,2,0,0,,3,2,5,Groningen,276,,20.10.2019 14:30,Eredivisie - Round 10,cat175,2,42,37,0,108,3,18,7,5,6,2,0,1,,4,2,6,Sparta Rotterdam,153,,20.10.2019 14:30,Eredivisie - Round 10
176,cat176,1,61,60,3,206,2,26,8,7,10,4,0,1,,5,2,4,FC Emmen,258,2,20.10.2019 14:30,Eredivisie - Round 10,cat176,2,51,40,2,109,5,28,6,9,8,0,0,1,,2,4,11,Sittard,174,4,20.10.2019 14:30,Eredivisie - Round 10
177,cat177,1,71,60,0,242,0,25,4,6,4,3,0,1,,3,1,8,FC Emmen,309,,20.10.2019 14:30,Eredivisie - Round 10,cat177,2,64,40,1,138,2,25,6,5,9,1,1,1,,4,4,8,Sittard,200,,20.10.2019 14:30,Eredivisie - Round 10
178,cat178,1,65,59,1,187,5,35,8,6,7,1,0,1,,3,3,5,Feyenoord,236,3,20.10.2019 16:45,Eredivisie - Round 10,cat178,2,50,41,0,111,5,21,6,9,5,3,0,0,,3,2,7,Heracles,161,3,20.10.2019 16:45,Eredivisie - Round 10
179,cat179,1,72,59,4,250,2,32,3,6,10,0,1,0,,3,3,19,Feyenoord,297,,20.10.2019 16:45,Eredivisie - Round 10,cat179,2,55,41,1,163,1,11,4,3,2,2,0,2,,1,0,13,Heracles,209,,20.10.2019 16:45,Eredivisie - Round 10
180,cat180,1,54,49,2,160,2,20,9,9,9,1,1,2,,3,4,11,Twente,208,0,25.10.2019 20:00,Eredivisie - Round 11,cat180,2,70,51,1,172,1,18,7,12,5,3,1,3,,2,2,10,FC Emmen,221,2,25.10.2019 20:00,Eredivisie - Round 11
181,cat181,1,66,43,1,171,1,7,8,7,8,1,3,1,,3,4,15,Twente,213,0,25.10.2019 20:00,Eredivisie - Round 11,cat181,2,66,57,2,232,1,8,6,9,5,1,0,1,,2,1,10,FC Emmen,279,1,25.10.2019 20:00,Eredivisie - Round 11
182,cat182,1,57,40,0,167,1,22,1,7,7,0,0,1,,6,1,3,Willem II,239,0,26.10.2019 18:30,Eredivisie - Round 11,cat182,2,68,60,4,251,3,33,7,2,7,1,0,0,,3,0,3,Waalwijk,340,1,26.10.2019 18:30,Eredivisie - Round 11
183,cat183,1,93,54,4,152,3,38,4,7,12,0,2,2,,4,4,5,Willem II,183,,26.10.2019 18:30,Eredivisie - Round 11,cat183,2,56,46,0,111,0,8,6,6,3,2,1,1,,2,1,6,Waalwijk,149,,26.10.2019 18:30,Eredivisie - Round 11
184,cat184,1,76,57,3,164,1,39,8,3,15,1,0,1,,8,4,8,Vitesse,217,2,26.10.2019 19:45,Eredivisie - Round 11,cat184,2,51,43,1,104,4,20,3,9,4,4,0,0,,2,1,8,Den Haag,163,1,26.10.2019 19:45,Eredivisie - Round 11
185,cat185,1,63,53,6,191,1,28,4,5,12,1,0,0,,4,2,9,Vitesse,233,1,26.10.2019 19:45,Eredivisie - Round 11,cat185,2,54,47,0,152,0,11,4,4,3,2,2,2,,0,3,4,Den Haag,206,0,26.10.2019 19:45,Eredivisie - Round 11
186,cat186,1,40,41,0,107,1,14,2,3,6,2,2,2,,3,3,7,Sittard,142,0,26.10.2019 19:45,Eredivisie - Round 11,cat186,2,48,60,4,118,9,30,6,6,11,1,1,0,,4,3,9,Venlo,162,3,26.10.2019 19:45,Eredivisie - Round 11
187,cat187,1,51,48,0,178,0,10,8,7,4,3,2,0,,2,2,7,Sittard,224,,26.10.2019 19:45,Eredivisie - Round 11,cat187,2,64,52,1,212,4,26,6,7,6,0,0,0,,2,3,5,Venlo,250,,26.10.2019 19:45,Eredivisie - Round 11
188,cat188,1,55,52,4,151,6,17,8,4,16,3,3,0,,4,8,6,Heracles,184,,26.10.2019 20:45,Eredivisie - Round 11,cat188,2,43,48,4,128,6,20,3,8,12,5,0,1,,5,3,11,Zwolle,162,,26.10.2019 20:45,Eredivisie - Round 11
189,cat189,1,31,36,1,112,1,17,9,11,6,3,1,1,,1,4,9,Heracles,155,0,26.10.2019 20:45,Eredivisie - Round 11,cat189,2,61,64,1,223,1,21,9,10,5,3,0,2,,1,3,9,Zwolle,268,1,26.10.2019 20:45,Eredivisie - Round 11
190,cat190,1,59,53,0,184,2,21,6,5,4,1,0,2,,3,1,7,Heerenveen,265,,27.10.2019 12:15,Eredivisie - Round 11,cat190,2,67,47,3,164,0,18,4,7,7,1,0,1,,2,2,11,Groningen,231,,27.10.2019 12:15,Eredivisie - Round 11
191,cat191,1,62,49,3,197,4,26,6,8,10,1,1,0,,4,3,7,Heerenveen,243,,27.10.2019 12:15,Eredivisie - Round 11,cat191,2,62,51,0,204,1,8,8,6,1,2,0,1,,0,1,13,Groningen,259,,27.10.2019 12:15,Eredivisie - Round 11
192,cat192,1,82,48,2,165,6,37,3,6,12,1,0,0,,10,0,10,Sparta Rotterdam,220,1,27.10.2019 14:30,Eredivisie - Round 11,cat192,2,52,52,4,201,3,29,6,3,6,0,0,0,,1,1,6,Utrecht,263,1,27.10.2019 14:30,Eredivisie - Round 11
193,cat193,1,25,32,1,94,1,13,8,3,3,0,1,1,,1,1,5,Sparta Rotterdam,134,1,27.10.2019 14:30,Eredivisie - Round 11,cat193,2,70,68,1,266,1,33,2,7,4,0,2,1,,1,2,4,Utrecht,296,0,27.10.2019 14:30,Eredivisie - Round 11
194,cat194,1,56,35,1,141,0,16,5,6,2,1,0,2,,1,0,7,PSV,181,,27.10.2019 14:30,Eredivisie - Round 11,cat194,2,68,65,3,311,3,27,6,6,10,0,2,0,,4,3,3,AZ Alkmaar,349,,27.10.2019 14:30,Eredivisie - Round 11
195,cat195,1,29,33,1,122,1,12,4,5,4,1,0,0,1,3,0,7,PSV,178,0,27.10.2019 14:30,Eredivisie - Round 11,cat195,2,86,67,0,315,0,29,5,4,7,0,2,0,0,4,3,6,AZ Alkmaar,366,1,27.10.2019 14:30,Eredivisie - Round 11
196,cat196,1,93,68,1,319,5,41,4,8,10,0,0,0,,4,5,14,Ajax,361,,27.10.2019 16:45,Eredivisie - Round 11,cat196,2,36,32,0,136,2,21,8,4,1,5,0,0,,1,0,17,Feyenoord,176,,27.10.2019 16:45,Eredivisie - Round 11
197,cat197,1,63,62,0,262,1,30,5,8,9,0,4,2,,2,7,12,Ajax,302,,27.10.2019 16:45,Eredivisie - Round 11,cat197,2,42,38,2,141,2,13,7,8,3,3,0,1,,1,0,12,Feyenoord,182,,27.10.2019 16:45,Eredivisie - Round 11
198,cat198,1,58,44,0,140,0,23,5,7,6,1,1,2,,4,2,18,Zwolle,201,2,01.11.2019 20:00,Eredivisie - Round 12,cat198,2,78,56,2,208,1,34,7,7,10,1,1,0,,6,2,6,Ajax,274,1,01.11.2019 20:00,Eredivisie - Round 12
199,cat199,1,32,38,0,164,2,14,5,6,5,2,1,1,,2,3,9,Zwolle,199,1,01.11.2019 20:00,Eredivisie - Round 12,cat199,2,76,62,1,278,3,37,6,6,10,2,3,0,,4,5,17,Ajax,311,0,01.11.2019 20:00,Eredivisie - Round 12
200,cat200,1,61,49,3,87,5,39,9,12,12,2,1,0,,6,3,11,Waalwijk,146,3,02.11.2019 18:30,Eredivisie - Round 12,cat200,2,45,51,1,115,2,14,10,9,5,2,0,2,,2,2,16,Heracles,166,2,02.11.2019 18:30,Eredivisie - Round 12
201,cat201,1,52,51,2,164,2,26,9,5,9,3,1,0,,2,5,9,Waalwijk,211,3,02.11.2019 18:30,Eredivisie - Round 12,cat201,2,45,49,3,150,0,16,4,9,7,4,0,0,,1,3,10,Heracles,204,1,02.11.2019 18:30,Eredivisie - Round 12
202,cat202,1,51,36,0,79,3,26,4,4,4,3,1,2,,0,4,9,Sparta Rotterdam,138,,02.11.2019 19:45,Eredivisie - Round 12,cat202,2,73,64,5,205,4,49,4,5,17,3,2,0,,7,5,8,PSV,258,,02.11.2019 19:45,Eredivisie - Round 12
203,cat203,1,76,36,1,100,3,16,3,2,6,2,1,0,,2,3,9,Sparta Rotterdam,159,,02.11.2019 19:45,Eredivisie - Round 12,cat203,2,76,64,1,227,2,19,2,3,7,2,0,0,,4,2,10,PSV,286,,02.11.2019 19:45,Eredivisie - Round 12
204,cat204,1,86,70,4,348,8,65,5,3,19,1,2,0,,8,7,9,AZ Alkmaar,380,,02.11.2019 20:45,Eredivisie - Round 12,cat204,2,30,30,0,130,0,9,2,5,1,5,0,1,,0,1,8,Twente,166,,02.11.2019 20:45,Eredivisie - Round 12
205,cat205,1,93,70,2,363,5,54,3,4,14,1,1,0,0,8,4,9,AZ Alkmaar,403,0,02.11.2019 20:45,Eredivisie - Round 12,cat205,2,30,30,0,125,0,12,4,3,2,3,0,0,1,1,1,14,Twente,171,1,02.11.2019 20:45,Eredivisie - Round 12
206,cat206,1,43,54,5,186,5,27,6,9,10,1,0,2,,4,1,9,FC Emmen,229,1,03.11.2019 12:15,Eredivisie - Round 12,cat206,2,49,46,4,156,6,31,8,8,9,1,0,0,,4,1,9,Vitesse,196,2,03.11.2019 12:15,Eredivisie - Round 12
207,cat207,1,56,60,2,277,3,17,2,4,11,1,2,2,,3,6,8,FC Emmen,321,,03.11.2019 12:15,Eredivisie - Round 12,cat207,2,53,40,0,165,0,23,3,4,4,4,1,1,,2,2,10,Vitesse,207,,03.11.2019 12:15,Eredivisie - Round 12
208,cat208,1,58,51,2,213,0,36,9,6,5,3,0,0,1,3,0,10,Venlo,253,3,03.11.2019 14:30,Eredivisie - Round 12,cat208,2,54,49,1,213,3,25,5,8,7,0,0,1,0,2,4,5,Feyenoord,246,1,03.11.2019 14:30,Eredivisie - Round 12
209,cat209,1,60,41,1,172,2,20,5,6,5,0,0,0,,4,0,6,Venlo,216,,03.11.2019 14:30,Eredivisie - Round 12,cat209,2,52,59,2,265,2,17,4,4,5,0,2,1,,1,2,6,Feyenoord,311,,03.11.2019 14:30,Eredivisie - Round 12
210,cat210,1,69,63,1,256,3,26,6,7,7,1,3,1,,2,4,4,Utrecht,298,0,03.11.2019 14:30,Eredivisie - Round 12,cat210,2,61,37,0,199,1,4,8,8,2,1,0,0,,1,1,10,Sittard,245,1,03.11.2019 14:30,Eredivisie - Round 12
211,cat211,1,64,55,1,269,5,41,2,7,8,0,3,1,,3,4,4,Utrecht,308,0,03.11.2019 14:30,Eredivisie - Round 12,cat211,2,27,45,0,146,0,11,7,3,0,1,0,1,,0,0,5,Sittard,185,1,03.11.2019 14:30,Eredivisie - Round 12
212,cat212,1,52,51,1,148,0,12,7,7,6,0,1,2,,1,4,22,Groningen,213,2,03.11.2019 14:30,Eredivisie - Round 12,cat212,2,69,49,1,142,2,21,7,10,2,3,0,1,,1,0,12,Willem II,214,1,03.11.2019 14:30,Eredivisie - Round 12
213,cat213,1,63,61,2,211,5,23,0,7,10,0,1,1,,2,6,9,Groningen,262,0,03.11.2019 14:30,Eredivisie - Round 12,cat213,2,51,39,1,107,0,13,7,1,3,5,0,0,,2,0,5,Willem II,163,1,03.11.2019 14:30,Eredivisie - Round 12
214,cat214,1,48,39,0,111,1,16,7,5,4,2,0,0,,2,2,7,Den Haag,156,3,03.11.2019 16:45,Eredivisie - Round 12,cat214,2,65,61,4,196,6,26,5,7,10,1,0,1,,3,3,6,Heerenveen,240,0,03.11.2019 16:45,Eredivisie - Round 12
215,cat215,1,52,49,1,184,3,26,6,3,3,1,0,1,,2,0,12,Den Haag,230,,03.11.2019 16:45,Eredivisie - Round 12,cat215,2,64,51,4,203,2,19,2,7,7,0,0,1,,2,1,4,Heerenveen,252,,03.11.2019 16:45,Eredivisie - Round 12
216,cat216,1,67,68,9,197,5,50,9,8,20,3,1,1,,5,6,,Vitesse,252,1,08.11.2019 20:00,Eredivisie - Round 13,cat216,2,32,32,0,75,0,20,7,9,6,5,0,0,,3,3,,Groningen,126,2,08.11.2019 20:00,Eredivisie - Round 13
217,cat217,1,56,50,5,174,4,21,3,6,11,1,0,2,,4,2,,Vitesse,222,,08.11.2019 20:00,Eredivisie - Round 13,cat217,2,48,50,3,170,2,19,5,5,7,2,2,1,,1,3,,Groningen,220,,08.11.2019 20:00,Eredivisie - Round 13
218,cat218,1,66,65,1,203,3,25,4,5,10,2,2,1,,6,3,,Heerenveen,249,0,09.11.2019 18:30,Eredivisie - Round 13,cat218,2,58,35,5,91,5,24,4,5,10,1,0,1,,3,2,,Sparta Rotterdam,140,1,09.11.2019 18:30,Eredivisie - Round 13
219,cat219,1,88,69,0,298,3,48,2,10,7,0,0,0,,6,1,,Heerenveen,351,,09.11.2019 18:30,Eredivisie - Round 13,cat219,2,47,31,2,83,1,15,10,2,3,1,1,0,,0,1,,Sparta Rotterdam,151,,09.11.2019 18:30,Eredivisie - Round 13
220,cat220,1,55,47,1,89,5,19,10,10,9,5,0,1,,3,5,,Sittard,158,1,09.11.2019 19:45,Eredivisie - Round 13,cat220,2,52,53,3,113,2,23,8,11,11,5,0,1,,3,5,,Den Haag,176,5,09.11.2019 19:45,Eredivisie - Round 13
221,cat221,1,64,61,3,212,3,22,4,6,6,1,1,1,,0,3,,Sittard,256,0,09.11.2019 19:45,Eredivisie - Round 13,cat221,2,37,39,0,113,1,17,6,5,2,2,0,0,,1,1,,Den Haag,157,1,09.11.2019 19:45,Eredivisie - Round 13
222,cat222,1,82,70,4,308,4,33,4,6,13,1,0,0,,2,7,,Heracles,340,1,09.11.2019 20:45,Eredivisie - Round 13,cat222,2,37,30,1,120,0,10,5,4,5,3,0,0,,2,2,,Venlo,157,0,09.11.2019 20:45,Eredivisie - Round 13
223,cat223,1,56,56,0,176,5,25,6,5,11,1,2,1,,6,5,,Heracles,217,1,09.11.2019 20:45,Eredivisie - Round 13,cat223,2,47,44,1,130,1,11,5,7,4,3,0,1,,2,1,,Venlo,175,2,09.11.2019 20:45,Eredivisie - Round 13
224,cat224,1,99,78,0,409,5,46,4,7,11,0,1,2,,3,8,,Ajax,455,,10.11.2019 12:15,Eredivisie - Round 13,cat224,2,34,22,0,94,1,7,7,6,2,7,0,0,,2,0,,Utrecht,134,,10.11.2019 12:15,Eredivisie - Round 13
225,cat225,1,92,66,1,301,4,43,4,3,11,0,3,0,,3,7,,Ajax,350,,10.11.2019 12:15,Eredivisie - Round 13,cat225,2,41,34,0,137,1,7,2,4,2,4,0,1,,2,0,,Utrecht,187,,10.11.2019 12:15,Eredivisie - Round 13
226,cat226,1,62,36,3,,3,26,6,11,10,3,1,1,,4,3,,Willem II,,0,10.11.2019 14:30,Eredivisie - Round 13,cat226,2,73,64,0,,2,33,8,7,7,2,1,3,,3,4,,PSV,,5,10.11.2019 14:30,Eredivisie - Round 13
227,cat227,1,53,34,0,,0,5,9,7,3,2,1,1,,1,2,,Willem II,,1,10.11.2019 14:30,Eredivisie - Round 13,cat227,2,80,66,1,,2,26,5,10,6,1,0,2,,3,2,,PSV,,0,10.11.2019 14:30,Eredivisie - Round 13
228,cat228,1,31,34,0,99,1,12,8,6,2,2,0,3,,1,1,,Twente,147,0,10.11.2019 14:30,Eredivisie - Round 13,cat228,2,75,66,2,240,6,36,4,11,9,1,0,2,,4,3,,Zwolle,289,3,10.11.2019 14:30,Eredivisie - Round 13
229,cat229,1,41,48,3,196,6,21,9,2,8,1,2,0,,0,5,,Twente,239,,10.11.2019 14:30,Eredivisie - Round 13,cat229,2,61,52,1,225,0,15,1,9,3,3,0,1,,1,1,,Zwolle,271,,10.11.2019 14:30,Eredivisie - Round 13
230,cat230,1,74,62,1,191,4,41,6,13,16,2,1,0,0,8,7,,Feyenoord,237,1,10.11.2019 16:45,Eredivisie - Round 13,cat230,2,49,38,0,108,0,20,10,6,2,6,0,3,1,0,2,,Waalwijk,149,4,10.11.2019 16:45,Eredivisie - Round 13
231,cat231,1,82,64,3,263,1,25,6,4,8,0,2,0,,3,2,,Feyenoord,319,2,10.11.2019 16:45,Eredivisie - Round 13,cat231,2,52,36,2,121,4,16,4,6,8,0,2,0,,4,2,,Waalwijk,169,1,10.11.2019 16:45,Eredivisie - Round 13
232,cat232,1,83,55,1,274,3,44,5,6,10,1,1,1,,4,5,,AZ Alkmaar,316,,10.11.2019 20:00,Eredivisie - Round 13,cat232,2,49,45,1,209,0,12,4,6,6,4,0,2,,4,1,,FC Emmen,245,,10.11.2019 20:00,Eredivisie - Round 13
233,cat233,1,96,63,0,274,5,43,5,6,8,1,2,0,,3,5,,AZ Alkmaar,315,0,10.11.2019 20:00,Eredivisie - Round 13,cat233,2,36,37,1,135,0,7,5,5,2,3,0,2,,0,1,,FC Emmen,185,2,10.11.2019 20:00,Eredivisie - Round 13
234,cat234,1,77,64,1,252,3,29,3,10,8,3,0,0,,7,0,,Utrecht,293,0,23.11.2019 18:30,Eredivisie - Round 14,cat234,2,28,36,1,121,1,12,9,3,6,0,1,0,,1,4,,AZ Alkmaar,159,1,23.11.2019 18:30,Eredivisie - Round 14
235,cat235,1,53,46,4,163,1,14,5,10,9,1,0,2,,4,1,,Utrecht,207,1,23.11.2019 18:30,Eredivisie - Round 14,cat235,2,57,54,0,196,0,16,8,7,3,1,2,2,,0,3,,AZ Alkmaar,246,1,23.11.2019 18:30,Eredivisie - Round 14
236,cat236,1,49,47,1,158,5,24,8,4,9,4,2,0,1,2,6,,Zwolle,202,1,23.11.2019 19:45,Eredivisie - Round 14,cat236,2,63,53,2,198,4,33,4,8,10,4,1,0,0,3,5,,Sittard,237,1,23.11.2019 19:45,Eredivisie - Round 14
237,cat237,1,53,57,3,232,7,24,7,3,7,1,1,1,0,3,1,,Zwolle,270,1,23.11.2019 19:45,Eredivisie - Round 14,cat237,2,62,43,2,160,1,26,3,8,5,0,0,0,1,2,1,,Sittard,206,0,23.11.2019 19:45,Eredivisie - Round 14
238,cat238,1,57,59,5,238,5,35,8,6,15,2,3,0,,5,5,,Ajax,269,,23.11.2019 19:45,Eredivisie - Round 14,cat238,2,43,41,1,153,2,11,3,8,4,2,1,3,,0,3,,Heracles,191,,23.11.2019 19:45,Eredivisie - Round 14
239,cat239,1,74,65,5,285,2,43,5,7,10,3,1,3,,0,5,,Ajax,333,,23.11.2019 19:45,Eredivisie - Round 14,cat239,2,43,35,0,128,0,19,6,8,5,4,0,1,,2,3,,Heracles,176,,23.11.2019 19:45,Eredivisie - Round 14
240,cat240,1,72,58,1,180,3,46,5,10,16,3,3,0,,7,8,,Den Haag,228,1,23.11.2019 20:45,Eredivisie - Round 14,cat240,2,55,42,2,103,3,13,9,5,7,5,1,1,,1,4,,Willem II,167,2,23.11.2019 20:45,Eredivisie - Round 14
241,cat241,1,47,52,1,170,0,22,5,6,4,4,0,1,,2,1,,Den Haag,215,,23.11.2019 20:45,Eredivisie - Round 14,cat241,2,59,48,3,151,3,26,5,6,13,1,2,1,,4,6,,Willem II,196,,23.11.2019 20:45,Eredivisie - Round 14
242,cat242,1,72,51,2,154,4,33,5,8,10,4,1,0,,7,1,,Groningen,197,2,24.11.2019 12:15,Eredivisie - Round 14,cat242,2,39,49,0,162,3,18,8,5,6,0,0,1,,2,4,,Feyenoord,195,1,24.11.2019 12:15,Eredivisie - Round 14
243,cat243,1,70,57,0,222,4,29,6,9,6,1,0,0,,6,0,,Groningen,265,,24.11.2019 12:15,Eredivisie - Round 14,cat243,2,47,43,1,162,2,6,7,6,6,0,1,2,,3,2,,Feyenoord,203,,24.11.2019 12:15,Eredivisie - Round 14
244,cat244,1,84,48,4,200,7,33,4,6,13,2,0,0,1,5,4,,Waalwijk,258,3,24.11.2019 14:30,Eredivisie - Round 14,cat244,2,55,52,0,230,0,20,7,5,5,3,0,0,0,3,2,,FC Emmen,291,1,24.11.2019 14:30,Eredivisie - Round 14
245,cat245,1,69,52,3,208,3,29,3,5,6,0,0,1,,3,0,,Waalwijk,263,,24.11.2019 14:30,Eredivisie - Round 14,cat245,2,53,48,0,191,0,12,4,4,4,0,1,2,,3,1,,FC Emmen,249,,24.11.2019 14:30,Eredivisie - Round 14
246,cat246,1,50,45,1,,1,17,4,9,3,3,0,2,,1,1,,PSV,,1,24.11.2019 14:30,Eredivisie - Round 14,cat246,2,77,55,5,,4,33,8,6,12,1,1,1,,3,4,,Heerenveen,,2,24.11.2019 14:30,Eredivisie - Round 14
247,cat247,1,68,61,2,,6,33,2,5,15,1,2,0,,5,8,,PSV,,,24.11.2019 14:30,Eredivisie - Round 14,cat247,2,55,39,0,,0,11,4,2,2,6,0,0,,1,1,,Heerenveen,,,24.11.2019 14:30,Eredivisie - Round 14
248,cat248,1,60,36,0,111,1,22,3,9,5,2,0,2,,2,3,10,Venlo,162,2,24.11.2019 16:45,Eredivisie - Round 14,cat248,2,63,64,1,249,1,26,9,6,7,3,0,0,,4,2,5,Twente,299,0,24.11.2019 16:45,Eredivisie - Round 14
249,cat249,1,40,30,1,106,1,12,7,9,7,2,2,0,,2,4,7,Venlo,145,0,24.11.2019 16:45,Eredivisie - Round 14,cat249,2,61,70,2,299,4,12,7,7,8,2,1,2,,3,3,2,Twente,335,1,24.11.2019 16:45,Eredivisie - Round 14
250,cat250,1,50,31,1,94,0,17,6,6,10,5,1,2,,6,3,6,Sparta Rotterdam,143,1,24.11.2019 16:45,Eredivisie - Round 14,cat250,2,66,69,2,241,3,31,3,8,10,2,0,3,,3,5,11,Vitesse,288,0,24.11.2019 16:45,Eredivisie - Round 14
251,cat251,1,55,43,0,145,2,21,7,7,5,1,1,0,,3,2,8,Sparta Rotterdam,197,1,24.11.2019 16:45,Eredivisie - Round 14,cat251,2,56,57,0,206,2,29,4,7,3,1,0,3,,2,1,10,Vitesse,258,0,24.11.2019 16:45,Eredivisie - Round 14
252,cat252,1,71,51,0,210,2,31,6,9,8,5,0,0,,2,6,,Heerenveen,262,2,29.11.2019 20:00,Eredivisie - Round 15,cat252,2,43,49,2,166,4,16,8,6,9,4,0,1,,2,5,,Vitesse,228,2,29.11.2019 20:00,Eredivisie - Round 15
253,cat253,1,56,51,2,211,6,29,7,4,9,2,1,1,,5,2,,Heerenveen,245,,29.11.2019 20:00,Eredivisie - Round 15,cat253,2,49,49,3,222,1,14,3,8,10,1,2,2,,3,4,,Vitesse,253,,29.11.2019 20:00,Eredivisie - Round 15
254,cat254,1,64,57,2,203,2,25,3,8,6,3,1,0,,1,3,8,Willem II,244,0,30.11.2019 18:30,Eredivisie - Round 15,cat254,2,58,43,1,151,2,31,7,3,7,2,0,2,,3,3,32,Sparta Rotterdam,196,2,30.11.2019 18:30,Eredivisie - Round 15
255,cat255,1,86,63,2,230,4,22,1,10,6,0,3,0,,0,4,,Willem II,279,,30.11.2019 18:30,Eredivisie - Round 15,cat255,2,37,37,2,94,2,16,9,1,3,1,0,1,,1,0,,Sparta Rotterdam,147,,30.11.2019 18:30,Eredivisie - Round 15
256,cat256,1,49,40,2,104,0,8,5,8,5,2,1,1,,1,2,11,Sittard,172,,30.11.2019 19:45,Eredivisie - Round 15,cat256,2,64,60,1,189,5,35,5,6,7,1,0,2,,4,2,8,Groningen,239,,30.11.2019 19:45,Eredivisie - Round 15
257,cat257,1,57,44,2,149,0,23,5,8,5,0,0,1,,1,2,,Sittard,207,1,30.11.2019 19:45,Eredivisie - Round 15,cat257,2,55,56,1,214,1,16,5,5,4,2,0,1,,3,0,,Groningen,262,1,30.11.2019 19:45,Eredivisie - Round 15
258,cat258,1,36,55,4,176,1,20,6,4,8,1,0,2,,2,2,,Heracles,221,2,30.11.2019 20:45,Eredivisie - Round 15,cat258,2,65,45,2,139,1,18,4,8,5,0,0,1,,2,1,,Den Haag,187,0,30.11.2019 20:45,Eredivisie - Round 15
259,cat259,1,47,63,1,250,2,22,5,5,4,1,2,1,,1,2,,Heracles,300,,30.11.2019 20:45,Eredivisie - Round 15,cat259,2,40,37,0,125,0,19,4,6,2,0,0,1,,1,1,,Den Haag,173,,30.11.2019 20:45,Eredivisie - Round 15
260,cat260,1,45,45,1,124,0,18,4,7,5,2,0,2,,3,1,,Twente,176,2,01.12.2019 12:15,Eredivisie - Round 15,cat260,2,58,55,2,215,1,28,7,6,11,1,4,0,,3,6,,Ajax,265,2,01.12.2019 12:15,Eredivisie - Round 15
261,cat261,1,41,25,2,93,1,10,8,7,4,3,2,0,,0,2,,Twente,141,1,01.12.2019 12:15,Eredivisie - Round 15,cat261,2,78,75,2,273,3,29,7,7,7,0,1,0,,1,4,,Ajax,324,1,01.12.2019 12:15,Eredivisie - Round 15
262,cat262,1,83,71,1,246,4,41,4,9,9,1,0,3,,4,4,,Utrecht,295,2,01.12.2019 14:30,Eredivisie - Round 15,cat262,2,35,29,1,130,4,17,9,7,6,4,0,0,,3,2,,Waalwijk,179,1,01.12.2019 14:30,Eredivisie - Round 15
263,cat263,1,51,41,0,182,0,28,4,8,4,1,0,2,,4,0,,Utrecht,229,1,01.12.2019 14:30,Eredivisie - Round 15,cat263,2,54,59,3,197,5,20,6,6,5,0,0,2,,1,1,,Waalwijk,235,0,01.12.2019 14:30,Eredivisie - Round 15
264,cat264,1,75,49,3,175,1,26,2,4,7,8,0,1,,3,1,,Feyenoord,218,,01.12.2019 16:45,Eredivisie - Round 15,cat264,2,64,51,3,223,5,28,4,4,14,1,0,0,,3,8,,Zwolle,259,,01.12.2019 16:45,Eredivisie - Round 15
265,cat265,1,72,57,1,233,6,45,4,4,13,0,1,1,,6,6,,Feyenoord,273,,01.12.2019 16:45,Eredivisie - Round 15,cat265,2,41,43,2,134,0,11,4,5,6,5,0,0,,4,0,,Zwolle,177,,01.12.2019 16:45,Eredivisie - Round 15
266,cat266,1,78,73,5,349,4,46,8,7,12,1,0,1,,2,5,,AZ Alkmaar,406,2,01.12.2019 16:45,Eredivisie - Round 15,cat266,2,44,27,0,83,0,14,4,9,3,5,0,2,,2,1,,Venlo,132,0,01.12.2019 16:45,Eredivisie - Round 15
267,cat267,1,91,77,4,328,6,65,3,4,13,0,1,1,,6,3,,AZ Alkmaar,371,,01.12.2019 16:45,Eredivisie - Round 15,cat267,2,32,23,0,79,0,11,3,4,1,2,0,1,,1,0,,Venlo,124,,01.12.2019 16:45,Eredivisie - Round 15
268,cat268,1,62,54,4,386,0,34,11,10,9,1,1,0,1,4,1,,FC Emmen,473,3,01.12.2019 20:00,Eredivisie - Round 15,cat268,2,50,46,0,512,1,12,8,11,2,0,0,2,0,1,1,,PSV,600,4,01.12.2019 20:00,Eredivisie - Round 15
269,cat269,1,51,34,0,,1,13,7,3,3,2,0,0,,2,1,,FC Emmen,,,01.12.2019 20:00,Eredivisie - Round 15,cat269,2,69,66,4,,6,32,3,7,11,1,1,0,,4,3,,PSV,,,01.12.2019 20:00,Eredivisie - Round 15
270,cat270,1,94,71,8,,6,72,4,5,18,0,0,0,,7,3,,Ajax,,,06.12.2019 20:15,Eredivisie - Round 16,cat270,2,54,29,2,,1,20,4,4,5,3,0,1,,2,1,,Willem II,,,06.12.2019 20:15,Eredivisie - Round 16
271,cat271,1,53,63,4,,6,20,5,3,11,2,0,3,,4,3,,Ajax,,1,06.12.2019 20:15,Eredivisie - Round 16,cat271,2,48,37,0,,2,17,2,7,4,3,1,1,,1,3,,Willem II,,1,06.12.2019 20:15,Eredivisie - Round 16
272,cat272,1,69,45,2,103,5,32,9,8,7,1,0,1,,2,3,,Den Haag,161,2,07.12.2019 18:30,Eredivisie - Round 16,cat272,2,47,55,1,148,3,26,7,10,6,3,0,1,,4,1,,Twente,205,1,07.12.2019 18:30,Eredivisie - Round 16
273,cat273,1,41,41,1,101,3,21,10,7,2,1,0,0,,1,0,,Den Haag,151,0,07.12.2019 18:30,Eredivisie - Round 16,cat273,2,67,59,0,165,4,17,6,10,2,0,0,1,,1,1,,Twente,221,1,07.12.2019 18:30,Eredivisie - Round 16
274,cat274,1,50,39,3,111,2,28,9,10,10,1,0,0,0,4,3,,Venlo,156,2,07.12.2019 19:45,Eredivisie - Round 16,cat274,2,71,61,1,197,2,20,10,9,8,2,0,0,1,6,1,,FC Emmen,254,1,07.12.2019 19:45,Eredivisie - Round 16
275,cat275,1,41,33,3,130,3,27,8,3,9,2,1,0,,3,3,,Venlo,165,1,07.12.2019 19:45,Eredivisie - Round 16,cat275,2,72,67,1,308,1,17,3,8,4,2,0,0,,1,2,,FC Emmen,344,0,07.12.2019 19:45,Eredivisie - Round 16
276,cat276,1,66,64,6,255,6,27,8,7,16,0,2,0,,5,5,,PSV,291,0,07.12.2019 19:45,Eredivisie - Round 16,cat276,2,51,36,1,137,0,13,7,6,2,3,0,2,,1,0,,Sittard,175,3,07.12.2019 19:45,Eredivisie - Round 16
277,cat277,1,73,72,2,300,7,25,3,6,12,0,3,2,,5,5,,PSV,344,0,07.12.2019 19:45,Eredivisie - Round 16,cat277,2,24,28,1,86,0,12,7,4,2,2,0,0,,1,0,,Sittard,130,1,07.12.2019 19:45,Eredivisie - Round 16
278,cat278,1,73,62,2,,5,38,5,9,8,1,0,3,,2,4,,Zwolle,,,07.12.2019 20:45,Eredivisie - Round 16,cat278,2,41,38,0,,2,9,6,8,3,4,0,3,,1,2,,AZ Alkmaar,,,07.12.2019 20:45,Eredivisie - Round 16
279,cat279,1,52,53,1,,1,22,8,7,7,4,0,2,,3,3,,Zwolle,,,07.12.2019 20:45,Eredivisie - Round 16,cat279,2,44,47,0,,2,18,6,10,11,3,2,1,,5,6,,AZ Alkmaar,,,07.12.2019 20:45,Eredivisie - Round 16
280,cat280,1,46,41,1,170,3,26,2,8,6,2,0,1,,5,0,,Vitesse,211,2,08.12.2019 12:15,Eredivisie - Round 16,cat280,2,74,59,5,257,3,36,5,3,12,0,0,3,,5,2,,Feyenoord,297,1,08.12.2019 12:15,Eredivisie - Round 16
281,cat281,1,49,49,2,202,1,20,5,5,9,2,0,2,,4,3,,Vitesse,226,1,08.12.2019 12:15,Eredivisie - Round 16,cat281,2,66,51,0,207,0,25,6,6,9,3,0,0,,7,2,,Feyenoord,243,2,08.12.2019 12:15,Eredivisie - Round 16
282,cat282,1,70,51,4,181,1,32,2,5,10,4,1,0,,4,2,,Waalwijk,238,,08.12.2019 14:30,Eredivisie - Round 16,cat282,2,49,49,1,175,3,30,5,2,10,1,2,0,,3,6,,Heerenveen,226,,08.12.2019 14:30,Eredivisie - Round 16
283,cat283,1,75,51,0,159,3,29,4,2,4,3,0,0,,2,2,,Waalwijk,218,1,08.12.2019 14:30,Eredivisie - Round 16,cat283,2,43,49,0,159,4,24,2,4,11,2,1,0,,7,4,,Heerenveen,219,0,08.12.2019 14:30,Eredivisie - Round 16
284,cat284,1,79,57,6,216,5,46,4,7,15,0,0,0,,7,2,,Groningen,267,2,08.12.2019 14:30,Eredivisie - Round 16,cat284,2,49,43,0,151,1,20,7,5,4,2,1,0,,3,1,,Utrecht,202,1,08.12.2019 14:30,Eredivisie - Round 16
285,cat285,1,49,39,0,178,0,4,2,6,4,3,0,0,,3,1,,Groningen,219,,08.12.2019 14:30,Eredivisie - Round 16,cat285,2,78,61,3,295,0,26,6,2,6,1,0,0,,0,3,,Utrecht,343,,08.12.2019 14:30,Eredivisie - Round 16
286,cat286,1,48,40,5,104,5,21,6,5,6,0,0,0,0,1,0,,Sparta Rotterdam,155,2,08.12.2019 16:45,Eredivisie - Round 16,cat286,2,58,60,4,199,5,19,6,7,6,0,0,0,1,2,0,,Heracles,252,2,08.12.2019 16:45,Eredivisie - Round 16
287,cat287,1,54,38,1,77,3,24,8,8,3,2,0,0,,0,2,,Sparta Rotterdam,125,1,08.12.2019 16:45,Eredivisie - Round 16,cat287,2,44,62,3,138,8,21,5,8,6,2,0,3,,1,2,,Heracles,195,1,08.12.2019 16:45,Eredivisie - Round 16
288,cat288,1,94,74,5,298,3,45,6,3,14,0,0,2,,5,4,,Heerenveen,362,1,13.12.2019 20:00,Eredivisie - Round 17,cat288,2,59,26,0,74,0,10,2,8,1,4,0,1,,1,0,,Willem II,137,3,13.12.2019 20:00,Eredivisie - Round 17
289,cat289,1,77,48,1,211,1,21,3,4,7,0,1,0,,1,5,,Heerenveen,261,0,13.12.2019 20:00,Eredivisie - Round 17,cat289,2,48,52,0,206,0,20,4,3,3,4,2,0,,1,2,,Willem II,268,1,13.12.2019 20:00,Eredivisie - Round 17
290,cat290,1,51,66,2,183,2,31,10,4,7,1,0,0,1,4,1,,Den Haag,242,2,14.12.2019 18:30,Eredivisie - Round 17,cat290,2,51,34,0,77,1,17,4,10,5,1,0,0,0,4,1,,Groningen,131,0,14.12.2019 18:30,Eredivisie - Round 17
291,cat291,1,48,54,1,145,0,21,7,10,3,2,1,0,0,1,1,,Den Haag,197,1,14.12.2019 18:30,Eredivisie - Round 17,cat291,2,30,46,0,121,6,25,9,7,6,0,1,1,1,3,3,,Groningen,160,2,14.12.2019 18:30,Eredivisie - Round 17
292,cat292,1,55,45,2,128,6,35,3,10,10,4,1,0,,2,6,,Venlo,180,0,14.12.2019 19:45,Eredivisie - Round 17,cat292,2,44,55,2,165,3,25,11,3,13,5,0,0,,7,4,,Zwolle,207,1,14.12.2019 19:45,Eredivisie - Round 17
293,cat293,1,37,29,1,81,2,31,5,9,2,2,0,0,,0,1,,Venlo,124,0,14.12.2019 19:45,Eredivisie - Round 17,cat293,2,59,71,1,262,4,25,4,5,9,1,2,4,,4,4,,Zwolle,308,1,14.12.2019 19:45,Eredivisie - Round 17
294,cat294,1,62,47,0,96,3,25,4,14,11,1,1,3,0,7,4,,Sittard,156,2,14.12.2019 19:45,Eredivisie - Round 17,cat294,2,69,53,2,116,1,34,11,7,6,3,0,2,1,3,1,,Waalwijk,182,2,14.12.2019 19:45,Eredivisie - Round 17
295,cat295,1,65,47,1,135,2,11,7,10,10,0,2,1,,0,9,,Sittard,191,2,14.12.2019 19:45,Eredivisie - Round 17,cat295,2,56,53,1,158,3,26,7,8,5,7,2,2,,2,2,,Waalwijk,207,1,14.12.2019 19:45,Eredivisie - Round 17
296,cat296,1,66,51,3,196,6,28,4,6,6,3,0,0,,2,1,,Twente,226,0,14.12.2019 20:45,Eredivisie - Round 17,cat296,2,34,49,1,193,3,13,6,5,9,1,0,1,,2,6,,Vitesse,231,1,14.12.2019 20:45,Eredivisie - Round 17
297,cat297,1,54,49,1,210,2,27,7,3,5,2,0,1,,3,1,,Twente,270,1,14.12.2019 20:45,Eredivisie - Round 17,cat297,2,75,51,1,223,2,27,1,8,5,1,0,2,,2,2,,Vitesse,279,1,14.12.2019 20:45,Eredivisie - Round 17
298,cat298,1,67,57,2,194,1,37,1,13,9,0,0,3,,7,0,,FC Emmen,245,0,15.12.2019 12:15,Eredivisie - Round 17,cat298,2,55,43,5,134,3,21,13,4,8,0,0,0,,3,0,,Sparta Rotterdam,180,2,15.12.2019 12:15,Eredivisie - Round 17
299,cat299,1,48,61,2,234,5,21,2,8,10,2,2,0,,1,7,,FC Emmen,267,1,15.12.2019 12:15,Eredivisie - Round 17,cat299,2,57,39,1,140,4,19,10,2,3,5,0,0,,0,2,,Sparta Rotterdam,177,0,15.12.2019 12:15,Eredivisie - Round 17
300,cat300,1,44,32,1,119,1,22,5,6,5,5,0,0,,1,3,,Feyenoord,172,2,15.12.2019 14:30,Eredivisie - Round 17,cat300,2,91,68,1,284,7,46,6,5,9,2,0,1,,2,6,,PSV,329,3,15.12.2019 14:30,Eredivisie - Round 17
301,cat301,1,61,50,2,162,3,26,6,5,5,2,2,1,,0,3,,Feyenoord,223,1,15.12.2019 14:30,Eredivisie - Round 17,cat301,2,83,50,4,198,1,29,5,7,11,1,0,1,,5,2,,PSV,254,1,15.12.2019 14:30,Eredivisie - Round 17
302,cat302,1,51,51,4,168,5,26,8,6,8,2,0,1,,2,2,,Heracles,212,2,15.12.2019 16:45,Eredivisie - Round 17,cat302,2,52,49,1,210,0,17,6,9,9,2,0,0,,3,5,,Utrecht,258,0,15.12.2019 16:45,Eredivisie - Round 17
303,cat303,1,43,49,1,206,2,25,6,10,5,2,1,2,,1,3,,Heracles,239,0,15.12.2019 16:45,Eredivisie - Round 17,cat303,2,56,51,1,183,4,28,9,8,7,2,0,1,,4,2,,Utrecht,217,1,15.12.2019 16:45,Eredivisie - Round 17
304,cat304,1,66,56,3,214,6,27,6,9,7,3,1,0,,3,1,,AZ Alkmaar,255,3,15.12.2019 16:45,Eredivisie - Round 17,cat304,2,50,44,3,154,4,17,8,6,8,0,0,1,,2,3,,Ajax,191,2,15.12.2019 16:45,Eredivisie - Round 17
305,cat305,1,38,42,4,157,2,21,7,9,8,0,0,1,,3,1,,AZ Alkmaar,202,,15.12.2019 16:45,Eredivisie - Round 17,cat305,2,66,58,0,236,2,23,9,8,3,1,0,0,,3,0,,Ajax,285,,15.12.2019 16:45,Eredivisie - Round 17
306,cat306,1,54,55,0,257,1,31,11,8,6,4,2,0,0,2,4,,Waalwijk,295,,20.12.2019 20:00,Eredivisie - Round 18,cat306,2,45,45,0,190,2,18,7,11,6,2,0,1,1,2,4,,Twente,227,,20.12.2019 20:00,Eredivisie - Round 18
307,cat307,1,53,47,2,209,2,28,8,9,10,0,1,1,,5,3,,Waalwijk,243,1,20.12.2019 20:00,Eredivisie - Round 18,cat307,2,51,53,3,236,1,13,8,9,5,2,0,1,,2,0,,Twente,279,0,20.12.2019 20:00,Eredivisie - Round 18
308,cat308,1,86,64,1,269,0,30,4,6,5,1,1,0,,3,1,,Heerenveen,338,,21.12.2019 18:30,Eredivisie - Round 18,cat308,2,49,36,0,122,1,23,6,4,3,0,1,0,,1,2,,Heracles,185,,21.12.2019 18:30,Eredivisie - Round 18
309,cat309,1,73,62,2,236,4,44,4,3,9,0,0,0,,2,5,,Heerenveen,281,1,21.12.2019 18:30,Eredivisie - Round 18,cat309,2,41,38,2,116,5,17,4,4,5,5,0,0,,3,0,,Heracles,163,1,21.12.2019 18:30,Eredivisie - Round 18
310,cat310,1,48,46,0,212,2,13,8,3,3,1,1,2,,0,3,,Sparta Rotterdam,246,2,21.12.2019 19:45,Eredivisie - Round 18,cat310,2,65,54,2,249,4,28,3,9,5,2,0,1,,2,1,,AZ Alkmaar,275,1,21.12.2019 19:45,Eredivisie - Round 18
311,cat311,1,57,40,4,176,2,18,4,4,8,1,2,1,0,2,2,,Sparta Rotterdam,213,2,21.12.2019 19:45,Eredivisie - Round 18,cat311,2,82,60,2,271,3,31,4,4,5,0,0,0,1,2,1,,AZ Alkmaar,313,1,21.12.2019 19:45,Eredivisie - Round 18
312,cat312,1,58,47,3,194,3,32,3,2,11,3,2,0,,3,5,,PSV,230,1,21.12.2019 19:45,Eredivisie - Round 18,cat312,2,54,53,0,223,1,16,2,3,5,3,0,0,,2,3,,Zwolle,257,2,21.12.2019 19:45,Eredivisie - Round 18
313,cat313,1,72,47,3,182,4,35,4,6,11,2,2,1,,3,5,,PSV,219,0,21.12.2019 19:45,Eredivisie - Round 18,cat313,2,50,53,3,204,2,16,6,5,7,3,1,0,,1,3,,Zwolle,248,2,21.12.2019 19:45,Eredivisie - Round 18
314,cat314,1,65,56,0,172,3,35,3,3,4,0,0,0,,2,2,,Willem II,217,,21.12.2019 20:45,Eredivisie - Round 18,cat314,2,57,44,1,139,2,20,3,3,5,2,0,0,,4,0,,Sittard,190,,21.12.2019 20:45,Eredivisie - Round 18
315,cat315,1,60,56,0,223,1,30,4,8,2,1,0,1,,1,1,,Willem II,277,0,21.12.2019 20:45,Eredivisie - Round 18,cat315,2,67,44,2,167,1,8,7,5,5,1,0,1,,2,1,,Sittard,212,1,21.12.2019 20:45,Eredivisie - Round 18
316,cat316,1,64,67,2,253,5,40,4,5,16,2,2,0,0,7,7,,Ajax,283,3,22.12.2019 12:15,Eredivisie - Round 18,cat316,2,23,33,0,105,0,10,6,3,4,5,1,0,1,1,3,,Den Haag,140,3,22.12.2019 12:15,Eredivisie - Round 18
317,cat317,1,56,63,1,241,1,35,5,6,12,2,4,1,,5,6,,Ajax,263,0,22.12.2019 12:15,Eredivisie - Round 18,cat317,2,33,37,0,117,5,16,5,6,2,2,0,1,,0,2,,Den Haag,148,2,22.12.2019 12:15,Eredivisie - Round 18
318,cat318,1,64,54,2,200,3,40,7,5,6,2,0,1,1,3,1,,Utrecht,244,3,22.12.2019 14:30,Eredivisie - Round 18,cat318,2,51,46,2,175,2,17,3,8,8,1,1,2,0,3,3,,Feyenoord,215,1,22.12.2019 14:30,Eredivisie - Round 18
319,cat319,1,60,50,3,221,5,37,5,6,9,3,1,0,,4,2,,Utrecht,256,,22.12.2019 14:30,Eredivisie - Round 18,cat319,2,50,50,1,229,1,17,6,5,5,1,1,0,,0,4,,Feyenoord,266,,22.12.2019 14:30,Eredivisie - Round 18
320,cat320,1,58,41,3,111,5,27,6,4,11,5,2,0,0,4,4,,Groningen,154,1,22.12.2019 14:30,Eredivisie - Round 18,cat320,2,56,59,2,186,3,22,6,6,10,2,0,0,1,3,5,,FC Emmen,233,2,22.12.2019 14:30,Eredivisie - Round 18
321,cat321,1,63,55,1,192,6,30,4,8,8,1,0,3,,7,0,,Groningen,238,0,22.12.2019 14:30,Eredivisie - Round 18,cat321,2,39,45,1,147,0,7,7,6,3,0,0,2,,1,1,,FC Emmen,202,2,22.12.2019 14:30,Eredivisie - Round 18
322,cat322,1,61,62,2,241,3,29,5,6,5,2,1,2,,0,3,,Vitesse,283,1,22.12.2019 16:45,Eredivisie - Round 18,cat322,2,57,38,0,123,2,31,5,7,4,2,0,1,,2,2,,Venlo,162,1,22.12.2019 16:45,Eredivisie - Round 18
323,cat323,1,73,74,2,305,3,30,6,6,11,0,2,0,,6,3,,Vitesse,345,1,22.12.2019 16:45,Eredivisie - Round 18,cat323,2,30,26,0,71,0,9,6,6,0,1,0,0,,0,0,,Venlo,124,1,22.12.2019 16:45,Eredivisie - Round 18
324,cat324,1,27,39,1,108,3,25,2,9,11,1,2,0,,4,6,,Zwolle,136,1,17.01.2020 20:00,Eredivisie - Round 19,cat324,2,63,61,3,199,4,43,9,2,12,4,2,0,,6,3,,Utrecht,227,2,17.01.2020 20:00,Eredivisie - Round 19
325,cat325,1,28,51,1,198,2,9,12,8,2,2,1,0,,0,1,,Zwolle,222,1,17.01.2020 20:00,Eredivisie - Round 19,cat325,2,51,49,0,190,1,25,8,11,4,0,1,0,,1,3,,Utrecht,218,2,17.01.2020 20:00,Eredivisie - Round 19
326,cat326,1,89,54,0,,0,36,2,7,3,2,1,2,,2,1,,Sittard,,0,18.01.2020 18:30,Eredivisie - Round 19,cat326,2,59,46,0,,3,22,6,5,9,0,1,1,,6,3,,Vitesse,,1,18.01.2020 18:30,Eredivisie - Round 19
327,cat327,1,54,46,2,,3,20,7,6,7,4,0,2,,4,1,,Sittard,,2,18.01.2020 18:30,Eredivisie - Round 19,cat327,2,49,54,2,,2,20,6,9,10,1,2,0,,2,6,,Vitesse,,1,18.01.2020 18:30,Eredivisie - Round 19
328,cat328,1,59,58,2,204,4,22,9,8,5,2,0,0,,1,2,,Twente,248,2,18.01.2020 19:45,Eredivisie - Round 19,cat328,2,46,42,0,134,0,12,8,8,4,2,0,0,,2,2,,Groningen,182,1,18.01.2020 19:45,Eredivisie - Round 19
329,cat329,1,40,50,1,204,1,15,7,7,4,2,0,0,,2,1,,Twente,253,1,18.01.2020 19:45,Eredivisie - Round 19,cat329,2,67,50,1,207,1,16,7,7,6,1,0,0,,3,2,,Groningen,241,1,18.01.2020 19:45,Eredivisie - Round 19
330,cat330,1,61,53,0,259,3,22,2,2,9,3,0,2,,4,5,,Feyenoord,308,,18.01.2020 19:45,Eredivisie - Round 19,cat330,2,67,47,1,228,2,27,1,4,6,5,0,1,,2,3,,Heerenveen,271,,18.01.2020 19:45,Eredivisie - Round 19
331,cat331,1,48,51,0,188,3,17,6,7,6,1,3,0,,2,4,,Feyenoord,233,2,18.01.2020 19:45,Eredivisie - Round 19,cat331,2,57,49,2,186,1,22,6,6,8,1,1,1,,4,2,,Heerenveen,225,2,18.01.2020 19:45,Eredivisie - Round 19
332,cat332,1,67,62,4,259,2,24,5,4,7,3,0,0,,1,2,,AZ Alkmaar,307,1,18.01.2020 20:45,Eredivisie - Round 19,cat332,2,60,38,0,150,0,19,3,5,8,2,3,1,,2,6,,Willem II,191,1,18.01.2020 20:45,Eredivisie - Round 19
333,cat333,1,60,56,5,236,3,17,6,5,9,1,1,2,,3,1,,AZ Alkmaar,283,1,18.01.2020 20:45,Eredivisie - Round 19,cat333,2,64,44,2,167,3,19,3,8,6,0,0,1,,3,1,,Willem II,217,0,18.01.2020 20:45,Eredivisie - Round 19
334,cat334,1,63,36,2,89,2,23,4,5,5,2,1,0,,2,1,,Venlo,150,,19.01.2020 12:15,Eredivisie - Round 19,cat334,2,67,64,1,218,5,39,6,4,5,0,1,0,,1,3,,PSV,277,,19.01.2020 12:15,Eredivisie - Round 19
335,cat335,1,61,38,1,141,2,23,3,5,7,2,0,0,,4,2,,Venlo,199,,19.01.2020 12:15,Eredivisie - Round 19,cat335,2,84,62,3,279,3,42,4,3,9,2,0,1,,4,2,,PSV,330,,19.01.2020 12:15,Eredivisie - Round 19
336,cat336,1,56,44,1,134,2,24,7,13,4,1,0,0,,3,0,,FC Emmen,180,2,19.01.2020 14:30,Eredivisie - Round 19,cat336,2,55,56,4,192,2,33,9,6,7,0,0,3,,2,1,,Heracles,226,1,19.01.2020 14:30,Eredivisie - Round 19
337,cat337,1,54,56,1,235,3,30,6,5,9,0,1,0,,2,6,,FC Emmen,275,1,19.01.2020 14:30,Eredivisie - Round 19,cat337,2,50,44,0,163,1,18,5,4,1,5,0,1,,1,0,,Heracles,209,0,19.01.2020 14:30,Eredivisie - Round 19
338,cat338,1,84,67,4,214,3,48,4,11,10,4,1,2,,3,3,,Ajax,272,1,19.01.2020 14:30,Eredivisie - Round 19,cat338,2,57,33,1,88,2,13,9,7,11,2,1,1,,5,5,,Sparta Rotterdam,137,1,19.01.2020 14:30,Eredivisie - Round 19
339,cat339,1,85,78,3,318,6,54,5,7,13,2,1,0,,5,5,,Ajax,367,,19.01.2020 14:30,Eredivisie - Round 19,cat339,2,30,22,1,57,2,12,7,5,8,4,0,0,,5,2,,Sparta Rotterdam,96,,19.01.2020 14:30,Eredivisie - Round 19
340,cat340,1,46,23,0,68,0,13,5,7,2,1,0,0,0,1,1,,Den Haag,119,1,19.01.2020 16:45,Eredivisie - Round 19,cat340,2,82,77,2,332,3,42,6,5,4,0,0,1,1,1,1,,Waalwijk,378,0,19.01.2020 16:45,Eredivisie - Round 19
341,cat341,1,41,39,1,127,2,15,4,6,4,1,1,3,,1,2,,Den Haag,169,,19.01.2020 16:45,Eredivisie - Round 19,cat341,2,51,61,0,236,2,25,5,7,2,1,0,1,,1,1,,Waalwijk,275,,19.01.2020 16:45,Eredivisie - Round 19
342,cat342,1,48,50,1,233,2,19,2,5,7,2,3,0,,3,3,,Utrecht,269,0,24.01.2020 20:00,Eredivisie - Round 20,cat342,2,64,50,2,217,3,25,3,1,4,0,0,2,,0,2,,Den Haag,247,3,24.01.2020 20:00,Eredivisie - Round 20
343,cat343,1,64,58,3,229,9,32,1,1,7,0,1,0,,3,1,,Utrecht,271,,24.01.2020 20:00,Eredivisie - Round 20,cat343,2,25,42,0,169,3,20,0,1,0,0,0,1,,0,0,,Den Haag,192,,24.01.2020 20:00,Eredivisie - Round 20
344,cat344,1,69,45,1,166,2,40,5,4,7,3,1,1,,5,1,,Heerenveen,223,0,25.01.2020 18:30,Eredivisie - Round 20,cat344,2,53,55,1,206,5,15,3,6,8,0,1,1,,3,4,,AZ Alkmaar,271,1,25.01.2020 18:30,Eredivisie - Round 20
345,cat345,1,40,37,2,166,0,15,4,7,3,2,0,0,,0,1,,Heerenveen,212,1,25.01.2020 18:30,Eredivisie - Round 20,cat345,2,79,63,2,302,3,25,6,4,9,1,1,1,,4,3,,AZ Alkmaar,354,0,25.01.2020 18:30,Eredivisie - Round 20
346,cat346,1,61,62,4,165,1,31,6,7,8,2,0,1,,2,2,,Waalwijk,225,2,25.01.2020 19:45,Eredivisie - Round 20,cat346,2,45,38,3,93,4,23,6,7,10,2,2,1,,3,4,,Venlo,140,1,25.01.2020 19:45,Eredivisie - Round 20
347,cat347,1,51,54,2,188,2,24,5,6,4,2,1,0,,0,2,,Waalwijk,241,1,25.01.2020 19:45,Eredivisie - Round 20,cat347,2,66,46,1,151,1,17,4,5,3,1,0,2,,0,2,,Venlo,206,1,25.01.2020 19:45,Eredivisie - Round 20
348,cat348,1,64,41,0,135,6,28,6,4,2,3,0,0,,0,2,,Heracles,171,1,25.01.2020 19:45,Eredivisie - Round 20,cat348,2,58,59,1,208,6,33,4,6,8,1,0,0,,1,6,,Feyenoord,257,0,25.01.2020 19:45,Eredivisie - Round 20
349,cat349,1,53,37,4,137,1,22,9,5,11,0,1,0,,2,5,,Heracles,186,,25.01.2020 19:45,Eredivisie - Round 20,cat349,2,78,63,4,275,3,25,6,9,6,4,0,0,,2,0,,Feyenoord,323,,25.01.2020 19:45,Eredivisie - Round 20
350,cat350,1,68,49,2,148,7,52,11,6,9,2,0,2,,5,2,,Sparta Rotterdam,196,1,25.01.2020 20:45,Eredivisie - Round 20,cat350,2,64,51,0,158,1,27,7,14,7,1,0,1,,5,2,,Sittard,218,2,25.01.2020 20:45,Eredivisie - Round 20
351,cat351,1,68,53,4,189,4,36,7,5,12,0,0,0,,5,3,,Sparta Rotterdam,242,0,25.01.2020 20:45,Eredivisie - Round 20,cat351,2,53,47,2,169,0,21,3,7,5,3,1,2,,2,1,,Sittard,220,1,25.01.2020 20:45,Eredivisie - Round 20
352,cat352,1,70,65,3,246,5,33,8,7,12,2,0,0,,6,3,,Vitesse,295,0,26.01.2020 12:15,Eredivisie - Round 20,cat352,2,47,35,1,127,0,18,6,8,8,3,1,1,,4,3,,FC Emmen,174,1,26.01.2020 12:15,Eredivisie - Round 20
353,cat353,1,73,55,2,211,4,24,8,2,7,0,1,1,,3,2,,Vitesse,247,2,26.01.2020 12:15,Eredivisie - Round 20,cat353,2,53,45,1,151,3,10,2,9,3,1,0,0,,2,0,,FC Emmen,199,1,26.01.2020 12:15,Eredivisie - Round 20
354,cat354,1,88,68,5,240,3,37,10,7,10,2,0,1,0,4,1,,Willem II,284,1,26.01.2020 14:30,Eredivisie - Round 20,cat354,2,33,32,3,89,4,15,8,11,10,1,0,0,1,5,2,,Zwolle,136,1,26.01.2020 14:30,Eredivisie - Round 20
355,cat355,1,70,60,0,206,3,18,7,10,3,2,0,1,,2,1,,Willem II,260,2,26.01.2020 14:30,Eredivisie - Round 20,cat355,2,43,40,1,123,0,14,8,8,6,1,0,1,,3,2,,Zwolle,176,1,26.01.2020 14:30,Eredivisie - Round 20
356,cat356,1,32,23,0,44,3,14,5,3,2,1,1,0,,1,1,,Groningen,94,2,26.01.2020 14:30,Eredivisie - Round 20,cat356,2,79,77,3,259,3,51,3,4,10,0,1,0,,5,2,,Ajax,307,3,26.01.2020 14:30,Eredivisie - Round 20
357,cat357,1,38,39,1,106,1,13,8,8,7,1,1,0,,2,4,,Groningen,164,0,26.01.2020 14:30,Eredivisie - Round 20,cat357,2,73,61,1,204,2,22,8,8,4,3,0,1,,2,1,,Ajax,257,1,26.01.2020 14:30,Eredivisie - Round 20
358,cat358,1,44,38,0,122,2,28,9,5,8,2,1,2,1,3,5,,PSV,162,4,26.01.2020 16:45,Eredivisie - Round 20,cat358,2,73,62,3,265,4,38,5,11,9,4,1,0,0,3,3,,Twente,301,1,26.01.2020 16:45,Eredivisie - Round 20
359,cat359,1,108,66,5,331,3,56,2,8,9,0,0,0,,2,2,,PSV,382,0,26.01.2020 16:45,Eredivisie - Round 20,cat359,2,21,34,1,147,2,10,8,1,2,2,0,0,,1,0,,Twente,200,1,26.01.2020 16:45,Eredivisie - Round 20
360,cat360,1,75,60,3,296,0,27,4,6,12,1,2,1,,5,4,,AZ Alkmaar,338,,31.01.2020 20:00,Eredivisie - Round 21,cat360,2,56,40,0,171,0,25,6,5,5,2,0,0,,4,1,,Waalwijk,210,,31.01.2020 20:00,Eredivisie - Round 21
361,cat361,1,75,64,2,295,3,39,2,4,8,1,2,3,,3,3,,AZ Alkmaar,334,0,31.01.2020 20:00,Eredivisie - Round 21,cat361,2,33,36,1,149,1,6,2,5,6,1,0,2,,4,1,,Waalwijk,189,1,31.01.2020 20:00,Eredivisie - Round 21
362,cat362,1,51,44,1,91,3,26,10,10,10,0,0,1,,4,5,,Den Haag,143,1,01.02.2020 18:30,Eredivisie - Round 21,cat362,2,42,56,5,121,2,27,11,12,10,5,0,0,,5,0,,Vitesse,169,4,01.02.2020 18:30,Eredivisie - Round 21
363,cat363,1,54,40,1,97,2,22,8,6,2,1,0,0,,0,1,,Den Haag,150,1,01.02.2020 18:30,Eredivisie - Round 21,cat363,2,47,60,1,190,3,11,6,9,5,1,0,0,,3,1,,Vitesse,236,0,01.02.2020 18:30,Eredivisie - Round 21
364,cat364,1,51,61,0,208,3,36,6,6,4,1,2,1,0,2,2,,Twente,267,2,01.02.2020 19:45,Eredivisie - Round 21,cat364,2,72,39,1,105,6,20,5,7,5,0,0,0,1,3,1,,Sparta Rotterdam,158,3,01.02.2020 19:45,Eredivisie - Round 21
365,cat365,1,62,53,1,236,2,13,5,5,4,2,0,1,,2,1,,Twente,291,1,01.02.2020 19:45,Eredivisie - Round 21,cat365,2,63,47,1,209,1,24,3,6,6,1,0,1,,3,2,,Sparta Rotterdam,262,1,01.02.2020 19:45,Eredivisie - Round 21
366,cat366,1,53,50,0,241,2,25,4,6,6,3,2,2,,2,4,,Feyenoord,286,1,01.02.2020 19:45,Eredivisie - Round 21,cat366,2,58,50,1,253,3,17,6,6,7,2,0,0,,3,3,,FC Emmen,295,0,01.02.2020 19:45,Eredivisie - Round 21
367,cat367,1,77,60,3,294,4,27,5,5,7,1,1,1,,1,3,,Feyenoord,347,1,01.02.2020 19:45,Eredivisie - Round 21,cat367,2,58,40,1,177,2,18,4,6,3,2,0,1,,1,1,,FC Emmen,223,1,01.02.2020 19:45,Eredivisie - Round 21
368,cat368,1,22,31,0,92,1,12,3,2,3,0,0,0,,2,1,,Zwolle,147,2,01.02.2020 20:45,Eredivisie - Round 21,cat368,2,95,69,3,268,4,56,0,3,11,1,0,2,,8,0,,Groningen,320,1,01.02.2020 20:45,Eredivisie - Round 21
369,cat369,1,50,55,0,238,1,17,4,5,3,3,1,1,,1,2,,Zwolle,284,0,01.02.2020 20:45,Eredivisie - Round 21,cat369,2,46,45,0,158,8,18,5,6,4,1,0,0,,1,3,,Groningen,200,2,01.02.2020 20:45,Eredivisie - Round 21
370,cat370,1,,49,1,132,2,,6,8,5,0,0,2,,2,2,,Willem II,205,0,02.02.2020 12:15,Eredivisie - Round 21,cat370,2,,51,3,149,4,,7,8,5,2,0,1,,2,0,,Heracles,218,2,02.02.2020 12:15,Eredivisie - Round 21
371,cat371,1,,61,1,233,1,,8,11,7,1,1,0,,2,4,,Willem II,283,,02.02.2020 12:15,Eredivisie - Round 21,cat371,2,,39,3,123,2,,10,8,7,3,0,0,,3,1,,Heracles,174,,02.02.2020 12:15,Eredivisie - Round 21
372,cat372,1,33,40,1,86,2,21,5,5,5,1,1,1,,3,1,,Venlo,125,1,02.02.2020 14:30,Eredivisie - Round 21,cat372,2,51,60,2,180,4,29,4,5,8,0,1,1,,4,2,,Utrecht,214,0,02.02.2020 14:30,Eredivisie - Round 21
373,cat373,1,54,58,1,242,3,25,4,8,5,1,0,0,,1,3,,Venlo,271,,02.02.2020 14:30,Eredivisie - Round 21,cat373,2,37,42,2,152,4,23,6,4,5,3,0,2,,2,1,,Utrecht,190,,02.02.2020 14:30,Eredivisie - Round 21
374,cat374,1,52,44,0,118,2,17,5,9,6,1,1,0,,4,2,,Sittard,166,2,02.02.2020 14:30,Eredivisie - Round 21,cat374,2,46,56,0,169,3,19,7,5,3,1,0,1,,2,1,,Heerenveen,209,2,02.02.2020 14:30,Eredivisie - Round 21
375,cat375,1,51,46,2,178,0,11,3,7,5,1,1,2,,2,1,,Sittard,223,1,02.02.2020 14:30,Eredivisie - Round 21,cat375,2,59,54,1,216,2,24,5,6,4,0,1,2,,1,2,,Heerenveen,256,0,02.02.2020 14:30,Eredivisie - Round 21
376,cat376,1,57,55,8,219,4,46,6,6,12,0,0,0,,4,0,,Ajax,266,1,02.02.2020 16:45,Eredivisie - Round 21,cat376,2,42,45,2,185,2,26,4,6,3,0,0,2,,1,0,,PSV,225,0,02.02.2020 16:45,Eredivisie - Round 21
377,cat377,1,79,63,6,267,3,44,6,4,16,1,1,0,,3,7,,Ajax,317,0,02.02.2020 16:45,Eredivisie - Round 21,cat377,2,36,37,1,136,1,12,4,6,4,6,0,0,,2,1,,PSV,183,1,02.02.2020 16:45,Eredivisie - Round 21
378,cat378,1,70,62,2,263,5,35,9,6,8,3,1,3,,1,5,,Heracles,293,,07.02.2020 20:00,Eredivisie - Round 22,cat378,2,27,38,0,146,1,5,3,8,5,4,0,0,,2,3,,Sittard,184,,07.02.2020 20:00,Eredivisie - Round 22
379,cat379,1,53,48,1,190,1,22,4,4,5,2,1,0,0,2,2,,Heracles,240,2,07.02.2020 20:00,Eredivisie - Round 22,cat379,2,59,52,2,217,1,26,5,4,8,1,0,0,1,4,2,,Sittard,260,1,07.02.2020 20:00,Eredivisie - Round 22
380,cat380,1,51,42,5,101,4,24,5,6,8,1,0,1,,2,1,,Groningen,150,0,08.02.2020 18:30,Eredivisie - Round 22,cat380,2,56,58,2,167,5,25,6,6,11,1,0,0,,8,1,,Vitesse,217,1,08.02.2020 18:30,Eredivisie - Round 22
381,cat381,1,61,44,3,147,3,16,4,6,7,1,1,1,,2,2,,Groningen,188,,08.02.2020 18:30,Eredivisie - Round 22,cat381,2,50,56,2,185,2,21,6,5,5,1,0,1,,2,1,,Vitesse,234,,08.02.2020 18:30,Eredivisie - Round 22
382,cat382,1,49,35,1,102,2,21,5,6,5,1,2,0,,2,2,,PSV,157,1,08.02.2020 19:45,Eredivisie - Round 22,cat382,2,79,65,0,252,2,31,5,6,8,0,0,0,,7,1,,Willem II,298,1,08.02.2020 19:45,Eredivisie - Round 22
383,cat383,1,78,59,6,211,4,26,4,6,15,0,1,0,,6,3,,PSV,266,,08.02.2020 19:45,Eredivisie - Round 22,cat383,2,58,41,2,130,2,17,3,4,3,2,0,3,,1,0,,Willem II,182,,08.02.2020 19:45,Eredivisie - Round 22
384,cat384,1,89,76,4,295,6,48,8,9,18,1,0,1,,9,5,,Heerenveen,347,1,08.02.2020 19:45,Eredivisie - Round 22,cat384,2,48,24,0,70,0,8,8,9,3,4,0,1,,1,2,,Venlo,125,1,08.02.2020 19:45,Eredivisie - Round 22
385,cat385,1,81,64,4,234,4,26,4,9,12,0,0,1,,4,4,,Heerenveen,273,0,08.02.2020 19:45,Eredivisie - Round 22,cat385,2,47,36,1,97,0,15,9,5,2,4,0,0,,1,0,,Venlo,149,1,08.02.2020 19:45,Eredivisie - Round 22
386,cat386,1,66,56,2,212,0,38,6,9,5,1,0,0,,3,0,,Waalwijk,275,2,08.02.2020 20:45,Eredivisie - Round 22,cat386,2,37,44,1,161,2,18,7,5,4,0,0,1,,2,1,,Zwolle,216,2,08.02.2020 20:45,Eredivisie - Round 22
387,cat387,1,45,38,4,132,2,17,5,5,7,0,0,1,,2,1,,Waalwijk,173,1,08.02.2020 20:45,Eredivisie - Round 22,cat387,2,47,62,3,244,2,17,4,6,4,1,0,1,,1,0,,Zwolle,291,1,08.02.2020 20:45,Eredivisie - Round 22
388,cat388,1,62,46,0,172,2,36,9,14,6,2,1,1,,4,2,,FC Emmen,226,1,11.02.2020 18:30,Eredivisie - Round 22,cat388,2,58,54,0,233,1,38,11,10,3,1,0,3,,1,2,,Twente,279,3,11.02.2020 18:30,Eredivisie - Round 22
389,cat389,1,81,72,1,359,3,50,2,11,9,0,1,2,,5,3,,FC Emmen,410,0,11.02.2020 18:30,Eredivisie - Round 22,cat389,2,37,28,1,115,0,17,11,4,2,2,0,0,,1,0,,Twente,162,2,11.02.2020 18:30,Eredivisie - Round 22
390,cat390,1,32,30,2,76,3,26,7,4,12,1,1,1,,6,4,,Sparta Rotterdam,123,,11.02.2020 20:45,Eredivisie - Round 22,cat390,2,44,70,0,222,0,25,4,8,4,3,1,0,,2,2,,Den Haag,275,,11.02.2020 20:45,Eredivisie - Round 22
391,cat391,1,48,58,0,181,5,31,11,4,9,1,3,0,,5,4,,Sparta Rotterdam,215,2,11.02.2020 20:45,Eredivisie - Round 22,cat391,2,30,42,1,115,2,14,3,13,3,1,1,1,,0,2,,Den Haag,159,0,11.02.2020 20:45,Eredivisie - Round 22
392,cat392,1,42,34,1,81,1,19,5,10,5,3,0,0,,4,0,,Venlo,121,1,14.02.2020 20:00,Eredivisie - Round 23,cat392,2,65,66,2,226,4,29,11,6,7,0,0,0,,2,3,,Heracles,274,2,14.02.2020 20:00,Eredivisie - Round 23
393,cat393,1,71,58,1,233,0,25,5,9,6,3,1,1,,4,1,,Venlo,278,0,14.02.2020 20:00,Eredivisie - Round 23,cat393,2,55,42,0,147,1,16,5,6,4,0,0,2,,1,3,,Heracles,200,1,14.02.2020 20:00,Eredivisie - Round 23
394,cat394,1,31,40,0,128,6,25,11,12,5,2,0,4,,2,3,,Twente,169,1,15.02.2020 18:30,Eredivisie - Round 23,cat394,2,88,60,2,196,2,40,11,15,5,3,0,1,,1,2,,AZ Alkmaar,242,0,15.02.2020 18:30,Eredivisie - Round 23
395,cat395,1,47,34,1,161,1,18,6,7,5,0,2,1,,1,3,,Twente,194,0,15.02.2020 18:30,Eredivisie - Round 23,cat395,2,57,66,0,347,0,15,7,7,0,1,0,0,,0,0,,AZ Alkmaar,391,1,15.02.2020 18:30,Eredivisie - Round 23
396,cat396,1,58,46,1,144,1,13,7,6,3,5,0,0,,0,2,,Den Haag,196,1,15.02.2020 19:45,Eredivisie - Round 23,cat396,2,48,54,3,177,8,32,3,7,15,2,2,1,,5,7,,PSV,217,0,15.02.2020 19:45,Eredivisie - Round 23
397,cat397,1,45,42,1,156,2,18,4,2,4,6,0,0,,1,2,,Den Haag,202,,15.02.2020 19:45,Eredivisie - Round 23,cat397,2,74,58,4,238,4,44,2,3,12,2,1,0,,1,7,,PSV,272,,15.02.2020 19:45,Eredivisie - Round 23
398,cat398,1,73,53,2,134,1,15,6,10,8,0,0,0,1,4,2,,Sittard,204,3,15.02.2020 20:45,Eredivisie - Round 23,cat398,2,68,47,1,113,2,24,10,7,2,2,0,1,0,1,0,,FC Emmen,189,1,15.02.2020 20:45,Eredivisie - Round 23
399,cat399,1,50,47,0,141,0,22,7,10,2,0,0,0,,2,0,,Sittard,192,1,15.02.2020 20:45,Eredivisie - Round 23,cat399,2,63,53,1,162,1,19,10,7,5,0,0,0,,4,0,,FC Emmen,208,1,15.02.2020 20:45,Eredivisie - Round 23
400,cat400,1,61,46,1,112,5,26,9,3,8,2,2,1,,4,3,,Vitesse,160,,16.02.2020 12:15,Eredivisie - Round 23,cat400,2,44,54,0,150,1,24,4,10,4,1,0,0,,2,2,,Heerenveen,204,,16.02.2020 12:15,Eredivisie - Round 23
401,cat401,1,69,53,1,210,3,20,2,1,11,3,2,0,,5,5,,Vitesse,261,,16.02.2020 12:15,Eredivisie - Round 23,cat401,2,56,47,2,187,2,34,1,3,8,3,2,0,,1,5,,Heerenveen,225,,16.02.2020 12:15,Eredivisie - Round 23
402,cat402,1,64,60,0,193,1,15,7,8,2,0,1,0,,1,1,,Sparta Rotterdam,233,2,16.02.2020 14:30,Eredivisie - Round 23,cat402,2,53,40,0,106,3,22,6,7,2,0,0,1,,2,0,,Groningen,152,0,16.02.2020 14:30,Eredivisie - Round 23
403,cat403,1,51,54,1,158,4,17,5,4,7,1,0,1,,5,1,,Sparta Rotterdam,206,0,16.02.2020 14:30,Eredivisie - Round 23,cat403,2,45,46,1,129,3,12,4,6,5,1,2,1,,1,3,,Groningen,167,1,16.02.2020 14:30,Eredivisie - Round 23
404,cat404,1,74,65,0,271,3,37,3,3,8,2,2,5,,4,4,,Ajax,313,1,16.02.2020 14:30,Eredivisie - Round 23,cat404,2,37,35,4,135,2,13,3,8,10,2,0,0,,4,2,,Waalwijk,176,2,16.02.2020 14:30,Eredivisie - Round 23
405,cat405,1,74,57,1,223,3,41,8,5,10,1,1,1,,7,2,,Ajax,268,,16.02.2020 14:30,Eredivisie - Round 23,cat405,2,39,43,0,150,1,20,6,8,1,1,0,0,,0,1,,Waalwijk,199,,16.02.2020 14:30,Eredivisie - Round 23
406,cat406,1,41,34,1,108,1,12,7,4,3,5,1,1,,1,1,,Zwolle,154,3,16.02.2020 16:45,Eredivisie - Round 23,cat406,2,86,66,6,290,4,45,2,8,16,0,3,2,,2,8,,Feyenoord,332,1,16.02.2020 16:45,Eredivisie - Round 23
407,cat407,1,29,34,1,138,1,9,8,4,6,1,2,1,,3,2,,Zwolle,179,0,16.02.2020 16:45,Eredivisie - Round 23,cat407,2,77,66,1,290,1,33,5,9,4,0,1,0,,1,2,,Feyenoord,342,1,16.02.2020 16:45,Eredivisie - Round 23
408,cat408,1,54,51,0,149,10,30,5,4,5,5,1,0,,1,4,,Willem II,199,1,16.02.2020 16:45,Eredivisie - Round 23,cat408,2,60,49,1,168,2,22,3,5,11,3,0,1,,5,5,,Utrecht,212,2,16.02.2020 16:45,Eredivisie - Round 23
409,cat409,1,71,55,3,150,3,30,4,7,6,3,0,1,,2,1,,Willem II,194,,16.02.2020 16:45,Eredivisie - Round 23,cat409,2,34,45,0,130,3,16,7,6,7,1,1,0,,3,4,,Utrecht,166,,16.02.2020 16:45,Eredivisie - Round 23
410,cat410,1,81,66,1,265,0,33,7,10,5,1,0,2,,2,2,,Waalwijk,340,1,21.02.2020 20:00,Eredivisie - Round 24,cat410,2,55,34,4,120,1,19,8,9,10,2,0,1,,5,1,,Sparta Rotterdam,184,1,21.02.2020 20:00,Eredivisie - Round 24
411,cat411,1,45,56,0,159,2,20,8,5,3,2,0,0,,3,0,,Waalwijk,210,1,21.02.2020 20:00,Eredivisie - Round 24,cat411,2,48,44,0,124,3,29,5,8,8,0,1,0,,5,3,,Sparta Rotterdam,158,0,21.02.2020 20:00,Eredivisie - Round 24
412,cat412,1,52,47,3,151,0,10,6,7,8,0,3,0,,1,4,,FC Emmen,203,1,22.02.2020 18:30,Eredivisie - Round 24,cat412,2,83,53,0,187,2,28,6,5,6,1,2,1,,4,2,,Willem II,235,1,22.02.2020 18:30,Eredivisie - Round 24
413,cat413,1,52,53,1,197,3,24,7,7,6,2,1,3,,2,3,,FC Emmen,242,,22.02.2020 18:30,Eredivisie - Round 24,cat413,2,66,47,2,160,4,19,7,10,6,2,0,0,,2,2,,Willem II,202,,22.02.2020 18:30,Eredivisie - Round 24
414,cat414,1,75,73,6,262,9,54,5,6,20,0,1,0,,10,4,,Heerenveen,317,2,22.02.2020 19:45,Eredivisie - Round 24,cat414,2,45,27,0,68,2,14,5,5,2,3,0,1,,2,0,,Den Haag,130,3,22.02.2020 19:45,Eredivisie - Round 24
415,cat415,1,50,67,6,221,6,52,6,6,18,0,1,0,,7,5,,Heerenveen,275,,22.02.2020 19:45,Eredivisie - Round 24,cat415,2,50,33,1,78,2,17,6,6,2,4,2,0,,0,1,,Den Haag,134,,22.02.2020 19:45,Eredivisie - Round 24
416,cat416,1,45,47,0,142,6,23,6,7,11,1,2,0,,6,5,,Feyenoord,192,,22.02.2020 19:45,Eredivisie - Round 24,cat416,2,59,53,0,180,0,18,6,5,4,3,1,1,,2,2,,Sittard,241,,22.02.2020 19:45,Eredivisie - Round 24
417,cat417,1,69,57,5,255,3,33,3,4,11,2,0,0,,5,1,,Feyenoord,304,,22.02.2020 19:45,Eredivisie - Round 24,cat417,2,53,43,1,183,2,14,4,3,4,1,0,0,,1,2,,Sittard,232,,22.02.2020 19:45,Eredivisie - Round 24
418,cat418,1,69,62,0,163,0,33,9,6,2,0,0,1,,2,0,,Groningen,216,2,22.02.2020 20:45,Eredivisie - Round 24,cat418,2,46,38,1,76,3,18,6,10,5,0,0,0,,3,1,,Venlo,139,0,22.02.2020 20:45,Eredivisie - Round 24
419,cat419,1,89,68,2,236,5,31,2,5,10,0,0,0,,5,3,,Groningen,288,,22.02.2020 20:45,Eredivisie - Round 24,cat419,2,43,32,2,88,1,14,5,2,4,3,0,0,,2,0,,Venlo,134,,22.02.2020 20:45,Eredivisie - Round 24
420,cat420,1,61,47,0,167,1,27,4,7,6,1,2,1,,3,3,,Utrecht,220,1,23.02.2020 12:15,Eredivisie - Round 24,cat420,2,54,53,3,177,2,26,4,5,8,1,1,3,,3,2,,Twente,237,1,23.02.2020 12:15,Eredivisie - Round 24
421,cat421,1,58,58,2,192,6,44,8,5,7,0,0,1,,4,1,,Utrecht,233,1,23.02.2020 12:15,Eredivisie - Round 24,cat421,2,31,42,3,121,0,9,4,9,5,1,0,1,,2,0,,Twente,174,1,23.02.2020 12:15,Eredivisie - Round 24
422,cat422,1,68,49,1,168,3,22,5,9,9,1,1,1,,4,4,,Vitesse,217,,23.02.2020 14:30,Eredivisie - Round 24,cat422,2,55,51,1,179,0,21,9,5,7,3,2,0,,3,3,,PSV,229,,23.02.2020 14:30,Eredivisie - Round 24
423,cat423,1,48,45,3,158,5,24,9,4,6,0,0,0,,3,0,,Vitesse,204,1,23.02.2020 14:30,Eredivisie - Round 24,cat423,2,67,55,3,213,1,20,4,9,3,0,0,0,,0,0,,PSV,255,0,23.02.2020 14:30,Eredivisie - Round 24
424,cat424,1,60,66,2,260,1,23,7,9,9,1,2,1,,2,5,,AZ Alkmaar,309,0,23.02.2020 14:30,Eredivisie - Round 24,cat424,2,52,34,0,119,1,21,8,8,4,3,0,3,,3,1,,Zwolle,151,1,23.02.2020 14:30,Eredivisie - Round 24
425,cat425,1,76,64,1,241,6,34,4,10,8,0,0,1,,3,4,,AZ Alkmaar,297,0,23.02.2020 14:30,Eredivisie - Round 24,cat425,2,47,36,1,109,1,17,11,6,5,4,0,0,,4,0,,Zwolle,159,1,23.02.2020 14:30,Eredivisie - Round 24
426,cat426,1,40,34,2,97,3,9,8,6,8,2,1,3,,1,5,,Heracles,157,1,23.02.2020 16:45,Eredivisie - Round 24,cat426,2,107,66,3,234,4,46,5,11,9,4,0,1,,4,2,,Ajax,304,2,23.02.2020 16:45,Eredivisie - Round 24
427,cat427,1,45,44,1,171,1,18,4,4,4,3,0,1,,2,1,,Heracles,229,1,23.02.2020 16:45,Eredivisie - Round 24,cat427,2,69,56,7,211,6,32,3,5,17,1,0,1,,7,3,,Ajax,279,0,23.02.2020 16:45,Eredivisie - Round 24
428,cat428,1,61,43,0,128,1,13,6,9,2,1,1,2,,1,1,,Willem II,187,0,28.02.2020 20:00,Eredivisie - Round 25,cat428,2,55,57,3,173,4,24,7,8,11,0,1,2,,6,2,,Groningen,225,3,28.02.2020 20:00,Eredivisie - Round 25
429,cat429,1,57,55,0,173,4,23,4,3,7,1,2,1,,4,3,,Willem II,220,0,28.02.2020 20:00,Eredivisie - Round 25,cat429,2,55,45,1,145,1,24,2,5,5,1,0,1,,3,1,,Groningen,191,1,28.02.2020 20:00,Eredivisie - Round 25
430,cat430,1,51,43,2,76,3,21,9,9,5,1,0,0,1,1,2,,Den Haag,141,2,29.02.2020 18:30,Eredivisie - Round 25,cat430,2,68,57,2,145,3,25,9,9,6,2,0,0,0,3,1,,Heracles,204,0,29.02.2020 18:30,Eredivisie - Round 25
431,cat431,1,57,41,1,105,1,21,6,12,4,2,0,0,,1,2,,Den Haag,148,1,29.02.2020 18:30,Eredivisie - Round 25,cat431,2,56,59,2,168,1,13,11,6,6,2,0,1,,2,2,,Heracles,217,2,29.02.2020 18:30,Eredivisie - Round 25
432,cat432,1,58,62,2,193,5,23,10,6,8,1,3,0,,2,4,,Zwolle,232,0,29.02.2020 19:45,Eredivisie - Round 25,cat432,2,38,38,1,113,3,19,7,11,8,1,1,0,,5,2,,Vitesse,138,1,29.02.2020 19:45,Eredivisie - Round 25
433,cat433,1,37,50,2,165,2,15,7,9,7,3,1,3,,2,3,,Zwolle,204,0,29.02.2020 19:45,Eredivisie - Round 25,cat433,2,40,50,1,152,3,26,6,10,7,2,2,1,,1,5,,Vitesse,196,1,29.02.2020 19:45,Eredivisie - Round 25
434,cat434,1,62,46,5,148,1,36,6,10,11,0,0,0,,4,2,,Venlo,201,0,29.02.2020 19:45,Eredivisie - Round 25,cat434,2,68,54,0,201,1,20,8,6,2,2,0,2,,2,0,,Sittard,259,2,29.02.2020 19:45,Eredivisie - Round 25
435,cat435,1,29,38,0,119,1,7,10,3,2,2,0,1,,1,1,,Venlo,159,2,29.02.2020 19:45,Eredivisie - Round 25,cat435,2,72,62,1,210,3,25,3,11,5,1,0,0,,2,2,,Sittard,250,1,29.02.2020 19:45,Eredivisie - Round 25
436,cat436,1,68,65,1,215,6,21,5,7,8,2,2,0,,3,4,,Twente,267,0,29.02.2020 20:45,Eredivisie - Round 25,cat436,2,55,35,1,99,1,14,5,5,8,2,2,3,,3,4,,Heerenveen,152,1,29.02.2020 20:45,Eredivisie - Round 25
437,cat437,1,64,57,0,224,2,30,3,5,6,6,0,0,,2,4,,Twente,269,,29.02.2020 20:45,Eredivisie - Round 25,cat437,2,39,43,3,153,7,17,4,3,12,4,1,1,,2,7,,Heerenveen,196,,29.02.2020 20:45,Eredivisie - Round 25
438,cat438,1,52,47,2,167,2,18,5,6,7,0,2,0,,2,3,,Waalwijk,210,2,01.03.2020 12:15,Eredivisie - Round 25,cat438,2,69,53,3,179,2,22,5,5,6,1,0,1,,3,0,,Utrecht,243,0,01.03.2020 12:15,Eredivisie - Round 25
439,cat439,1,57,63,2,254,1,31,4,5,7,1,0,0,,3,2,,Waalwijk,309,1,01.03.2020 12:15,Eredivisie - Round 25,cat439,2,51,37,0,137,0,19,4,4,6,2,1,1,,4,2,,Utrecht,181,0,01.03.2020 12:15,Eredivisie - Round 25
440,cat440,1,58,52,2,187,1,21,6,9,7,2,1,0,,3,2,,PSV,221,1,01.03.2020 14:30,Eredivisie - Round 25,cat440,2,48,48,2,159,6,33,5,6,6,1,0,4,,2,2,,Feyenoord,200,2,01.03.2020 14:30,Eredivisie - Round 25
441,cat441,1,60,50,3,222,2,25,5,4,5,3,0,1,,2,0,,PSV,271,,01.03.2020 14:30,Eredivisie - Round 25,cat441,2,65,50,1,225,2,18,3,6,7,0,1,1,,2,4,,Feyenoord,263,,01.03.2020 14:30,Eredivisie - Round 25
442,cat442,1,38,24,2,72,2,13,4,5,7,1,2,0,,2,3,,Sparta Rotterdam,111,0,01.03.2020 16:45,Eredivisie - Round 25,cat442,2,79,76,2,275,5,24,5,4,6,1,1,0,,2,2,,FC Emmen,318,1,01.03.2020 16:45,Eredivisie - Round 25
443,cat443,1,34,27,0,72,0,14,4,4,5,1,3,0,,1,4,,Sparta Rotterdam,114,0,01.03.2020 16:45,Eredivisie - Round 25,cat443,2,88,73,2,281,4,26,4,4,6,1,0,0,,3,1,,FC Emmen,323,1,01.03.2020 16:45,Eredivisie - Round 25
444,cat444,1,79,66,4,257,6,54,2,6,11,1,0,0,,4,3,,Ajax,300,0,01.03.2020 20:00,Eredivisie - Round 25,cat444,2,21,34,1,115,0,12,6,2,6,3,1,0,,3,2,,AZ Alkmaar,163,2,01.03.2020 20:00,Eredivisie - Round 25
445,cat445,1,65,58,1,252,3,34,2,5,6,2,0,1,,4,1,,Ajax,287,,01.03.2020 20:00,Eredivisie - Round 25,cat445,2,33,42,0,172,1,8,4,3,5,1,1,1,,2,3,,AZ Alkmaar,212,,01.03.2020 20:00,Eredivisie - Round 25
446,cat446,1,72,49,2,168,3,23,6,7,8,2,1,0,,4,2,,Sittard,217,1,06.03.2020 20:00,Eredivisie - Round 26,cat446,2,42,51,1,173,2,10,8,5,6,1,1,0,,2,3,,Zwolle,237,1,06.03.2020 20:00,Eredivisie - Round 26
447,cat447,1,55,43,0,166,1,18,5,9,1,2,0,1,,1,0,,Sittard,207,1,06.03.2020 20:00,Eredivisie - Round 26,cat447,2,45,57,0,238,2,18,9,7,7,0,0,0,,5,2,,Zwolle,282,1,06.03.2020 20:00,Eredivisie - Round 26
448,cat448,1,65,76,1,353,2,27,5,8,7,1,2,1,,2,4,,AZ Alkmaar,397,0,07.03.2020 18:30,Eredivisie - Round 26,cat448,2,35,24,1,98,0,16,7,7,3,2,0,1,,1,1,,Den Haag,135,3,07.03.2020 18:30,Eredivisie - Round 26
449,cat449,1,73,76,4,319,4,30,4,2,9,0,2,1,,1,4,,AZ Alkmaar,364,1,07.03.2020 18:30,Eredivisie - Round 26,cat449,2,29,24,0,71,2,15,2,5,3,2,0,1,,3,0,,Den Haag,109,0,07.03.2020 18:30,Eredivisie - Round 26
450,cat450,1,67,45,1,133,0,27,7,10,3,1,1,4,,1,1,,Vitesse,189,1,07.03.2020 19:45,Eredivisie - Round 26,cat450,2,61,55,3,170,2,24,9,11,5,0,0,1,,1,1,,Twente,237,3,07.03.2020 19:45,Eredivisie - Round 26
451,cat451,1,58,49,1,171,4,23,9,5,6,1,0,2,,4,1,,Vitesse,219,2,07.03.2020 19:45,Eredivisie - Round 26,cat451,2,41,51,0,188,0,9,4,11,3,1,0,2,,2,1,,Twente,234,0,07.03.2020 19:45,Eredivisie - Round 26
452,cat452,1,63,58,2,182,4,29,5,9,9,0,3,1,,2,5,,FC Emmen,236,,07.03.2020 19:45,Eredivisie - Round 26,cat452,2,44,42,3,119,3,22,8,6,6,2,0,1,,3,0,,Venlo,170,,07.03.2020 19:45,Eredivisie - Round 26
453,cat453,1,82,62,1,230,1,20,6,8,8,0,0,1,,5,2,,FC Emmen,283,0,07.03.2020 19:45,Eredivisie - Round 26,cat453,2,45,38,0,119,1,19,5,7,2,2,0,3,,2,0,,Venlo,168,1,07.03.2020 19:45,Eredivisie - Round 26
454,cat454,1,29,37,0,102,2,17,6,5,4,1,1,2,,1,3,,Heerenveen,154,1,07.03.2020 20:45,Eredivisie - Round 26,cat454,2,77,63,3,188,6,39,2,8,10,2,3,3,,3,4,,Ajax,242,0,07.03.2020 20:45,Eredivisie - Round 26
455,cat455,1,47,37,1,120,1,22,3,3,4,3,0,0,,1,2,,Heerenveen,167,0,07.03.2020 20:45,Eredivisie - Round 26,cat455,2,81,63,0,210,3,46,3,3,4,2,0,1,,1,3,,Ajax,274,1,07.03.2020 20:45,Eredivisie - Round 26
456,cat456,1,80,74,2,324,4,36,2,11,10,0,4,1,,3,5,,Utrecht,364,,08.03.2020 12:15,Eredivisie - Round 26,cat456,2,34,26,2,107,0,4,4,6,4,1,1,0,,1,1,,Sparta Rotterdam,151,,08.03.2020 12:15,Eredivisie - Round 26
457,cat457,1,67,66,0,235,3,41,3,0,5,0,1,0,,4,1,,Utrecht,281,,08.03.2020 12:15,Eredivisie - Round 26,cat457,2,40,34,1,96,1,12,6,0,3,0,0,0,,2,0,,Sparta Rotterdam,147,,08.03.2020 12:15,Eredivisie - Round 26
458,cat458,1,65,60,3,210,5,37,4,8,15,2,2,1,,5,7,,Heracles,243,1,08.03.2020 14:30,Eredivisie - Round 26,cat458,2,28,40,2,141,4,17,7,5,8,5,0,1,,4,2,,Waalwijk,174,2,08.03.2020 14:30,Eredivisie - Round 26
459,cat459,1,54,58,1,207,2,12,7,4,8,0,2,2,,4,3,,Heracles,259,1,08.03.2020 14:30,Eredivisie - Round 26,cat459,2,22,42,0,131,0,4,4,8,3,1,2,1,,1,2,,Waalwijk,181,1,08.03.2020 14:30,Eredivisie - Round 26
460,cat460,1,39,46,0,146,1,16,9,7,2,0,0,0,,1,1,,Feyenoord,205,4,08.03.2020 14:30,Eredivisie - Round 26,cat460,2,52,54,0,198,2,22,6,9,2,1,0,1,,2,0,,Willem II,254,1,08.03.2020 14:30,Eredivisie - Round 26
461,cat461,1,73,70,4,296,5,24,6,6,10,0,2,0,,4,2,,Feyenoord,343,,08.03.2020 14:30,Eredivisie - Round 26,cat461,2,47,30,1,104,1,9,6,6,1,0,0,1,,0,0,,Willem II,147,,08.03.2020 14:30,Eredivisie - Round 26
462,cat462,1,79,60,2,209,6,36,2,6,11,0,0,0,,5,4,,Groningen,272,,08.03.2020 16:45,Eredivisie - Round 26,cat462,2,52,40,2,140,2,16,5,2,4,4,0,1,,2,0,,PSV,194,,08.03.2020 16:45,Eredivisie - Round 26
463,cat463,1,60,54,2,197,5,21,3,7,2,1,0,0,,0,0,,Groningen,241,1,08.03.2020 16:45,Eredivisie - Round 26,cat463,2,64,46,0,165,4,17,6,3,3,0,1,1,,1,2,,PSV,209,0,08.03.2020 16:45,Eredivisie - Round 26
