,H_datetime,H_Gameinfo,H_Teamnames,H_Goals,H_Ball Possession,H_Goal Attempts,H_Shots on Goal,H_Shots off Goal,H_Blocked Shots,H_Free Kicks,H_Corner Kicks,H_Offsides,H_Goalkeeper Saves,H_Fouls,H_Yellow Cards,H_Red Cards,H_Total Passes,H_Completed Passes,H_Tackles,H_Attacks,H_Dangerous Attacks,A_datetime,A_gameinfo,A_Teamnames,A_Goals,A_Ball Possession,A_Goal Attempts,A_Shots on Goal,A_Shots off Goal,A_Blocked Shots,A_Free Kicks,A_Corner Kicks,A_Offsides,A_Goalkeeper Saves,A_Fouls,A_Yellow Cards,A_Red Cards,A_Total Passes,A_Completed Passes,A_Tackles,A_Attacks,A_Dangerous Attacks,H_cat,gameurl
0,05.08.2022 21:00,"FOOTBALL
ENGLAND: PREMIER LEAGUE - ROUND 1",Crystal Palace,0,68,7,1,2,4,6,2,0,0,8,1,,332,293,6,57,44,05.08.2022 21:00,"FOOTBALL
ENGLAND: PREMIER LEAGUE - ROUND 1",Arsenal,1,32,5,0,3,2,7,3,1,1,6,1,,150,117,11,25,15,cat0,https://www.flashscore.com/match/QZqX1icF/#/match-summary/match-statistics/2
1,05.08.2022 21:00,"FOOTBALL
ENGLAND: PREMIER LEAGUE - ROUND 1",Crystal Palace,0,44,3,1,0,2,5,1,1,1,8,0,,230,194,12,53,16,05.08.2022 21:00,"FOOTBALL
ENGLAND: PREMIER LEAGUE - ROUND 1",Arsenal,1,56,5,2,1,2,8,2,1,1,5,1,,288,243,18,61,35,cat1,https://www.flashscore.com/match/QZqX1icF/#/match-summary/match-statistics/1
2,06.08.2022 13:30,"FOOTBALL
ENGLAND: PREMIER LEAGUE - ROUND 1",Fulham,1,38,4,2,1,1,7,1,2,2,2,1,,159,97,15,53,20,06.08.2022 13:30,"FOOTBALL
ENGLAND: PREMIER LEAGUE - ROUND 1",Liverpool,2,62,8,4,3,1,3,3,3,1,5,0,,251,177,7,54,42,cat2,https://www.flashscore.com/match/MgRapPRs/#/match-summary/match-statistics/2
3,06.08.2022 13:30,"FOOTBALL
ENGLAND: PREMIER LEAGUE - ROUND 1",Fulham,1,28,5,1,1,3,4,3,2,0,5,1,,135,84,9,45,23,06.08.2022 13:30,"FOOTBALL
ENGLAND: PREMIER LEAGUE - ROUND 1",Liverpool,0,72,3,0,2,1,7,1,1,0,4,0,,361,296,4,68,21,cat3,https://www.flashscore.com/match/MgRapPRs/#/match-summary/match-statistics/1
4,06.08.2022 16:00,"FOOTBALL
ENGLAND: PREMIER LEAGUE - ROUND 1",Tottenham,2,57,9,3,4,2,3,4,2,1,4,2,,278,239,11,83,55,06.08.2022 16:00,"FOOTBALL
ENGLAND: PREMIER LEAGUE - ROUND 1",Southampton,0,43,7,1,3,3,7,1,0,1,3,0,,216,184,8,76,36,cat4,https://www.flashscore.com/match/Yc8Lu1tD/#/match-summary/match-statistics/2
5,06.08.2022 16:00,"FOOTBALL
ENGLAND: PREMIER LEAGUE - ROUND 1",Tottenham,2,59,9,5,2,2,3,6,0,0,7,1,,276,231,13,12,12,06.08.2022 16:00,"FOOTBALL
ENGLAND: PREMIER LEAGUE - ROUND 1",Southampton,1,41,3,1,2,0,6,1,0,3,3,0,,194,153,6,14,9,cat5,https://www.flashscore.com/match/Yc8Lu1tD/#/match-summary/match-statistics/1
6,06.08.2022 16:00,"FOOTBALL
ENGLAND: PREMIER LEAGUE - ROUND 1",Newcastle,2,59,9,4,3,2,6,4,2,0,3,0,,208,173,10,62,47,06.08.2022 16:00,"FOOTBALL
ENGLAND: PREMIER LEAGUE - ROUND 1",Nottingham,0,41,2,0,2,0,5,1,0,2,6,1,,154,116,9,35,14,cat6,https://www.flashscore.com/match/jZIGtsR6/#/match-summary/match-statistics/2
7,06.08.2022 16:00,"FOOTBALL
ENGLAND: PREMIER LEAGUE - ROUND 1",Newcastle,0,65,14,6,5,3,7,7,0,0,6,0,,261,205,10,79,53,06.08.2022 16:00,"FOOTBALL
ENGLAND: PREMIER LEAGUE - ROUND 1",Nottingham,0,35,3,0,1,2,6,0,0,6,8,2,,140,90,7,33,12,cat7,https://www.flashscore.com/match/jZIGtsR6/#/match-summary/match-statistics/1
8,06.08.2022 16:00,"FOOTBALL
ENGLAND: PREMIER LEAGUE - ROUND 1",Leeds,1,31,5,1,3,1,8,3,0,2,8,1,,157,117,14,30,18,06.08.2022 16:00,"FOOTBALL
ENGLAND: PREMIER LEAGUE - ROUND 1",Wolves,0,69,8,2,3,3,8,4,0,0,6,0,,324,286,7,72,43,cat8,https://www.flashscore.com/match/r9F8r3df/#/match-summary/match-statistics/2
9,06.08.2022 16:00,"FOOTBALL
ENGLAND: PREMIER LEAGUE - ROUND 1",Leeds,1,47,7,3,2,2,2,3,0,3,5,1,,198,152,7,67,30,06.08.2022 16:00,"FOOTBALL
ENGLAND: PREMIER LEAGUE - ROUND 1",Wolves,1,53,7,4,3,0,5,0,1,2,3,0,,222,177,9,42,20,cat9,https://www.flashscore.com/match/r9F8r3df/#/match-summary/match-statistics/1
10,06.08.2022 16:00,"FOOTBALL
ENGLAND: PREMIER LEAGUE - ROUND 1",Bournemouth,1,34,3,1,1,1,8,3,1,0,9,1,,149,108,9,67,28,06.08.2022 16:00,"FOOTBALL
ENGLAND: PREMIER LEAGUE - ROUND 1",Aston Villa,0,66,7,0,3,4,11,1,1,0,6,1,,287,240,5,127,78,cat10,https://www.flashscore.com/match/4IG4qqsl/#/match-summary/match-statistics/2
11,06.08.2022 16:00,"FOOTBALL
ENGLAND: PREMIER LEAGUE - ROUND 1",Bournemouth,1,34,4,2,1,1,13,2,0,2,9,2,,152,103,11,4,5,06.08.2022 16:00,"FOOTBALL
ENGLAND: PREMIER LEAGUE - ROUND 1",Aston Villa,0,66,8,2,4,2,8,4,3,1,10,2,,284,239,5,16,4,cat11,https://www.flashscore.com/match/4IG4qqsl/#/match-summary/match-statistics/1
12,06.08.2022 18:30,"FOOTBALL
ENGLAND: PREMIER LEAGUE - ROUND 1",Everton,0,42,5,3,1,1,6,2,0,1,8,2,,192,137,11,59,22,06.08.2022 18:30,"FOOTBALL
ENGLAND: PREMIER LEAGUE - ROUND 1",Chelsea,0,58,5,1,2,2,8,3,1,3,5,2,,267,220,9,43,23,cat12,https://www.flashscore.com/match/n1CPvLeJ/#/match-summary/match-statistics/2
13,06.08.2022 18:30,"FOOTBALL
ENGLAND: PREMIER LEAGUE - ROUND 1",Everton,0,32,3,1,2,0,6,2,0,4,6,1,,143,109,14,41,24,06.08.2022 18:30,"FOOTBALL
ENGLAND: PREMIER LEAGUE - ROUND 1",Chelsea,1,68,10,5,1,4,5,13,1,1,6,0,,299,270,9,54,62,cat13,https://www.flashscore.com/match/n1CPvLeJ/#/match-summary/match-statistics/1
14,07.08.2022 15:00,"FOOTBALL
ENGLAND: PREMIER LEAGUE - ROUND 1",Manchester Utd,1,64,12,3,3,6,6,6,2,1,3,2,,284,241,7,61,41,07.08.2022 15:00,"FOOTBALL
ENGLAND: PREMIER LEAGUE - ROUND 1",Brighton,0,36,3,1,2,0,4,1,0,2,7,1,,165,120,3,39,21,cat14,https://www.flashscore.com/match/040734YJ/#/match-summary/match-statistics/2
15,07.08.2022 15:00,"FOOTBALL
ENGLAND: PREMIER LEAGUE - ROUND 1",Manchester Utd,0,62,5,2,2,1,7,0,1,1,4,2,,253,204,5,34,23,07.08.2022 15:00,"FOOTBALL
ENGLAND: PREMIER LEAGUE - ROUND 1",Brighton,2,38,12,3,4,5,4,1,1,2,5,0,,155,106,11,45,22,cat15,https://www.flashscore.com/match/040734YJ/#/match-summary/match-statistics/1
16,07.08.2022 15:00,"FOOTBALL
ENGLAND: PREMIER LEAGUE - ROUND 1",Leicester,1,48,6,2,2,2,5,1,1,0,5,,,197,157,3,42,11,07.08.2022 15:00,"FOOTBALL
ENGLAND: PREMIER LEAGUE - ROUND 1",Brentford,2,52,6,2,3,1,6,4,2,1,3,,,218,186,2,48,12,cat16,https://www.flashscore.com/match/CrKCsNB0/#/match-summary/match-statistics/2
17,07.08.2022 15:00,"FOOTBALL
ENGLAND: PREMIER LEAGUE - ROUND 1",Leicester,1,62,8,3,4,1,2,4,1,1,1,,,364,331,9,72,24,07.08.2022 15:00,"FOOTBALL
ENGLAND: PREMIER LEAGUE - ROUND 1",Brentford,0,38,2,1,1,0,2,2,0,2,2,,,226,189,9,44,8,cat17,https://www.flashscore.com/match/CrKCsNB0/#/match-summary/match-statistics/1
18,07.08.2022 17:30,"FOOTBALL
ENGLAND: PREMIER LEAGUE - ROUND 1",West Ham,0,27,3,1,1,1,1,0,3,0,5,,,151,126,10,23,7,07.08.2022 17:30,"FOOTBALL
ENGLAND: PREMIER LEAGUE - ROUND 1",Manchester City,1,73,8,1,5,2,8,3,0,1,1,,,428,399,3,68,28,cat18,https://www.flashscore.com/match/veaB2OmQ/#/match-summary/match-statistics/2
19,07.08.2022 17:30,"FOOTBALL
ENGLAND: PREMIER LEAGUE - ROUND 1",West Ham,0,21,3,0,1,2,3,1,1,0,3,0,,106,74,4,25,12,07.08.2022 17:30,"FOOTBALL
ENGLAND: PREMIER LEAGUE - ROUND 1",Manchester City,1,79,6,1,3,2,2,1,1,0,3,1,,403,373,2,66,31,cat19,https://www.flashscore.com/match/veaB2OmQ/#/match-summary/match-statistics/1
20,13.08.2022 13:30,"FOOTBALL
ENGLAND: PREMIER LEAGUE - ROUND 2",Aston Villa,1,52,10,3,3,4,4,3,2,3,4,3,,205,170,6,42,36,13.08.2022 13:30,"FOOTBALL
ENGLAND: PREMIER LEAGUE - ROUND 2",Everton,1,48,11,4,1,6,5,5,1,2,3,0,,189,150,5,44,16,cat0,https://www.flashscore.com/match/xnF7eAit/#/match-summary/match-statistics/2
21,13.08.2022 13:30,"FOOTBALL
ENGLAND: PREMIER LEAGUE - ROUND 2",Aston Villa,1,62,2,1,1,0,6,2,0,0,5,1,,312,265,9,69,29,13.08.2022 13:30,"FOOTBALL
ENGLAND: PREMIER LEAGUE - ROUND 2",Everton,0,38,4,0,1,3,5,3,2,0,4,1,,189,141,11,42,16,cat1,https://www.flashscore.com/match/xnF7eAit/#/match-summary/match-statistics/1
22,13.08.2022 16:00,"FOOTBALL
ENGLAND: PREMIER LEAGUE - ROUND 2",Wolves,0,60,2,0,1,1,9,1,0,3,3,1,,226,166,13,46,14,13.08.2022 16:00,"FOOTBALL
ENGLAND: PREMIER LEAGUE - ROUND 2",Fulham,0,40,5,3,2,0,2,2,0,0,9,2,,152,102,8,54,19,cat2,https://www.flashscore.com/match/z7bulpjU/#/match-summary/match-statistics/2
23,13.08.2022 16:00,"FOOTBALL
ENGLAND: PREMIER LEAGUE - ROUND 2",Wolves,0,60,5,1,4,0,4,4,1,0,4,2,,270,225,5,48,23,13.08.2022 16:00,"FOOTBALL
ENGLAND: PREMIER LEAGUE - ROUND 2",Fulham,0,40,4,0,3,1,5,1,0,1,5,1,,176,134,10,49,21,cat3,https://www.flashscore.com/match/z7bulpjU/#/match-summary/match-statistics/1
24,13.08.2022 16:00,"FOOTBALL
ENGLAND: PREMIER LEAGUE - ROUND 2",Southampton,2,49,8,4,2,2,6,1,1,1,5,1,,174,122,9,74,22,13.08.2022 16:00,"FOOTBALL
ENGLAND: PREMIER LEAGUE - ROUND 2",Leeds,2,51,8,3,2,3,6,3,0,2,6,1,,186,133,12,39,15,cat4,https://www.flashscore.com/match/dGaykQzO/#/match-summary/match-statistics/2
25,13.08.2022 16:00,"FOOTBALL
ENGLAND: PREMIER LEAGUE - ROUND 2",Southampton,0,37,6,0,5,1,7,1,0,2,5,0,,158,110,8,52,16,13.08.2022 16:00,"FOOTBALL
ENGLAND: PREMIER LEAGUE - ROUND 2",Leeds,0,63,5,2,2,1,4,2,1,0,6,2,,268,203,15,62,21,cat5,https://www.flashscore.com/match/dGaykQzO/#/match-summary/match-statistics/1
26,13.08.2022 16:00,"FOOTBALL
ENGLAND: PREMIER LEAGUE - ROUND 2",Manchester City,1,66,7,2,3,2,6,4,1,0,6,0,,341,319,6,106,35,13.08.2022 16:00,"FOOTBALL
ENGLAND: PREMIER LEAGUE - ROUND 2",Bournemouth,0,34,1,0,1,0,7,0,0,1,6,2,,188,161,4,13,2,cat6,https://www.flashscore.com/match/0l6Sjn6B/#/match-summary/match-statistics/2
27,13.08.2022 16:00,"FOOTBALL
ENGLAND: PREMIER LEAGUE - ROUND 2",Manchester City,3,68,12,5,3,4,3,7,1,1,3,0,,355,330,2,55,43,13.08.2022 16:00,"FOOTBALL
ENGLAND: PREMIER LEAGUE - ROUND 2",Bournemouth,0,32,2,1,0,1,4,1,1,2,3,1,,165,127,6,29,10,cat7,https://www.flashscore.com/match/0l6Sjn6B/#/match-summary/match-statistics/1
28,13.08.2022 16:00,"FOOTBALL
ENGLAND: PREMIER LEAGUE - ROUND 2",Brighton,0,62,7,3,2,2,5,4,0,0,3,1,,198,165,4,46,37,13.08.2022 16:00,"FOOTBALL
ENGLAND: PREMIER LEAGUE - ROUND 2",Newcastle,0,38,1,0,1,0,3,3,2,3,3,2,,121,84,5,24,12,cat8,https://www.flashscore.com/match/AaDFglMh/#/match-summary/match-statistics/2
29,13.08.2022 16:00,"FOOTBALL
ENGLAND: PREMIER LEAGUE - ROUND 2",Brighton,0,48,6,4,1,1,5,3,1,1,5,1,,176,121,14,46,29,13.08.2022 16:00,"FOOTBALL
ENGLAND: PREMIER LEAGUE - ROUND 2",Newcastle,0,52,3,1,1,1,5,0,2,4,3,1,,193,146,7,52,27,cat9,https://www.flashscore.com/match/AaDFglMh/#/match-summary/match-statistics/1
30,13.08.2022 16:00,"FOOTBALL
ENGLAND: PREMIER LEAGUE - ROUND 2",Arsenal,2,44,9,4,3,2,5,4,2,0,8,1,,205,169,5,45,24,13.08.2022 16:00,"FOOTBALL
ENGLAND: PREMIER LEAGUE - ROUND 2",Leicester,2,56,5,1,3,1,9,2,1,2,4,0,,262,209,5,42,13,cat10,https://www.flashscore.com/match/2gOu0jqP/#/match-summary/match-statistics/2
31,13.08.2022 16:00,"FOOTBALL
ENGLAND: PREMIER LEAGUE - ROUND 2",Arsenal,2,55,10,3,5,2,7,2,0,1,7,0,,257,217,3,56,41,13.08.2022 16:00,"FOOTBALL
ENGLAND: PREMIER LEAGUE - ROUND 2",Leicester,0,45,1,1,0,0,6,0,2,1,5,1,,210,169,7,39,13,cat11,https://www.flashscore.com/match/2gOu0jqP/#/match-summary/match-statistics/1
32,13.08.2022 18:30,"FOOTBALL
ENGLAND: PREMIER LEAGUE - ROUND 2",Brentford,0,34,6,3,1,2,9,5,1,2,2,0,,123,87,4,36,22,13.08.2022 18:30,"FOOTBALL
ENGLAND: PREMIER LEAGUE - ROUND 2",Manchester Utd,0,66,7,2,4,1,3,2,1,3,8,3,,248,209,4,59,35,cat12,https://www.flashscore.com/match/W8EBfU6n/#/match-summary/match-statistics/2
33,13.08.2022 18:30,"FOOTBALL
ENGLAND: PREMIER LEAGUE - ROUND 2",Brentford,4,32,7,4,2,1,5,3,0,2,4,0,,132,82,2,32,20,13.08.2022 18:30,"FOOTBALL
ENGLAND: PREMIER LEAGUE - ROUND 2",Manchester Utd,0,68,8,2,3,3,4,0,1,0,7,1,,277,230,8,50,31,cat13,https://www.flashscore.com/match/W8EBfU6n/#/match-summary/match-statistics/1
34,14.08.2022 15:00,"FOOTBALL
ENGLAND: PREMIER LEAGUE - ROUND 2",Nottingham,0,36,2,2,0,0,4,3,1,3,5,4,,116,66,6,27,21,14.08.2022 15:00,"FOOTBALL
ENGLAND: PREMIER LEAGUE - ROUND 2",West Ham,0,64,11,3,4,4,4,5,0,2,4,0,,210,151,10,41,29,cat14,https://www.flashscore.com/match/EiAWk6LH/#/match-summary/match-statistics/2
35,14.08.2022 15:00,"FOOTBALL
ENGLAND: PREMIER LEAGUE - ROUND 2",Nottingham,1,50,11,4,4,3,7,3,2,2,5,0,,172,124,10,43,27,14.08.2022 15:00,"FOOTBALL
ENGLAND: PREMIER LEAGUE - ROUND 2",West Ham,0,50,8,2,4,2,6,2,2,3,7,1,,171,133,6,52,26,cat15,https://www.flashscore.com/match/EiAWk6LH/#/match-summary/match-statistics/1
36,14.08.2022 17:30,"FOOTBALL
ENGLAND: PREMIER LEAGUE - ROUND 2",Chelsea,1,60,8,1,3,4,3,4,0,2,6,2,,218,176,15,50,42,14.08.2022 17:30,"FOOTBALL
ENGLAND: PREMIER LEAGUE - ROUND 2",Tottenham,2,40,8,4,2,2,5,5,1,0,3,0,,149,117,15,32,20,cat16,https://www.flashscore.com/match/Sz8Kh8ya/#/match-summary/match-statistics/2
37,14.08.2022 17:30,"FOOTBALL
ENGLAND: PREMIER LEAGUE - ROUND 2",Chelsea,1,68,8,2,3,3,4,4,2,1,3,1,,356,315,14,82,54,14.08.2022 17:30,"FOOTBALL
ENGLAND: PREMIER LEAGUE - ROUND 2",Tottenham,0,32,2,1,0,1,4,0,0,1,6,0,,169,134,10,28,6,cat17,https://www.flashscore.com/match/Sz8Kh8ya/#/match-summary/match-statistics/1
38,15.08.2022 21:00,"FOOTBALL
ENGLAND: PREMIER LEAGUE - ROUND 2",Liverpool,1,71,7,1,4,2,5,1,3,0,4,1,1,343,302,12,84,38,15.08.2022 21:00,"FOOTBALL
ENGLAND: PREMIER LEAGUE - ROUND 2",Crystal Palace,0,29,3,0,3,0,7,1,1,0,5,4,0,140,104,10,34,14,cat18,https://www.flashscore.com/match/6R6OiSj5/#/match-summary/match-statistics/2
39,15.08.2022 21:00,"FOOTBALL
ENGLAND: PREMIER LEAGUE - ROUND 2",Liverpool,0,75,17,3,6,8,4,3,0,2,3,1,,392,337,9,92,49,15.08.2022 21:00,"FOOTBALL
ENGLAND: PREMIER LEAGUE - ROUND 2",Crystal Palace,1,25,4,3,1,0,3,1,1,3,3,0,,127,78,12,29,4,cat19,https://www.flashscore.com/match/6R6OiSj5/#/match-summary/match-statistics/1
40,20.08.2022 13:30,"FOOTBALL
ENGLAND: PREMIER LEAGUE - ROUND 3",Tottenham,1,50,10,3,5,2,3,5,0,1,3,1,,204,168,13,43,55,20.08.2022 13:30,"FOOTBALL
ENGLAND: PREMIER LEAGUE - ROUND 3",Wolves,0,50,8,1,1,6,2,4,0,2,3,2,,212,166,9,38,41,cat0,https://www.flashscore.com/match/A1YH13KT/#/match-summary/match-statistics/2
41,20.08.2022 13:30,"FOOTBALL
ENGLAND: PREMIER LEAGUE - ROUND 3",Tottenham,0,50,1,1,0,0,4,3,2,2,7,1,,268,241,5,56,21,20.08.2022 13:30,"FOOTBALL
ENGLAND: PREMIER LEAGUE - ROUND 3",Wolves,0,50,12,2,7,3,8,2,0,1,5,0,,265,230,9,51,22,cat1,https://www.flashscore.com/match/A1YH13KT/#/match-summary/match-statistics/1
42,20.08.2022 16:00,"FOOTBALL
ENGLAND: PREMIER LEAGUE - ROUND 3",Leicester,1,54,1,1,0,0,6,0,0,0,6,2,,215,162,2,46,26,20.08.2022 16:00,"FOOTBALL
ENGLAND: PREMIER LEAGUE - ROUND 3",Southampton,2,46,7,2,4,1,6,4,0,0,7,3,,194,147,8,58,31,cat2,https://www.flashscore.com/match/KCu545zB/#/match-summary/match-statistics/2
43,20.08.2022 16:00,"FOOTBALL
ENGLAND: PREMIER LEAGUE - ROUND 3",Leicester,0,70,5,0,3,2,8,2,0,1,5,,,341,292,13,79,39,20.08.2022 16:00,"FOOTBALL
ENGLAND: PREMIER LEAGUE - ROUND 3",Southampton,0,30,2,1,1,0,5,1,1,0,8,,,141,91,11,36,12,cat3,https://www.flashscore.com/match/KCu545zB/#/match-summary/match-statistics/1
44,20.08.2022 16:00,"FOOTBALL
ENGLAND: PREMIER LEAGUE - ROUND 3",Fulham,1,43,8,4,3,1,8,3,2,1,9,1,,149,93,4,43,20,20.08.2022 16:00,"FOOTBALL
ENGLAND: PREMIER LEAGUE - ROUND 3",Brentford,1,57,8,2,3,3,11,2,3,3,6,2,,215,148,4,58,28,cat4,https://www.flashscore.com/match/nasc6R5b/#/match-summary/match-statistics/2
45,20.08.2022 16:00,"FOOTBALL
ENGLAND: PREMIER LEAGUE - ROUND 3",Fulham,2,45,10,5,1,4,5,3,3,2,4,2,,162,125,8,36,19,20.08.2022 16:00,"FOOTBALL
ENGLAND: PREMIER LEAGUE - ROUND 3",Brentford,1,55,5,3,1,1,7,1,4,3,1,0,,202,157,8,32,17,cat5,https://www.flashscore.com/match/nasc6R5b/#/match-summary/match-statistics/1
46,20.08.2022 16:00,"FOOTBALL
ENGLAND: PREMIER LEAGUE - ROUND 3",Everton,1,49,12,5,3,4,2,4,1,1,2,1,,195,142,10,52,31,20.08.2022 16:00,"FOOTBALL
ENGLAND: PREMIER LEAGUE - ROUND 3",Nottingham,1,51,8,2,4,2,3,1,0,4,4,0,,205,135,9,39,19,cat6,https://www.flashscore.com/match/Yewg77jh/#/match-summary/match-statistics/2
47,20.08.2022 16:00,"FOOTBALL
ENGLAND: PREMIER LEAGUE - ROUND 3",Everton,0,47,7,3,3,1,5,2,3,3,4,2,,218,176,3,58,18,20.08.2022 16:00,"FOOTBALL
ENGLAND: PREMIER LEAGUE - ROUND 3",Nottingham,0,53,6,3,2,1,9,1,1,3,5,2,,239,187,13,49,21,cat7,https://www.flashscore.com/match/Yewg77jh/#/match-summary/match-statistics/1
48,20.08.2022 16:00,"FOOTBALL
ENGLAND: PREMIER LEAGUE - ROUND 3",Crystal Palace,2,45,11,6,3,2,6,1,0,3,10,1,,198,165,4,49,25,20.08.2022 16:00,"FOOTBALL
ENGLAND: PREMIER LEAGUE - ROUND 3",Aston Villa,0,55,10,3,5,2,9,1,1,4,6,0,,232,180,8,52,23,cat8,https://www.flashscore.com/match/jXml8myn/#/match-summary/match-statistics/2
49,20.08.2022 16:00,"FOOTBALL
ENGLAND: PREMIER LEAGUE - ROUND 3",Crystal Palace,1,56,6,3,2,1,7,3,1,1,6,1,,250,209,10,43,26,20.08.2022 16:00,"FOOTBALL
ENGLAND: PREMIER LEAGUE - ROUND 3",Aston Villa,1,44,3,2,1,0,7,1,0,2,8,1,,196,158,18,51,18,cat9,https://www.flashscore.com/match/jXml8myn/#/match-summary/match-statistics/1
50,20.08.2022 18:30,"FOOTBALL
ENGLAND: PREMIER LEAGUE - ROUND 3",Bournemouth,0,58,6,1,5,0,7,3,1,2,4,1,,264,209,13,53,29,20.08.2022 18:30,"FOOTBALL
ENGLAND: PREMIER LEAGUE - ROUND 3",Arsenal,1,42,6,3,3,0,5,0,2,1,6,1,,182,152,8,59,17,cat10,https://www.flashscore.com/match/Ctkp9TLu/#/match-summary/match-statistics/2
51,20.08.2022 18:30,"FOOTBALL
ENGLAND: PREMIER LEAGUE - ROUND 3",Bournemouth,0,26,0,0,0,0,5,0,0,1,8,1,,147,108,9,21,5,20.08.2022 18:30,"FOOTBALL
ENGLAND: PREMIER LEAGUE - ROUND 3",Arsenal,2,74,8,3,1,4,6,4,1,0,4,0,,398,361,6,79,33,cat11,https://www.flashscore.com/match/Ctkp9TLu/#/match-summary/match-statistics/1
52,21.08.2022 15:00,"FOOTBALL
ENGLAND: PREMIER LEAGUE - ROUND 3",West Ham,0,51,9,3,1,5,3,4,1,0,6,1,,232,179,5,36,20,21.08.2022 15:00,"FOOTBALL
ENGLAND: PREMIER LEAGUE - ROUND 3",Brighton,1,49,5,1,3,1,7,0,1,3,2,0,,218,178,9,56,30,cat12,https://www.flashscore.com/match/pfPqcNSp/#/match-summary/match-statistics/2
53,21.08.2022 15:00,"FOOTBALL
ENGLAND: PREMIER LEAGUE - ROUND 3",West Ham,0,47,4,0,2,2,5,1,2,0,4,1,,235,190,3,45,21,21.08.2022 15:00,"FOOTBALL
ENGLAND: PREMIER LEAGUE - ROUND 3",Brighton,1,53,6,1,2,3,5,4,0,0,5,0,,267,212,8,59,17,cat13,https://www.flashscore.com/match/pfPqcNSp/#/match-summary/match-statistics/1
54,21.08.2022 15:00,"FOOTBALL
ENGLAND: PREMIER LEAGUE - ROUND 3",Leeds,1,39,4,1,1,2,14,3,0,2,8,0,0,146,107,12,46,28,21.08.2022 15:00,"FOOTBALL
ENGLAND: PREMIER LEAGUE - ROUND 3",Chelsea,0,61,9,2,1,6,8,2,5,0,9,1,1,244,201,15,65,36,cat14,https://www.flashscore.com/match/tMt15oL4/#/match-summary/match-statistics/2
55,21.08.2022 15:00,"FOOTBALL
ENGLAND: PREMIER LEAGUE - ROUND 3",Leeds,2,41,8,5,3,0,8,1,1,1,8,0,,172,122,14,51,20,21.08.2022 15:00,"FOOTBALL
ENGLAND: PREMIER LEAGUE - ROUND 3",Chelsea,0,59,5,1,3,1,9,4,2,3,6,2,,250,196,7,61,31,cat15,https://www.flashscore.com/match/tMt15oL4/#/match-summary/match-statistics/1
56,21.08.2022 17:30,"FOOTBALL
ENGLAND: PREMIER LEAGUE - ROUND 3",Newcastle,1,30,4,1,2,1,5,1,0,3,6,2,,137,81,7,39,18,21.08.2022 17:30,"FOOTBALL
ENGLAND: PREMIER LEAGUE - ROUND 3",Manchester City,2,70,12,5,2,5,6,5,1,0,4,1,,303,249,4,52,32,cat16,https://www.flashscore.com/match/GvZD2q5N/#/match-summary/match-statistics/2
57,21.08.2022 17:30,"FOOTBALL
ENGLAND: PREMIER LEAGUE - ROUND 3",Newcastle,2,32,8,5,2,1,3,4,2,4,8,2,,138,94,6,39,20,21.08.2022 17:30,"FOOTBALL
ENGLAND: PREMIER LEAGUE - ROUND 3",Manchester City,1,68,9,5,2,2,10,0,0,3,3,1,,305,263,5,65,20,cat17,https://www.flashscore.com/match/GvZD2q5N/#/match-summary/match-statistics/1
58,22.08.2022 21:00,"FOOTBALL
ENGLAND: PREMIER LEAGUE - ROUND 3",Manchester Utd,1,30,7,3,3,1,4,3,2,4,7,1,,118,74,15,37,19,22.08.2022 21:00,"FOOTBALL
ENGLAND: PREMIER LEAGUE - ROUND 3",Liverpool,1,70,11,5,3,3,8,5,2,2,3,0,,273,229,7,62,51,cat18,https://www.flashscore.com/match/xlzA3PkH/#/match-summary/match-statistics/2
59,22.08.2022 21:00,"FOOTBALL
ENGLAND: PREMIER LEAGUE - ROUND 3",Manchester Utd,1,30,5,1,1,3,2,3,0,0,4,2,,147,103,9,38,17,22.08.2022 21:00,"FOOTBALL
ENGLAND: PREMIER LEAGUE - ROUND 3",Liverpool,0,70,6,0,4,2,4,3,0,0,4,1,,340,285,6,55,33,cat19,https://www.flashscore.com/match/xlzA3PkH/#/match-summary/match-statistics/1
60,27.08.2022 13:30,"FOOTBALL
ENGLAND: PREMIER LEAGUE - ROUND 4",Southampton,0,56,10,2,7,1,9,4,1,1,0,0,,206,152,11,53,52,27.08.2022 13:30,"FOOTBALL
ENGLAND: PREMIER LEAGUE - ROUND 4",Manchester Utd,1,44,3,2,1,0,1,1,1,2,10,3,,155,97,10,42,10,cat0,https://www.flashscore.com/match/ttwIcfJe/#/match-summary/match-statistics/2
61,27.08.2022 13:30,"FOOTBALL
ENGLAND: PREMIER LEAGUE - ROUND 4",Southampton,0,40,7,3,3,1,4,1,0,4,4,,,159,113,6,63,34,27.08.2022 13:30,"FOOTBALL
ENGLAND: PREMIER LEAGUE - ROUND 4",Manchester Utd,0,60,8,4,1,3,3,2,0,3,4,,,249,198,4,50,29,cat1,https://www.flashscore.com/match/ttwIcfJe/#/match-summary/match-statistics/1
62,27.08.2022 16:00,"FOOTBALL
ENGLAND: PREMIER LEAGUE - ROUND 4",Manchester City,4,75,11,5,4,2,5,3,1,0,6,1,,396,367,3,68,44,27.08.2022 16:00,"FOOTBALL
ENGLAND: PREMIER LEAGUE - ROUND 4",Crystal Palace,0,25,0,0,0,0,6,0,1,1,4,2,,144,109,4,22,6,cat2,https://www.flashscore.com/match/MwNGaGlq/#/match-summary/match-statistics/2
63,27.08.2022 16:00,"FOOTBALL
ENGLAND: PREMIER LEAGUE - ROUND 4",Manchester City,0,75,7,0,5,2,4,3,1,0,8,,,374,330,9,83,46,27.08.2022 16:00,"FOOTBALL
ENGLAND: PREMIER LEAGUE - ROUND 4",Crystal Palace,2,25,2,2,0,0,8,1,0,0,4,,,121,78,5,24,9,cat3,https://www.flashscore.com/match/MwNGaGlq/#/match-summary/match-statistics/1
64,27.08.2022 16:00,"FOOTBALL
ENGLAND: PREMIER LEAGUE - ROUND 4",Liverpool,4,68,9,5,3,1,2,5,0,0,4,,,292,251,7,65,36,27.08.2022 16:00,"FOOTBALL
ENGLAND: PREMIER LEAGUE - ROUND 4",Bournemouth,0,32,2,0,1,1,4,1,0,1,2,,,139,78,9,35,8,cat4,https://www.flashscore.com/match/UsamHrKG/#/match-summary/match-statistics/2
65,27.08.2022 16:00,"FOOTBALL
ENGLAND: PREMIER LEAGUE - ROUND 4",Liverpool,5,70,10,7,3,0,4,3,3,2,2,0,,389,334,5,89,35,27.08.2022 16:00,"FOOTBALL
ENGLAND: PREMIER LEAGUE - ROUND 4",Bournemouth,0,30,3,2,1,0,5,0,0,2,3,1,,164,117,11,34,6,cat5,https://www.flashscore.com/match/UsamHrKG/#/match-summary/match-statistics/1
66,27.08.2022 16:00,"FOOTBALL
ENGLAND: PREMIER LEAGUE - ROUND 4",Chelsea,2,26,4,2,1,1,3,0,1,3,5,1,,120,86,3,29,9,27.08.2022 16:00,"FOOTBALL
ENGLAND: PREMIER LEAGUE - ROUND 4",Leicester,1,74,14,4,6,4,3,7,1,0,2,0,,339,292,7,75,60,cat6,https://www.flashscore.com/match/GveqIO4A/#/match-summary/match-statistics/2
67,27.08.2022 16:00,"FOOTBALL
ENGLAND: PREMIER LEAGUE - ROUND 4",Chelsea,0,64,3,1,1,1,4,3,2,1,5,2,1,326,286,15,82,28,27.08.2022 16:00,"FOOTBALL
ENGLAND: PREMIER LEAGUE - ROUND 4",Leicester,0,36,3,1,1,1,8,4,0,1,5,2,0,185,149,10,34,14,cat7,https://www.flashscore.com/match/GveqIO4A/#/match-summary/match-statistics/1
68,27.08.2022 16:00,"FOOTBALL
ENGLAND: PREMIER LEAGUE - ROUND 4",Brighton,1,38,6,2,4,0,3,2,1,2,5,2,,177,122,8,34,17,27.08.2022 16:00,"FOOTBALL
ENGLAND: PREMIER LEAGUE - ROUND 4",Leeds,0,62,8,2,3,3,4,2,0,1,3,0,,272,199,7,57,18,cat8,https://www.flashscore.com/match/YF5vJ4k4/#/match-summary/match-statistics/2
69,27.08.2022 16:00,"FOOTBALL
ENGLAND: PREMIER LEAGUE - ROUND 4",Brighton,0,47,7,2,4,1,11,3,1,0,5,0,,176,124,6,59,22,27.08.2022 16:00,"FOOTBALL
ENGLAND: PREMIER LEAGUE - ROUND 4",Leeds,0,53,2,0,0,2,5,1,1,2,11,3,,203,150,15,45,10,cat9,https://www.flashscore.com/match/YF5vJ4k4/#/match-summary/match-statistics/1
70,27.08.2022 16:00,"FOOTBALL
ENGLAND: PREMIER LEAGUE - ROUND 4",Brentford,1,67,11,3,5,3,7,5,0,2,5,2,,285,240,3,55,50,27.08.2022 16:00,"FOOTBALL
ENGLAND: PREMIER LEAGUE - ROUND 4",Everton,0,33,5,2,2,1,5,2,1,2,6,2,,143,92,11,28,10,cat10,https://www.flashscore.com/match/fP6zKpzb/#/match-summary/match-statistics/2
71,27.08.2022 16:00,"FOOTBALL
ENGLAND: PREMIER LEAGUE - ROUND 4",Brentford,0,49,9,2,4,3,3,3,0,4,3,,,229,184,11,44,23,27.08.2022 16:00,"FOOTBALL
ENGLAND: PREMIER LEAGUE - ROUND 4",Everton,1,51,9,5,0,4,3,3,1,2,2,,,242,204,11,68,27,cat11,https://www.flashscore.com/match/fP6zKpzb/#/match-summary/match-statistics/1
72,27.08.2022 18:30,"FOOTBALL
ENGLAND: PREMIER LEAGUE - ROUND 4",Arsenal,2,70,14,7,1,6,6,5,0,2,2,0,,263,214,8,61,43,27.08.2022 18:30,"FOOTBALL
ENGLAND: PREMIER LEAGUE - ROUND 4",Fulham,1,30,7,3,3,1,2,1,0,5,7,2,,107,68,8,33,15,cat12,https://www.flashscore.com/match/na3SL65o/#/match-summary/match-statistics/2
73,27.08.2022 18:30,"FOOTBALL
ENGLAND: PREMIER LEAGUE - ROUND 4",Arsenal,0,74,8,1,3,4,4,4,1,0,4,2,,332,290,7,74,36,27.08.2022 18:30,"FOOTBALL
ENGLAND: PREMIER LEAGUE - ROUND 4",Fulham,0,26,4,0,3,1,5,1,0,1,5,1,,116,67,16,28,6,cat13,https://www.flashscore.com/match/na3SL65o/#/match-summary/match-statistics/1
74,28.08.2022 15:00,"FOOTBALL
ENGLAND: PREMIER LEAGUE - ROUND 4",Wolves,0,37,5,2,0,3,5,3,1,2,7,1,,141,91,15,35,22,28.08.2022 15:00,"FOOTBALL
ENGLAND: PREMIER LEAGUE - ROUND 4",Newcastle,1,63,12,3,3,6,7,8,0,2,5,1,,230,178,5,50,47,cat14,https://www.flashscore.com/match/KWyMdEY1/#/match-summary/match-statistics/2
75,28.08.2022 15:00,"FOOTBALL
ENGLAND: PREMIER LEAGUE - ROUND 4",Wolves,1,35,5,2,2,1,7,1,2,3,3,1,,124,93,7,29,18,28.08.2022 15:00,"FOOTBALL
ENGLAND: PREMIER LEAGUE - ROUND 4",Newcastle,0,65,9,3,1,5,5,5,1,1,6,0,,228,193,10,43,41,cat15,https://www.flashscore.com/match/KWyMdEY1/#/match-summary/match-statistics/1
76,28.08.2022 15:00,"FOOTBALL
ENGLAND: PREMIER LEAGUE - ROUND 4",Aston Villa,0,56,4,1,2,1,4,1,1,1,6,2,,268,215,9,69,33,28.08.2022 15:00,"FOOTBALL
ENGLAND: PREMIER LEAGUE - ROUND 4",West Ham,1,44,6,2,2,2,7,1,1,1,2,0,,210,156,6,55,32,cat16,https://www.flashscore.com/match/Qk2WKQKi/#/match-summary/match-statistics/2
77,28.08.2022 15:00,"FOOTBALL
ENGLAND: PREMIER LEAGUE - ROUND 4",Aston Villa,0,60,5,2,2,1,6,2,1,0,4,,,314,272,8,62,20,28.08.2022 15:00,"FOOTBALL
ENGLAND: PREMIER LEAGUE - ROUND 4",West Ham,0,40,1,0,1,0,6,1,0,2,8,,,209,168,7,42,13,cat17,https://www.flashscore.com/match/Qk2WKQKi/#/match-summary/match-statistics/1
78,28.08.2022 17:30,"FOOTBALL
ENGLAND: PREMIER LEAGUE - ROUND 4",Nottingham,0,53,8,0,5,3,10,4,0,5,9,6,,239,195,11,60,30,28.08.2022 17:30,"FOOTBALL
ENGLAND: PREMIER LEAGUE - ROUND 4",Tottenham,1,47,13,6,4,3,7,1,2,0,9,1,,230,180,7,43,17,cat18,https://www.flashscore.com/match/0ULKbz4k/#/match-summary/match-statistics/2
79,28.08.2022 17:30,"FOOTBALL
ENGLAND: PREMIER LEAGUE - ROUND 4",Nottingham,0,59,9,1,4,4,3,2,1,0,2,,,329,276,10,84,47,28.08.2022 17:30,"FOOTBALL
ENGLAND: PREMIER LEAGUE - ROUND 4",Tottenham,1,41,5,1,3,1,3,0,1,1,4,,,232,184,6,37,12,cat19,https://www.flashscore.com/match/0ULKbz4k/#/match-summary/match-statistics/1
80,30.08.2022 20:30,"FOOTBALL
ENGLAND: PREMIER LEAGUE - ROUND 5",Fulham,2,33,7,1,6,0,7,2,0,2,4,2,,124,86,16,41,29,30.08.2022 20:30,"FOOTBALL
ENGLAND: PREMIER LEAGUE - ROUND 5",Brighton,1,67,5,3,2,0,2,3,1,0,7,1,,265,224,12,59,37,cat0,https://www.flashscore.com/match/U1JCJytF/#/match-summary/match-statistics/2
81,30.08.2022 20:30,"FOOTBALL
ENGLAND: PREMIER LEAGUE - ROUND 5",Fulham,0,45,3,2,1,0,3,1,0,1,5,,,220,171,10,32,18,30.08.2022 20:30,"FOOTBALL
ENGLAND: PREMIER LEAGUE - ROUND 5",Brighton,0,55,2,1,1,0,5,0,1,2,4,,,268,222,11,69,18,cat1,https://www.flashscore.com/match/U1JCJytF/#/match-summary/match-statistics/1
82,30.08.2022 20:30,"FOOTBALL
ENGLAND: PREMIER LEAGUE - ROUND 5",Crystal Palace,1,45,6,2,4,0,5,3,0,2,6,1,,217,167,7,50,20,30.08.2022 20:30,"FOOTBALL
ENGLAND: PREMIER LEAGUE - ROUND 5",Brentford,1,55,7,3,4,0,5,2,0,1,5,2,,263,208,5,59,22,cat2,https://www.flashscore.com/match/MabiCgYl/#/match-summary/match-statistics/2
83,30.08.2022 20:30,"FOOTBALL
ENGLAND: PREMIER LEAGUE - ROUND 5",Crystal Palace,0,53,7,2,2,3,3,1,1,0,5,,,255,217,14,58,20,30.08.2022 20:30,"FOOTBALL
ENGLAND: PREMIER LEAGUE - ROUND 5",Brentford,0,47,2,0,1,1,5,4,0,2,3,,,219,178,9,42,31,cat3,https://www.flashscore.com/match/MabiCgYl/#/match-summary/match-statistics/1
84,30.08.2022 20:45,"FOOTBALL
ENGLAND: PREMIER LEAGUE - ROUND 5",Southampton,0,29,3,3,0,0,10,2,0,1,7,2,,115,69,8,46,27,30.08.2022 20:45,"FOOTBALL
ENGLAND: PREMIER LEAGUE - ROUND 5",Chelsea,0,71,6,1,1,4,6,2,1,3,9,1,,293,243,19,74,34,cat4,https://www.flashscore.com/match/KpHfBDme/#/match-summary/match-statistics/2
85,30.08.2022 20:45,"FOOTBALL
ENGLAND: PREMIER LEAGUE - ROUND 5",Southampton,2,35,6,4,0,2,3,3,0,2,8,,,144,89,11,56,17,30.08.2022 20:45,"FOOTBALL
ENGLAND: PREMIER LEAGUE - ROUND 5",Chelsea,1,65,4,3,1,0,8,1,2,2,1,,,268,217,7,59,23,cat5,https://www.flashscore.com/match/KpHfBDme/#/match-summary/match-statistics/1
86,30.08.2022 21:00,"FOOTBALL
ENGLAND: PREMIER LEAGUE - ROUND 5",Leeds,1,68,12,5,6,1,6,7,1,1,4,2,,302,247,20,87,45,30.08.2022 21:00,"FOOTBALL
ENGLAND: PREMIER LEAGUE - ROUND 5",Everton,0,32,3,1,1,1,5,2,1,4,4,2,,142,101,15,45,6,cat6,https://www.flashscore.com/match/8hIGIeeL/#/match-summary/match-statistics/2
87,30.08.2022 21:00,"FOOTBALL
ENGLAND: PREMIER LEAGUE - ROUND 5",Leeds,0,70,2,0,2,0,7,3,1,0,6,1,,342,288,5,80,41,30.08.2022 21:00,"FOOTBALL
ENGLAND: PREMIER LEAGUE - ROUND 5",Everton,1,30,4,1,1,2,7,0,1,0,5,1,,150,102,13,47,5,cat7,https://www.flashscore.com/match/8hIGIeeL/#/match-summary/match-statistics/1
88,31.08.2022 20:30,"FOOTBALL
ENGLAND: PREMIER LEAGUE - ROUND 5",Manchester City,3,73,8,5,2,1,5,5,0,1,5,0,,386,351,10,73,28,31.08.2022 20:30,"FOOTBALL
ENGLAND: PREMIER LEAGUE - ROUND 5",Nottingham,0,27,7,1,3,3,5,1,1,2,3,1,,147,105,6,22,10,cat8,https://www.flashscore.com/match/hbF29iI7/#/match-summary/match-statistics/2
89,31.08.2022 20:30,"FOOTBALL
ENGLAND: PREMIER LEAGUE - ROUND 5",Manchester City,3,77,9,4,4,1,4,5,2,0,4,,,399,362,3,84,39,31.08.2022 20:30,"FOOTBALL
ENGLAND: PREMIER LEAGUE - ROUND 5",Nottingham,0,23,1,0,1,0,6,0,1,1,4,,,114,80,8,17,5,cat9,https://www.flashscore.com/match/hbF29iI7/#/match-summary/match-statistics/1
90,31.08.2022 20:30,"FOOTBALL
ENGLAND: PREMIER LEAGUE - ROUND 5",Bournemouth,0,29,4,2,1,1,6,2,0,2,5,2,,126,88,13,40,15,31.08.2022 20:30,"FOOTBALL
ENGLAND: PREMIER LEAGUE - ROUND 5",Wolves,0,71,11,2,6,3,7,3,1,2,5,1,,311,276,14,66,44,cat10,https://www.flashscore.com/match/YZP3LcB2/#/match-summary/match-statistics/2
91,31.08.2022 20:30,"FOOTBALL
ENGLAND: PREMIER LEAGUE - ROUND 5",Bournemouth,0,39,1,0,1,0,9,0,0,2,7,,,194,145,11,35,13,31.08.2022 20:30,"FOOTBALL
ENGLAND: PREMIER LEAGUE - ROUND 5",Wolves,0,61,6,2,3,1,5,2,2,0,7,,,292,253,12,73,30,cat11,https://www.flashscore.com/match/YZP3LcB2/#/match-summary/match-statistics/1
92,31.08.2022 20:30,"FOOTBALL
ENGLAND: PREMIER LEAGUE - ROUND 5",Arsenal,1,51,7,2,3,2,8,3,0,1,8,1,,200,161,4,43,26,31.08.2022 20:30,"FOOTBALL
ENGLAND: PREMIER LEAGUE - ROUND 5",Aston Villa,1,49,2,2,0,0,8,3,1,1,7,2,,195,143,4,46,16,cat12,https://www.flashscore.com/match/nwU7KHQ8/#/match-summary/match-statistics/2
93,31.08.2022 20:30,"FOOTBALL
ENGLAND: PREMIER LEAGUE - ROUND 5",Arsenal,1,67,15,7,3,5,7,7,1,1,2,1,,304,269,6,72,40,31.08.2022 20:30,"FOOTBALL
ENGLAND: PREMIER LEAGUE - ROUND 5",Aston Villa,0,33,2,1,1,0,3,0,0,6,7,1,,157,120,12,40,15,cat13,https://www.flashscore.com/match/nwU7KHQ8/#/match-summary/match-statistics/1
94,31.08.2022 20:45,"FOOTBALL
ENGLAND: PREMIER LEAGUE - ROUND 5",West Ham,1,36,7,1,5,1,5,0,0,0,7,2,,163,120,10,44,23,31.08.2022 20:45,"FOOTBALL
ENGLAND: PREMIER LEAGUE - ROUND 5",Tottenham,0,64,6,0,2,4,7,4,0,0,6,3,,288,247,3,54,19,cat14,https://www.flashscore.com/match/vy9nDZIr/#/match-summary/match-statistics/2
95,31.08.2022 20:45,"FOOTBALL
ENGLAND: PREMIER LEAGUE - ROUND 5",West Ham,0,40,7,3,3,1,5,3,1,2,3,0,,206,185,3,50,29,31.08.2022 20:45,"FOOTBALL
ENGLAND: PREMIER LEAGUE - ROUND 5",Tottenham,1,60,6,3,0,3,4,0,0,3,4,2,,333,306,4,39,19,cat15,https://www.flashscore.com/match/vy9nDZIr/#/match-summary/match-statistics/1
96,31.08.2022 21:00,"FOOTBALL
ENGLAND: PREMIER LEAGUE - ROUND 5",Liverpool,2,72,18,6,6,6,10,5,1,0,4,0,,298,240,6,64,55,31.08.2022 21:00,"FOOTBALL
ENGLAND: PREMIER LEAGUE - ROUND 5",Newcastle,0,28,1,0,1,0,6,0,2,4,8,2,,129,75,12,43,8,cat16,https://www.flashscore.com/match/E7GbAX21/#/match-summary/match-statistics/2
97,31.08.2022 21:00,"FOOTBALL
ENGLAND: PREMIER LEAGUE - ROUND 5",Liverpool,0,72,5,0,2,3,2,8,1,1,5,,,327,282,1,59,45,31.08.2022 21:00,"FOOTBALL
ENGLAND: PREMIER LEAGUE - ROUND 5",Newcastle,1,28,4,2,2,0,5,0,0,0,2,,,127,87,11,41,12,cat17,https://www.flashscore.com/match/E7GbAX21/#/match-summary/match-statistics/1
