,H_datetime,H_gameinfo,H_Teamnames,H_Goals,H_Ball Possession,H_Goal Attempts,H_Shots on Goal,H_Shots off Goal,H_Blocked Shots,H_Free Kicks,H_Corner Kicks,H_Offsides,H_Goalkeeper Saves,H_Fouls,H_Yellow Cards,H_Red Cards,H_Total Passes,H_Completed Passes,H_Tackles,H_Attacks,H_Dangerous Attacks,A_datetime,A_gameinfo,A_Teamnames,A_Goals,A_Ball Possession,A_Goal Attempts,A_Shots on Goal,A_Shots off Goal,A_Blocked Shots,A_Free Kicks,A_Corner Kicks,A_Offsides,A_Goalkeeper Saves,A_Fouls,A_Yellow Cards,A_Red Cards,A_Total Passes,A_Completed Passes,A_Tackles,A_Attacks,A_Dangerous Attacks,H_cat
0,21.08.2021 09:30,FootballFootballITALY: Serie A - Round 1,Verona,2,44,3,3,0,0,8,3,0,2,6,1,,,117,4,36,21,21.08.2021 09:30,FootballFootballITALY: Serie A - Round 1,Sassuolo,2,56,8,4,4,0,4,2,0,1,6,1,,,323,4,52,15,cat0
1,21.08.2021 09:30,FootballFootballITALY: Serie A - Round 1,Verona,0,48,9,1,7,1,4,4,0,3,5,2,1,,139,8,49,30,21.08.2021 09:30,FootballFootballITALY: Serie A - Round 1,Sassuolo,1,52,7,4,2,1,7,2,1,1,6,1,0,,141,4,25,12,cat1
2,21.08.2021 09:30,FootballFootballITALY: Serie A - Round 1,Inter,2,60,8,5,1,2,5,2,1,5,10,1,,,261,9,68,27,21.08.2021 09:30,FootballFootballITALY: Serie A - Round 1,Genoa,0,40,8,5,2,1,9,2,1,3,3,1,,,194,9,36,18,cat2
3,21.08.2021 09:30,FootballFootballITALY: Serie A - Round 1,Inter,2,68,9,3,3,3,4,6,1,0,8,0,,,277,9,66,33,21.08.2021 09:30,FootballFootballITALY: Serie A - Round 1,Genoa,0,32,3,0,2,1,8,0,1,1,4,1,,,152,4,24,10,cat3
4,21.08.2021 11:45,FootballFootballITALY: Serie A - Round 1,Torino,0,55,10,5,1,4,4,2,0,0,3,0,,,169,5,83,27,21.08.2021 11:45,FootballFootballITALY: Serie A - Round 1,Atalanta,1,45,3,1,1,1,3,0,0,5,5,1,,,159,9,40,10,cat4
5,21.08.2021 11:45,FootballFootballITALY: Serie A - Round 1,Empoli,1,42,5,2,3,0,7,1,2,1,6,1,,,152,4,47,14,21.08.2021 11:45,FootballFootballITALY: Serie A - Round 1,Lazio,3,58,5,4,0,1,1,3,0,1,6,1,,,228,18,56,34,cat5
6,22.08.2021 09:30,FootballFootballITALY: Serie A - Round 1,Udinese,2,48,8,5,2,1,14,0,2,1,7,1,,,133,5,48,17,22.08.2021 09:30,FootballFootballITALY: Serie A - Round 1,Juventus,0,52,6,1,5,0,10,1,3,3,6,3,,,220,4,51,16,cat6
7,22.08.2021 09:30,FootballFootballITALY: Serie A - Round 1,Udinese,0,50,3,1,1,1,9,3,0,0,6,,,,202,5,44,19,22.08.2021 09:30,FootballFootballITALY: Serie A - Round 1,Juventus,2,50,4,2,2,0,8,2,0,1,8,,,,232,8,44,10,cat7
8,22.08.2021 09:30,FootballFootballITALY: Serie A - Round 1,Bologna,3,72,8,5,1,2,12,6,0,1,8,5,2,,224,8,64,25,22.08.2021 09:30,FootballFootballITALY: Serie A - Round 1,Salernitana,2,28,4,3,0,1,12,1,1,2,6,1,0,,41,9,27,9,cat8
9,22.08.2021 09:30,FootballFootballITALY: Serie A - Round 1,Bologna,0,66,10,2,3,5,10,3,0,1,5,1,0,,234,3,69,21,22.08.2021 09:30,FootballFootballITALY: Serie A - Round 1,Salernitana,0,34,4,1,2,1,5,3,1,2,9,2,1,,68,5,51,23,cat9
10,22.08.2021 11:45,FootballFootballITALY: Serie A - Round 1,Napoli,2,47,5,2,2,1,24,0,0,2,3,1,,,191,9,38,13,22.08.2021 11:45,FootballFootballITALY: Serie A - Round 1,Venezia,0,53,5,2,3,0,5,2,1,0,13,3,,,205,5,53,31,cat10
11,22.08.2021 11:45,FootballFootballITALY: Serie A - Round 1,Napoli,0,61,8,2,3,3,9,2,2,2,2,0,1,,308,5,75,28,22.08.2021 11:45,FootballFootballITALY: Serie A - Round 1,Venezia,0,39,3,2,1,0,4,0,0,2,9,4,0,,175,5,32,13,cat11
12,22.08.2021 11:45,FootballFootballITALY: Serie A - Round 1,AS Roma,2,39,7,4,3,0,16,2,3,4,5,1,1,,121,8,46,20,22.08.2021 11:45,FootballFootballITALY: Serie A - Round 1,Fiorentina,1,61,6,5,1,0,13,2,1,2,7,1,0,,257,9,72,30,cat12
13,22.08.2021 11:45,FootballFootballITALY: Serie A - Round 1,AS Roma,1,49,4,2,2,0,8,2,2,3,7,2,0,,179,5,40,16,22.08.2021 11:45,FootballFootballITALY: Serie A - Round 1,Fiorentina,0,51,5,3,1,1,9,2,1,1,7,1,1,,203,3,40,10,cat13
14,23.08.2021 09:30,FootballFootballITALY: Serie A - Round 1,Cagliari,2,58,9,6,2,1,12,3,0,3,8,2,,,147,6,55,36,23.08.2021 09:30,FootballFootballITALY: Serie A - Round 1,Spezia,1,42,8,4,2,2,16,3,3,4,8,1,,,173,11,57,23,cat14
15,23.08.2021 09:30,FootballFootballITALY: Serie A - Round 1,Cagliari,0,66,7,4,3,0,10,8,1,1,9,0,,,231,6,71,23,23.08.2021 09:30,FootballFootballITALY: Serie A - Round 1,Spezia,1,34,5,2,2,1,9,1,1,4,9,2,,,87,4,37,9,cat15
16,23.08.2021 11:45,FootballFootballITALY: Serie A - Round 1,Sampdoria,0,49,6,2,1,3,17,3,1,1,8,2,,,153,13,50,16,23.08.2021 11:45,FootballFootballITALY: Serie A - Round 1,AC Milan,0,51,4,1,2,1,14,1,0,2,8,1,,,159,10,58,32,cat16
17,23.08.2021 11:45,FootballFootballITALY: Serie A - Round 1,Sampdoria,0,45,5,1,3,1,9,5,2,2,8,1,,,155,5,47,21,23.08.2021 11:45,FootballFootballITALY: Serie A - Round 1,AC Milan,1,55,6,3,2,1,11,2,3,1,6,0,,,171,4,39,20,cat17
18,27.08.2021 09:30,FootballFootballITALY: Serie A - Round 2,Udinese,2,42,7,6,0,1,10,2,3,1,7,2,,,139,10,38,13,27.08.2021 09:30,FootballFootballITALY: Serie A - Round 2,Venezia,0,58,4,1,2,1,16,1,1,4,6,3,,,225,9,68,23,cat18
19,27.08.2021 09:30,FootballFootballITALY: Serie A - Round 2,Udinese,1,46,11,4,2,5,3,5,1,2,4,,,,196,5,68,23,27.08.2021 09:30,FootballFootballITALY: Serie A - Round 2,Venezia,0,54,4,2,2,0,5,1,1,3,2,,,,221,8,62,20,cat19
20,27.08.2021 11:45,FootballFootballITALY: Serie A - Round 2,Verona,0,54,1,0,0,1,8,4,1,4,7,1,,,124,4,48,23,27.08.2021 11:45,FootballFootballITALY: Serie A - Round 2,Inter,3,46,10,7,2,1,14,2,0,0,6,2,,,142,14,37,12,cat20
21,27.08.2021 11:45,FootballFootballITALY: Serie A - Round 2,Verona,1,36,3,1,2,0,7,2,0,1,6,1,,,134,5,48,16,27.08.2021 11:45,FootballFootballITALY: Serie A - Round 2,Inter,0,64,5,1,2,2,6,2,0,0,6,0,,,215,12,50,18,cat21
22,28.08.2021 09:30,FootballFootballITALY: Serie A - Round 2,Lazio,3,67,11,4,2,5,6,0,1,0,6,0,0,,411,3,73,16,28.08.2021 09:30,FootballFootballITALY: Serie A - Round 2,Spezia,0,33,1,0,0,1,6,0,0,1,6,1,1,,152,1,18,4,cat22
23,28.08.2021 09:30,FootballFootballITALY: Serie A - Round 2,Lazio,3,53,7,6,1,0,2,4,0,1,6,0,,,220,9,44,15,28.08.2021 09:30,FootballFootballITALY: Serie A - Round 2,Spezia,1,47,4,2,2,0,7,2,0,3,3,1,,,199,4,45,9,cat23
24,28.08.2021 09:30,FootballFootballITALY: Serie A - Round 2,Atalanta,0,63,12,0,6,6,4,5,1,0,7,1,,,232,9,71,59,28.08.2021 09:30,FootballFootballITALY: Serie A - Round 2,Bologna,0,37,0,0,0,0,7,0,0,0,6,4,,,127,9,52,9,cat24
25,28.08.2021 09:30,FootballFootballITALY: Serie A - Round 2,Atalanta,0,49,9,3,3,3,10,0,1,1,4,1,,,206,3,69,29,28.08.2021 09:30,FootballFootballITALY: Serie A - Round 2,Bologna,0,51,3,1,1,1,6,5,0,3,8,1,,,133,12,43,15,cat25
26,28.08.2021 11:45,FootballFootballITALY: Serie A - Round 2,Juventus,0,54,12,3,7,2,8,3,1,2,7,2,,,181,8,56,41,28.08.2021 11:45,FootballFootballITALY: Serie A - Round 2,Empoli,0,46,3,2,1,0,12,6,1,3,2,1,,,110,10,48,38,cat26
27,28.08.2021 11:45,FootballFootballITALY: Serie A - Round 2,Juventus,0,50,8,3,4,1,6,5,0,0,4,0,,,166,6,23,24,28.08.2021 11:45,FootballFootballITALY: Serie A - Round 2,Empoli,1,50,6,1,2,3,3,3,2,3,4,2,,,148,7,22,8,cat27
28,28.08.2021 11:45,FootballFootballITALY: Serie A - Round 2,Fiorentina,1,62,3,2,1,0,29,0,3,0,7,2,,,136,9,50,16,28.08.2021 11:45,FootballFootballITALY: Serie A - Round 2,Torino,1,38,3,1,1,1,20,3,1,1,13,3,,,123,4,48,20,cat28
29,28.08.2021 11:45,FootballFootballITALY: Serie A - Round 2,Fiorentina,1,62,7,5,1,1,16,3,0,0,6,2,,,203,3,45,22,28.08.2021 11:45,FootballFootballITALY: Serie A - Round 2,Torino,0,38,1,0,1,0,6,0,1,4,15,2,,,95,6,29,11,cat29
30,29.08.2021 09:30,FootballFootballITALY: Serie A - Round 2,Sassuolo,0,72,11,3,5,3,13,6,0,1,7,2,,,275,5,59,36,29.08.2021 09:30,FootballFootballITALY: Serie A - Round 2,Sampdoria,0,28,7,1,4,2,9,2,0,3,10,1,,,96,10,43,21,cat30
31,29.08.2021 09:30,FootballFootballITALY: Serie A - Round 2,Sassuolo,0,58,8,3,4,1,8,2,0,2,2,0,,,213,5,41,24,29.08.2021 09:30,FootballFootballITALY: Serie A - Round 2,Sampdoria,0,42,6,2,3,1,1,4,3,3,4,1,,,138,11,63,31,cat31
32,29.08.2021 09:30,FootballFootballITALY: Serie A - Round 2,Genoa,1,42,5,2,2,1,15,1,1,4,10,1,,,128,7,52,13,29.08.2021 09:30,FootballFootballITALY: Serie A - Round 2,Napoli,1,58,6,5,0,1,21,4,1,1,9,2,,,220,16,61,25,cat32
33,29.08.2021 09:30,FootballFootballITALY: Serie A - Round 2,Genoa,0,42,2,1,0,1,7,3,2,2,7,1,,,152,11,34,15,29.08.2021 09:30,FootballFootballITALY: Serie A - Round 2,Napoli,1,58,6,3,2,1,11,1,1,1,6,1,,,278,7,77,24,cat33
34,29.08.2021 11:45,FootballFootballITALY: Serie A - Round 2,Salernitana,0,23,2,0,2,0,5,0,1,3,7,1,,,64,6,35,10,29.08.2021 11:45,FootballFootballITALY: Serie A - Round 2,AS Roma,4,77,12,7,2,3,8,3,1,0,4,1,,,322,1,69,24,cat34
35,29.08.2021 11:45,FootballFootballITALY: Serie A - Round 2,Salernitana,0,23,2,0,2,0,7,1,1,3,5,1,,,27,7,22,7,29.08.2021 11:45,FootballFootballITALY: Serie A - Round 2,AS Roma,0,77,9,3,2,4,7,7,2,0,7,1,,,314,5,67,46,cat35
36,29.08.2021 11:45,FootballFootballITALY: Serie A - Round 2,AC Milan,0,57,7,0,2,5,4,6,0,1,6,1,,,251,3,41,35,29.08.2021 11:45,FootballFootballITALY: Serie A - Round 2,Cagliari,0,43,4,1,2,1,6,2,0,0,4,2,,,180,7,31,26,cat36
37,29.08.2021 11:45,FootballFootballITALY: Serie A - Round 2,AC Milan,4,63,10,5,2,3,7,2,1,0,6,0,,,213,3,57,30,29.08.2021 11:45,FootballFootballITALY: Serie A - Round 2,Cagliari,1,37,2,1,1,0,7,1,0,1,7,3,,,156,5,42,9,cat37
38,11.09.2021 06:00,FootballFootballITALY: Serie A - Round 3,Empoli,1,57,10,3,2,5,10,3,1,0,6,0,,,204,10,56,46,11.09.2021 06:00,FootballFootballITALY: Serie A - Round 3,Venezia,1,43,3,1,1,1,7,0,0,2,11,2,,,59,10,28,12,cat38
39,11.09.2021 06:00,FootballFootballITALY: Serie A - Round 3,Empoli,0,57,7,3,2,2,11,5,2,1,6,2,,,245,6,75,40,11.09.2021 06:00,FootballFootballITALY: Serie A - Round 3,Venezia,1,43,7,2,5,0,8,2,1,3,10,3,,,128,9,23,16,cat39
40,11.09.2021 09:00,FootballFootballITALY: Serie A - Round 3,Napoli,2,25,15,4,6,5,10,5,1,0,7,1,,,262,14,76,41,11.09.2021 09:00,FootballFootballITALY: Serie A - Round 3,Juventus,0,75,2,0,2,0,8,1,3,2,7,0,,,132,5,35,6,cat40
41,11.09.2021 09:00,FootballFootballITALY: Serie A - Round 3,Napoli,0,69,9,3,2,4,9,8,0,3,7,1,,,310,4,61,30,11.09.2021 09:00,FootballFootballITALY: Serie A - Round 3,Juventus,1,31,5,4,1,0,7,0,0,3,9,1,,,122,6,32,15,cat41
42,11.09.2021 11:45,FootballFootballITALY: Serie A - Round 3,Atalanta,1,51,9,5,3,1,12,5,0,0,6,3,,,214,5,62,39,11.09.2021 11:45,FootballFootballITALY: Serie A - Round 3,Fiorentina,1,49,3,1,0,2,5,1,1,4,13,3,,,169,6,53,15,cat42
43,11.09.2021 11:45,FootballFootballITALY: Serie A - Round 3,Atalanta,0,53,1,0,1,0,7,5,2,0,8,2,,,203,6,45,32,11.09.2021 11:45,FootballFootballITALY: Serie A - Round 3,Fiorentina,1,47,4,1,2,1,8,2,0,0,6,1,,,184,12,34,12,cat43
44,12.09.2021 03:30,FootballFootballITALY: Serie A - Round 3,Sampdoria,1,48,7,2,3,2,16,2,1,0,8,3,,,136,7,53,29,12.09.2021 03:30,FootballFootballITALY: Serie A - Round 3,Inter,0,52,3,0,3,0,10,0,1,1,8,3,,,136,2,23,17,cat44
45,12.09.2021 03:30,FootballFootballITALY: Serie A - Round 3,Sampdoria,1,46,5,1,2,2,8,2,1,1,4,1,,,196,4,54,25,12.09.2021 03:30,FootballFootballITALY: Serie A - Round 3,Inter,2,54,5,3,2,0,7,4,0,0,5,1,,,165,7,33,12,cat45
46,12.09.2021 06:00,FootballFootballITALY: Serie A - Round 3,Torino,3,45,7,4,1,2,8,3,0,2,5,0,,,120,4,35,16,12.09.2021 06:00,FootballFootballITALY: Serie A - Round 3,Salernitana,0,55,4,2,0,2,5,2,1,1,7,1,,,164,5,46,17,cat46
47,12.09.2021 06:00,FootballFootballITALY: Serie A - Round 3,Torino,1,74,8,3,3,2,4,4,1,0,5,0,,,251,7,61,32,12.09.2021 06:00,FootballFootballITALY: Serie A - Round 3,Salernitana,0,26,3,0,3,0,6,2,0,2,4,1,,,68,4,39,12,cat47
48,12.09.2021 06:00,FootballFootballITALY: Serie A - Round 3,Spezia,0,46,11,5,2,4,9,3,1,1,7,,,,153,13,59,24,12.09.2021 06:00,FootballFootballITALY: Serie A - Round 3,Udinese,1,54,3,2,1,0,8,1,0,5,9,,,,153,6,28,15,cat48
49,12.09.2021 06:00,FootballFootballITALY: Serie A - Round 3,Spezia,0,58,9,0,5,4,7,1,0,2,5,1,,,229,11,57,31,12.09.2021 06:00,FootballFootballITALY: Serie A - Round 3,Udinese,0,42,5,2,2,1,5,4,2,0,5,2,,,137,7,35,17,cat49
50,12.09.2021 06:00,FootballFootballITALY: Serie A - Round 3,Cagliari,1,49,6,2,3,1,8,2,0,0,8,1,,,149,6,53,18,12.09.2021 06:00,FootballFootballITALY: Serie A - Round 3,Genoa,3,51,9,3,3,3,8,3,1,1,7,1,,,172,5,46,30,cat50
51,12.09.2021 06:00,FootballFootballITALY: Serie A - Round 3,Cagliari,1,61,2,1,1,0,8,0,1,0,7,1,,,245,11,52,8,12.09.2021 06:00,FootballFootballITALY: Serie A - Round 3,Genoa,0,39,0,0,0,0,8,3,1,0,8,2,,,181,9,67,24,cat51
52,12.09.2021 09:00,FootballFootballITALY: Serie A - Round 3,AC Milan,1,54,6,1,2,3,6,3,3,3,7,1,,,231,8,49,17,12.09.2021 09:00,FootballFootballITALY: Serie A - Round 3,Lazio,0,46,5,3,1,1,9,1,1,0,5,1,,,235,6,65,24,cat52
53,12.09.2021 09:00,FootballFootballITALY: Serie A - Round 3,AC Milan,1,52,11,2,6,3,13,2,1,2,2,0,,,162,7,62,43,12.09.2021 09:00,FootballFootballITALY: Serie A - Round 3,Lazio,0,48,2,2,0,0,4,0,1,1,13,3,,,228,15,52,12,cat53
54,12.09.2021 11:45,FootballFootballITALY: Serie A - Round 3,AS Roma,1,49,13,7,5,1,9,3,0,5,3,1,,,179,1,51,22,12.09.2021 11:45,FootballFootballITALY: Serie A - Round 3,Sassuolo,1,51,10,6,4,0,3,5,1,6,8,0,,,190,4,32,9,cat54
55,12.09.2021 11:45,FootballFootballITALY: Serie A - Round 3,AS Roma,1,51,6,2,4,0,8,1,1,1,4,1,,,205,6,45,14,12.09.2021 11:45,FootballFootballITALY: Serie A - Round 3,Sassuolo,0,49,3,1,1,1,5,1,5,1,3,1,,,212,5,41,17,cat55
56,13.09.2021 11:45,FootballFootballITALY: Serie A - Round 3,Bologna,1,51,6,2,3,1,14,4,0,0,10,1,,,105,0,42,28,13.09.2021 11:45,FootballFootballITALY: Serie A - Round 3,Verona,0,49,2,0,0,2,11,0,0,1,14,3,,,148,7,38,20,cat56
57,13.09.2021 11:45,FootballFootballITALY: Serie A - Round 3,Bologna,0,45,6,1,4,1,9,2,0,0,4,,,,130,11,61,13,13.09.2021 11:45,FootballFootballITALY: Serie A - Round 3,Verona,0,55,2,0,1,1,3,2,2,1,7,,,,219,10,70,36,cat57
58,17.09.2021 11:45,FootballFootballITALY: Serie A - Round 4,Sassuolo,0,49,6,1,4,1,8,3,0,1,3,0,,,180,5,54,17,17.09.2021 11:45,FootballFootballITALY: Serie A - Round 4,Torino,1,51,8,2,5,1,3,1,2,1,8,2,,,193,6,56,26,cat58
59,17.09.2021 11:45,FootballFootballITALY: Serie A - Round 4,Sassuolo,0,55,3,0,1,2,11,3,1,4,4,0,,,177,4,37,10,17.09.2021 11:45,FootballFootballITALY: Serie A - Round 4,Torino,0,45,10,4,6,0,4,2,2,0,12,2,,,131,7,62,22,cat59
60,18.09.2021 06:00,FootballFootballITALY: Serie A - Round 4,Genoa,1,38,6,1,2,3,5,1,2,1,5,1,,,127,6,34,16,18.09.2021 06:00,FootballFootballITALY: Serie A - Round 4,Fiorentina,2,62,8,3,4,1,4,4,0,0,7,2,,,257,10,53,22,cat60
61,18.09.2021 06:00,FootballFootballITALY: Serie A - Round 4,Genoa,0,32,3,2,1,0,10,0,1,2,8,3,,,123,8,24,5,18.09.2021 06:00,FootballFootballITALY: Serie A - Round 4,Fiorentina,0,68,8,2,2,4,8,7,1,2,9,2,,,255,10,76,43,cat61
62,18.09.2021 09:00,FootballFootballITALY: Serie A - Round 4,Inter,3,57,12,6,5,1,4,3,1,0,5,0,,,213,8,46,27,18.09.2021 09:00,FootballFootballITALY: Serie A - Round 4,Bologna,1,43,4,1,3,0,6,1,0,3,4,1,,,217,9,52,29,cat62
63,18.09.2021 09:00,FootballFootballITALY: Serie A - Round 4,Inter,3,51,7,5,0,2,5,2,1,1,5,0,,,179,5,40,16,18.09.2021 09:00,FootballFootballITALY: Serie A - Round 4,Bologna,0,49,3,1,2,0,6,0,0,2,5,2,,,244,5,59,20,cat63
64,18.09.2021 11:45,FootballFootballITALY: Serie A - Round 4,Salernitana,0,47,9,1,6,2,7,4,1,1,11,3,,,133,10,50,22,18.09.2021 11:45,FootballFootballITALY: Serie A - Round 4,Atalanta,1,53,8,2,2,4,11,2,0,1,7,1,,,225,5,60,25,cat64
65,18.09.2021 11:45,FootballFootballITALY: Serie A - Round 4,Salernitana,0,45,2,0,2,0,7,2,1,1,10,1,,,148,3,49,24,18.09.2021 11:45,FootballFootballITALY: Serie A - Round 4,Atalanta,0,55,2,1,1,0,11,2,1,0,6,3,,,222,7,65,24,cat65
66,19.09.2021 03:30,FootballFootballITALY: Serie A - Round 4,Empoli,0,51,10,3,4,3,7,3,2,2,6,2,,,164,6,45,32,19.09.2021 03:30,FootballFootballITALY: Serie A - Round 4,Sampdoria,2,49,6,4,2,0,6,4,3,3,8,2,,,121,15,32,10,cat66
67,19.09.2021 03:30,FootballFootballITALY: Serie A - Round 4,Empoli,0,49,5,1,1,3,2,5,5,2,4,,,,147,4,50,27,19.09.2021 03:30,FootballFootballITALY: Serie A - Round 4,Sampdoria,1,51,8,3,3,2,6,4,1,1,2,,,,144,3,54,21,cat67
68,19.09.2021 06:00,FootballFootballITALY: Serie A - Round 4,Venezia,1,53,9,1,4,4,5,2,0,0,6,3,,,142,12,52,31,19.09.2021 06:00,FootballFootballITALY: Serie A - Round 4,Spezia,1,47,6,1,4,1,5,6,0,0,8,1,,,142,9,49,28,cat68
69,19.09.2021 06:00,FootballFootballITALY: Serie A - Round 4,Venezia,0,43,5,2,2,1,0,1,0,1,7,1,,,144,5,34,15,19.09.2021 06:00,FootballFootballITALY: Serie A - Round 4,Spezia,1,57,6,2,2,2,7,4,0,2,2,0,,,215,9,61,23,cat69
70,19.09.2021 09:00,FootballFootballITALY: Serie A - Round 4,Verona,3,57,6,5,1,0,5,3,1,0,6,3,,,135,4,52,14,19.09.2021 09:00,FootballFootballITALY: Serie A - Round 4,AS Roma,1,43,9,1,3,5,6,6,0,2,6,1,,,128,9,55,30,cat70
71,19.09.2021 09:00,FootballFootballITALY: Serie A - Round 4,Verona,0,47,4,1,2,1,7,0,2,0,8,1,,,204,3,61,14,19.09.2021 09:00,FootballFootballITALY: Serie A - Round 4,AS Roma,1,53,6,1,2,3,8,2,2,1,7,1,,,143,10,48,12,cat71
72,19.09.2021 09:00,FootballFootballITALY: Serie A - Round 4,Lazio,1,64,16,7,4,5,2,8,1,1,0,0,0,,327,5,80,53,19.09.2021 09:00,FootballFootballITALY: Serie A - Round 4,Cagliari,2,36,4,3,0,1,0,0,1,6,3,2,1,,59,7,34,9,cat72
73,19.09.2021 09:00,FootballFootballITALY: Serie A - Round 4,Lazio,1,64,12,3,4,5,8,2,0,0,3,1,,,277,6,71,36,19.09.2021 09:00,FootballFootballITALY: Serie A - Round 4,Cagliari,0,36,6,0,4,2,4,1,3,2,8,1,,,108,9,34,14,cat73
74,19.09.2021 11:45,FootballFootballITALY: Serie A - Round 4,Juventus,0,41,5,2,3,0,9,1,1,1,7,1,,,124,14,37,14,19.09.2021 11:45,FootballFootballITALY: Serie A - Round 4,AC Milan,1,59,7,2,4,1,9,2,0,2,11,1,,,231,8,69,40,cat74
75,19.09.2021 11:45,FootballFootballITALY: Serie A - Round 4,Juventus,1,51,4,2,2,0,5,3,2,1,6,,,,202,7,56,16,19.09.2021 11:45,FootballFootballITALY: Serie A - Round 4,AC Milan,0,49,6,1,2,3,5,2,0,1,5,,,,206,7,58,14,cat75
76,20.09.2021 11:45,FootballFootballITALY: Serie A - Round 4,Udinese,0,41,4,1,1,2,4,1,3,3,7,2,,,165,2,50,14,20.09.2021 11:45,FootballFootballITALY: Serie A - Round 4,Napoli,2,59,12,5,5,2,3,4,1,1,5,1,,,283,6,37,22,cat76
77,20.09.2021 11:45,FootballFootballITALY: Serie A - Round 4,Udinese,0,39,5,0,4,1,7,1,0,1,3,,,,173,1,35,17,20.09.2021 11:45,FootballFootballITALY: Serie A - Round 4,Napoli,2,61,6,3,2,1,4,1,2,0,6,,,,305,2,62,28,cat77
78,21.09.2021 09:30,FootballFootballITALY: Serie A - Round 5,Bologna,2,57,10,5,3,2,2,4,0,3,7,2,,,198,8,62,22,21.09.2021 09:30,FootballFootballITALY: Serie A - Round 5,Genoa,2,43,7,5,2,0,2,1,0,3,5,3,,,109,9,42,15,cat78
79,21.09.2021 09:30,FootballFootballITALY: Serie A - Round 5,Bologna,0,59,7,1,2,4,11,3,0,1,7,1,,,247,6,61,26,21.09.2021 09:30,FootballFootballITALY: Serie A - Round 5,Genoa,0,41,4,1,2,1,6,1,2,1,10,1,,,156,5,32,13,cat79
80,21.09.2021 11:45,FootballFootballITALY: Serie A - Round 5,Fiorentina,0,63,5,0,3,2,8,3,1,1,5,2,1,,227,4,50,23,21.09.2021 11:45,FootballFootballITALY: Serie A - Round 5,Inter,3,37,12,4,5,3,6,4,0,0,9,2,0,,156,5,42,39,cat80
81,21.09.2021 11:45,FootballFootballITALY: Serie A - Round 5,Fiorentina,1,53,9,6,2,1,5,1,0,1,6,0,,,206,2,43,17,21.09.2021 11:45,FootballFootballITALY: Serie A - Round 5,Inter,0,47,5,1,2,2,6,4,1,5,6,1,,,198,4,35,18,cat81
82,21.09.2021 11:45,FootballFootballITALY: Serie A - Round 5,Atalanta,0,48,5,2,2,1,7,2,1,0,9,2,,,167,13,43,28,21.09.2021 11:45,FootballFootballITALY: Serie A - Round 5,Sassuolo,0,52,4,0,2,2,10,2,0,2,10,1,,,172,11,31,28,cat82
83,21.09.2021 11:45,FootballFootballITALY: Serie A - Round 5,Atalanta,2,48,9,3,6,0,4,3,1,0,8,0,,,200,9,43,30,21.09.2021 11:45,FootballFootballITALY: Serie A - Round 5,Sassuolo,1,52,4,1,2,1,7,3,0,1,6,1,,,229,9,53,14,cat83
84,22.09.2021 09:30,FootballFootballITALY: Serie A - Round 5,Spezia,1,46,8,3,3,2,4,2,0,2,9,2,,,122,12,39,17,22.09.2021 09:30,FootballFootballITALY: Serie A - Round 5,Juventus,2,54,15,4,5,6,9,8,0,2,4,1,,,195,17,54,45,cat84
85,22.09.2021 09:30,FootballFootballITALY: Serie A - Round 5,Spezia,1,42,2,2,0,0,6,3,0,4,5,,,,150,7,44,14,22.09.2021 09:30,FootballFootballITALY: Serie A - Round 5,Juventus,1,58,11,5,3,3,2,7,0,1,6,,,,245,6,53,24,cat85
86,22.09.2021 09:30,FootballFootballITALY: Serie A - Round 5,Salernitana,1,58,6,3,2,1,9,0,0,3,7,2,,,120,15,50,27,22.09.2021 09:30,FootballFootballITALY: Serie A - Round 5,Verona,0,42,7,3,3,1,6,3,1,2,13,1,,,159,8,56,29,cat86
87,22.09.2021 09:30,FootballFootballITALY: Serie A - Round 5,Salernitana,1,54,9,1,5,3,6,4,0,0,6,0,,,168,3,67,39,22.09.2021 09:30,FootballFootballITALY: Serie A - Round 5,Verona,2,46,3,2,0,1,6,2,0,0,4,2,,,134,17,32,21,cat87
88,22.09.2021 11:45,FootballFootballITALY: Serie A - Round 5,Cagliari,0,68,13,0,7,6,5,6,0,1,12,2,,,160,4,49,36,22.09.2021 11:45,FootballFootballITALY: Serie A - Round 5,Empoli,1,32,10,2,4,4,12,3,1,0,3,0,,,150,5,54,19,cat88
89,22.09.2021 11:45,FootballFootballITALY: Serie A - Round 5,Cagliari,0,44,3,1,1,1,12,1,1,2,3,0,,,174,6,39,15,22.09.2021 11:45,FootballFootballITALY: Serie A - Round 5,Empoli,1,56,7,3,3,1,3,1,3,1,10,1,,,199,7,52,27,cat89
90,22.09.2021 11:45,FootballFootballITALY: Serie A - Round 5,AC Milan,2,72,7,4,2,1,5,2,0,2,7,0,,,234,11,60,30,22.09.2021 11:45,FootballFootballITALY: Serie A - Round 5,Venezia,0,28,5,2,3,0,6,2,1,2,5,1,,,117,7,41,14,cat90
91,22.09.2021 11:45,FootballFootballITALY: Serie A - Round 5,AC Milan,0,70,8,0,6,2,6,2,0,0,5,0,,,325,11,96,35,22.09.2021 11:45,FootballFootballITALY: Serie A - Round 5,Venezia,0,30,3,0,3,0,5,2,0,0,8,1,,,121,10,29,10,cat91
92,23.09.2021 09:30,FootballFootballITALY: Serie A - Round 5,Torino,1,41,9,4,3,2,8,2,2,0,12,0,,,107,5,50,27,23.09.2021 09:30,FootballFootballITALY: Serie A - Round 5,Lazio,1,59,4,1,3,0,12,4,3,3,5,2,,,203,10,47,14,cat92
93,23.09.2021 09:30,FootballFootballITALY: Serie A - Round 5,Torino,0,51,7,1,4,2,3,4,1,1,7,3,,,173,9,62,22,23.09.2021 09:30,FootballFootballITALY: Serie A - Round 5,Lazio,0,49,2,1,1,0,9,1,0,1,4,1,,,151,12,33,10,cat93
94,23.09.2021 09:30,FootballFootballITALY: Serie A - Round 5,Sampdoria,0,46,5,1,2,2,3,1,1,3,7,1,,,166,6,44,26,23.09.2021 09:30,FootballFootballITALY: Serie A - Round 5,Napoli,2,54,10,5,3,2,7,2,0,1,4,1,,,233,6,38,17,cat94
95,23.09.2021 09:30,FootballFootballITALY: Serie A - Round 5,Sampdoria,0,52,8,4,1,3,4,4,1,2,3,1,,,219,7,62,25,23.09.2021 09:30,FootballFootballITALY: Serie A - Round 5,Napoli,2,48,7,4,1,2,4,3,1,4,3,0,,,221,8,41,12,cat95
96,23.09.2021 11:45,FootballFootballITALY: Serie A - Round 5,AS Roma,0,47,2,0,2,0,3,1,0,2,13,4,1,,209,11,59,20,23.09.2021 11:45,FootballFootballITALY: Serie A - Round 5,Udinese,0,53,7,2,5,0,14,3,0,0,3,0,0,,226,8,66,24,cat96
97,23.09.2021 11:45,FootballFootballITALY: Serie A - Round 5,AS Roma,1,55,10,2,4,4,7,5,1,1,9,0,,,226,8,69,23,23.09.2021 11:45,FootballFootballITALY: Serie A - Round 5,Udinese,0,45,1,1,0,0,9,3,2,1,5,1,,,169,8,43,20,cat97
98,25.09.2021 06:00,FootballFootballITALY: Serie A - Round 6,Spezia,1,34,3,1,1,1,12,2,2,3,6,1,,,102,5,40,13,25.09.2021 06:00,FootballFootballITALY: Serie A - Round 6,AC Milan,2,66,13,5,7,1,14,1,1,0,7,2,,,197,5,61,18,cat98
99,25.09.2021 06:00,FootballFootballITALY: Serie A - Round 6,Spezia,0,38,5,1,2,2,7,0,1,0,6,1,,,111,7,31,23,25.09.2021 06:00,FootballFootballITALY: Serie A - Round 6,AC Milan,0,62,5,0,4,1,6,3,2,1,4,0,,,223,15,67,34,cat99
100,25.09.2021 09:00,FootballFootballITALY: Serie A - Round 6,Inter,1,59,13,4,8,1,10,3,0,2,6,1,,,169,6,58,30,25.09.2021 09:00,FootballFootballITALY: Serie A - Round 6,Atalanta,0,41,11,2,7,2,13,5,1,3,7,2,,,118,4,51,18,cat100
101,25.09.2021 09:00,FootballFootballITALY: Serie A - Round 6,Inter,1,43,6,2,1,3,5,1,0,1,7,2,,,149,2,37,14,25.09.2021 09:00,FootballFootballITALY: Serie A - Round 6,Atalanta,2,57,12,3,6,3,6,6,0,1,4,3,,,211,4,52,27,cat101
102,25.09.2021 11:45,FootballFootballITALY: Serie A - Round 6,Genoa,0,52,4,0,4,0,4,2,0,0,1,,,,197,9,60,33,25.09.2021 11:45,FootballFootballITALY: Serie A - Round 6,Verona,1,48,2,1,1,0,1,1,0,0,4,,,,190,4,44,11,cat102
103,26.09.2021 03:30,FootballFootballITALY: Serie A - Round 6,Juventus,1,53,6,2,3,1,8,4,0,0,13,4,,,168,3,47,24,26.09.2021 03:30,FootballFootballITALY: Serie A - Round 6,Sampdoria,1,47,1,1,0,0,13,0,1,1,8,0,,,228,6,68,18,cat103
104,26.09.2021 03:30,FootballFootballITALY: Serie A - Round 6,Juventus,2,57,10,4,3,3,8,0,0,1,9,0,,,200,3,57,16,26.09.2021 03:30,FootballFootballITALY: Serie A - Round 6,Sampdoria,1,43,4,2,2,0,9,2,2,2,8,3,,,139,9,52,11,cat104
105,26.09.2021 06:00,FootballFootballITALY: Serie A - Round 6,Udinese,0,57,11,5,3,3,10,1,0,1,4,1,,,245,14,83,30,26.09.2021 06:00,FootballFootballITALY: Serie A - Round 6,Fiorentina,0,43,5,1,4,0,7,1,0,5,2,2,,,199,13,54,17,cat105
106,26.09.2021 06:00,FootballFootballITALY: Serie A - Round 6,Udinese,0,41,1,0,1,0,8,3,0,0,10,1,,,160,7,41,19,26.09.2021 06:00,FootballFootballITALY: Serie A - Round 6,Fiorentina,1,59,3,1,1,1,9,0,0,0,9,1,,,294,6,57,19,cat106
107,26.09.2021 06:00,FootballFootballITALY: Serie A - Round 6,Sassuolo,1,59,10,5,3,2,13,1,0,2,9,1,,,192,3,58,12,26.09.2021 06:00,FootballFootballITALY: Serie A - Round 6,Salernitana,0,41,4,2,1,1,17,4,3,4,7,1,,,149,5,54,29,cat107
108,26.09.2021 06:00,FootballFootballITALY: Serie A - Round 6,Sassuolo,0,66,7,1,3,3,13,3,0,3,7,2,,,196,4,47,23,26.09.2021 06:00,FootballFootballITALY: Serie A - Round 6,Salernitana,0,34,8,3,2,3,7,4,3,1,9,2,,,104,7,50,27,cat108
109,26.09.2021 06:00,FootballFootballITALY: Serie A - Round 6,Empoli,2,41,5,4,1,0,19,0,1,2,9,1,,,68,7,23,11,26.09.2021 06:00,FootballFootballITALY: Serie A - Round 6,Bologna,1,59,13,3,8,2,17,6,0,2,7,1,,,191,2,56,35,cat109
110,26.09.2021 06:00,FootballFootballITALY: Serie A - Round 6,Empoli,2,43,10,3,4,3,16,2,2,1,6,1,,,140,7,47,32,26.09.2021 06:00,FootballFootballITALY: Serie A - Round 6,Bologna,1,57,7,2,1,4,7,4,1,1,15,1,,,184,8,40,18,cat110
111,26.09.2021 09:00,FootballFootballITALY: Serie A - Round 6,Lazio,1,48,7,2,5,0,11,1,0,4,5,1,,,157,16,32,13,26.09.2021 09:00,FootballFootballITALY: Serie A - Round 6,AS Roma,1,52,12,5,4,3,9,3,0,1,6,2,,,154,16,62,27,cat111
112,26.09.2021 09:00,FootballFootballITALY: Serie A - Round 6,Lazio,2,46,3,2,1,0,8,0,2,2,7,1,,,218,3,44,12,26.09.2021 09:00,FootballFootballITALY: Serie A - Round 6,AS Roma,1,54,8,3,2,3,9,6,1,0,7,2,,,224,4,53,31,cat112
113,26.09.2021 11:45,FootballFootballITALY: Serie A - Round 6,Napoli,1,64,10,5,4,1,11,2,1,1,4,2,,,350,5,76,40,26.09.2021 11:45,FootballFootballITALY: Serie A - Round 6,Cagliari,0,36,3,1,1,1,6,0,1,4,4,1,,,140,6,41,11,cat113
114,26.09.2021 11:45,FootballFootballITALY: Serie A - Round 6,Napoli,1,62,7,2,4,1,7,4,0,0,8,,,,335,4,79,30,26.09.2021 11:45,FootballFootballITALY: Serie A - Round 6,Cagliari,0,38,3,0,1,2,9,4,1,1,6,,,,126,7,26,16,cat114
115,27.09.2021 11:45,FootballFootballITALY: Serie A - Round 6,Venezia,1,51,5,2,2,1,10,2,1,1,4,1,0,,176,9,62,25,27.09.2021 11:45,FootballFootballITALY: Serie A - Round 6,Torino,1,49,4,2,0,2,5,0,1,1,10,3,1,,131,10,34,18,cat115
116,27.09.2021 11:45,FootballFootballITALY: Serie A - Round 6,Venezia,0,33,3,0,3,0,8,2,1,1,5,0,,,91,10,49,16,27.09.2021 11:45,FootballFootballITALY: Serie A - Round 6,Torino,0,67,4,1,2,1,6,1,0,0,8,1,,,261,11,73,26,cat116
117,01.10.2021 11:45,FootballFootballITALY: Serie A - Round 7,Cagliari,0,38,3,0,2,1,13,0,1,2,6,1,,,119,4,53,26,01.10.2021 11:45,FootballFootballITALY: Serie A - Round 7,Venezia,1,62,8,3,4,1,7,2,1,0,12,3,,,217,3,53,27,cat117
118,01.10.2021 11:45,FootballFootballITALY: Serie A - Round 7,Cagliari,1,44,6,3,2,1,8,2,1,1,9,1,,,178,8,51,10,01.10.2021 11:45,FootballFootballITALY: Serie A - Round 7,Venezia,0,56,2,1,1,0,10,2,1,2,7,2,,,198,5,32,13,cat118
119,02.10.2021 06:00,FootballFootballITALY: Serie A - Round 7,Salernitana,1,44,3,1,2,0,8,6,0,2,10,2,,,122,8,39,25,02.10.2021 06:00,FootballFootballITALY: Serie A - Round 7,Genoa,0,56,11,2,5,4,10,7,0,0,8,2,,,138,5,43,34,cat119
120,02.10.2021 06:00,FootballFootballITALY: Serie A - Round 7,Salernitana,0,46,7,3,3,1,9,4,0,2,5,,,,170,7,63,35,02.10.2021 06:00,FootballFootballITALY: Serie A - Round 7,Genoa,0,54,8,2,5,1,5,1,0,3,9,,,,170,14,52,18,cat120
121,02.10.2021 09:00,FootballFootballITALY: Serie A - Round 7,Torino,0,36,3,0,1,2,8,2,1,2,14,3,,,95,10,33,10,02.10.2021 09:00,FootballFootballITALY: Serie A - Round 7,Juventus,1,64,6,3,2,1,15,5,0,0,8,1,,,238,1,65,31,cat121
122,02.10.2021 09:00,FootballFootballITALY: Serie A - Round 7,Torino,0,58,9,2,6,1,6,2,0,0,6,,,,213,10,75,35,02.10.2021 09:00,FootballFootballITALY: Serie A - Round 7,Juventus,0,42,4,0,3,1,6,1,0,2,6,,,,123,7,28,10,cat122
123,02.10.2021 11:45,FootballFootballITALY: Serie A - Round 7,Sassuolo,0,59,6,5,1,0,12,1,0,0,6,4,,,206,5,55,21,02.10.2021 11:45,FootballFootballITALY: Serie A - Round 7,Inter,2,41,13,2,6,5,6,5,2,5,11,2,,,161,8,41,24,cat123
124,02.10.2021 11:45,FootballFootballITALY: Serie A - Round 7,Sassuolo,1,53,6,3,2,1,8,5,0,1,4,,,,203,5,38,19,02.10.2021 11:45,FootballFootballITALY: Serie A - Round 7,Inter,0,47,5,1,2,2,4,3,1,2,8,,,,154,13,54,31,cat124
125,03.10.2021 03:30,FootballFootballITALY: Serie A - Round 7,Bologna,1,44,5,1,4,0,11,1,0,1,3,2,0,,184,17,42,11,03.10.2021 03:30,FootballFootballITALY: Serie A - Round 7,Lazio,0,56,3,1,2,0,3,0,0,0,11,5,1,,546,8,71,30,cat125
126,03.10.2021 03:30,FootballFootballITALY: Serie A - Round 7,Bologna,2,44,5,2,2,1,5,2,1,3,2,,,,160,4,45,18,03.10.2021 03:30,FootballFootballITALY: Serie A - Round 7,Lazio,0,56,5,3,0,2,3,3,0,0,5,,,,0,6,72,34,cat126
127,03.10.2021 06:00,FootballFootballITALY: Serie A - Round 7,Verona,1,43,2,1,0,1,6,0,1,0,8,,0,,143,12,51,20,03.10.2021 06:00,FootballFootballITALY: Serie A - Round 7,Spezia,0,57,3,0,3,0,9,0,1,0,5,,1,,202,13,59,33,cat127
128,03.10.2021 06:00,FootballFootballITALY: Serie A - Round 7,Verona,3,47,4,3,0,1,6,1,1,4,7,1,,,176,11,44,12,03.10.2021 06:00,FootballFootballITALY: Serie A - Round 7,Spezia,0,53,9,4,4,1,8,5,0,0,6,1,,,205,6,53,19,cat128
129,03.10.2021 06:00,FootballFootballITALY: Serie A - Round 7,Sampdoria,2,54,8,2,4,2,11,3,0,2,8,4,,,141,7,59,19,03.10.2021 06:00,FootballFootballITALY: Serie A - Round 7,Udinese,1,46,6,3,2,1,8,3,0,0,10,5,,,149,11,44,29,cat129
130,03.10.2021 06:00,FootballFootballITALY: Serie A - Round 7,Sampdoria,1,60,5,1,3,1,5,3,0,2,4,,,,203,13,51,20,03.10.2021 06:00,FootballFootballITALY: Serie A - Round 7,Udinese,2,40,12,4,4,4,5,5,0,0,5,,,,118,6,33,17,cat130
131,03.10.2021 09:00,FootballFootballITALY: Serie A - Round 7,Fiorentina,0,56,5,1,0,4,7,6,0,2,5,1,,,192,8,61,34,03.10.2021 09:00,FootballFootballITALY: Serie A - Round 7,Napoli,1,44,6,3,3,0,6,0,0,1,8,3,,,153,9,37,18,cat131
132,03.10.2021 09:00,FootballFootballITALY: Serie A - Round 7,Fiorentina,1,56,5,2,2,1,6,2,1,2,11,2,,,193,7,50,28,03.10.2021 09:00,FootballFootballITALY: Serie A - Round 7,Napoli,1,44,6,3,2,1,10,2,0,1,5,0,,,172,4,39,18,cat132
133,03.10.2021 09:00,FootballFootballITALY: Serie A - Round 7,AS Roma,1,58,8,5,2,1,12,3,1,1,7,2,,,239,6,53,26,03.10.2021 09:00,FootballFootballITALY: Serie A - Round 7,Empoli,0,42,4,1,1,2,8,1,3,4,10,3,,,156,10,60,22,cat133
134,03.10.2021 09:00,FootballFootballITALY: Serie A - Round 7,AS Roma,1,66,10,2,4,4,7,2,2,2,4,,,,322,5,52,42,03.10.2021 09:00,FootballFootballITALY: Serie A - Round 7,Empoli,0,34,7,2,4,1,5,4,1,1,6,,,,119,7,29,19,cat134
135,03.10.2021 11:45,FootballFootballITALY: Serie A - Round 7,Atalanta,2,56,8,2,2,4,9,2,1,2,8,0,,,178,12,51,26,03.10.2021 11:45,FootballFootballITALY: Serie A - Round 7,AC Milan,1,44,5,3,1,1,10,4,0,0,12,3,,,101,4,56,34,cat135
136,03.10.2021 11:45,FootballFootballITALY: Serie A - Round 7,Atalanta,0,48,9,4,1,4,4,7,1,2,5,1,,,202,10,53,36,03.10.2021 11:45,FootballFootballITALY: Serie A - Round 7,AC Milan,2,52,8,4,1,3,6,1,0,4,3,1,,,172,12,48,13,cat136
137,16.10.2021 06:00,FootballFootballITALY: Serie A - Round 8,Spezia,2,59,12,5,3,4,14,7,4,2,6,2,,,164,7,44,34,16.10.2021 06:00,FootballFootballITALY: Serie A - Round 8,Salernitana,0,41,6,2,1,3,15,1,1,3,7,3,,,98,6,46,20,cat137
138,16.10.2021 06:00,FootballFootballITALY: Serie A - Round 8,Spezia,0,57,6,0,4,2,9,3,1,1,7,,,,185,6,51,25,16.10.2021 06:00,FootballFootballITALY: Serie A - Round 8,Salernitana,1,43,9,2,1,6,8,1,1,0,8,,,,126,8,61,26,cat138
139,16.10.2021 09:00,FootballFootballITALY: Serie A - Round 8,Lazio,3,48,9,5,3,1,7,1,0,2,5,2,1,,242,9,40,15,16.10.2021 09:00,FootballFootballITALY: Serie A - Round 8,Inter,0,52,6,2,0,4,6,1,0,2,8,5,0,,237,9,66,27,cat139
140,16.10.2021 09:00,FootballFootballITALY: Serie A - Round 8,Lazio,0,56,10,3,3,4,4,6,0,1,7,1,,,277,2,57,22,16.10.2021 09:00,FootballFootballITALY: Serie A - Round 8,Inter,1,44,6,2,4,0,6,2,0,3,4,1,,,200,4,32,20,cat140
141,16.10.2021 11:45,FootballFootballITALY: Serie A - Round 8,AC Milan,3,54,10,3,2,5,8,4,0,2,5,1,,,147,13,51,24,16.10.2021 11:45,FootballFootballITALY: Serie A - Round 8,Verona,0,46,6,2,3,1,5,3,0,0,8,1,,,116,5,44,22,cat141
142,16.10.2021 11:45,FootballFootballITALY: Serie A - Round 8,AC Milan,0,56,7,1,4,2,13,1,0,1,6,0,,,173,14,52,20,16.10.2021 11:45,FootballFootballITALY: Serie A - Round 8,Verona,2,44,4,3,1,0,5,1,1,1,12,3,,,122,12,55,17,cat142
143,17.10.2021 03:30,FootballFootballITALY: Serie A - Round 8,Cagliari,2,34,8,4,4,0,9,1,2,1,7,3,,,69,4,36,18,17.10.2021 03:30,FootballFootballITALY: Serie A - Round 8,Sampdoria,1,66,10,2,6,2,9,5,1,2,9,2,,,192,5,59,44,cat143
144,17.10.2021 03:30,FootballFootballITALY: Serie A - Round 8,Cagliari,1,48,4,1,1,2,12,4,0,1,7,1,,,140,9,51,21,17.10.2021 03:30,FootballFootballITALY: Serie A - Round 8,Sampdoria,0,52,7,1,3,3,8,4,2,0,9,0,,,152,3,60,21,cat144
145,17.10.2021 06:00,FootballFootballITALY: Serie A - Round 8,Udinese,1,40,6,2,3,1,11,1,0,7,5,1,,,109,6,44,19,17.10.2021 06:00,FootballFootballITALY: Serie A - Round 8,Bologna,1,60,13,8,4,1,10,4,0,1,9,7,,,218,6,53,18,cat145
146,17.10.2021 06:00,FootballFootballITALY: Serie A - Round 8,Udinese,0,42,4,0,2,2,2,1,1,3,10,2,1,,160,3,49,13,17.10.2021 06:00,FootballFootballITALY: Serie A - Round 8,Bologna,0,58,10,3,3,4,11,4,0,0,2,0,0,,218,9,55,19,cat146
147,17.10.2021 06:00,FootballFootballITALY: Serie A - Round 8,Genoa,1,46,14,2,8,4,15,4,5,1,6,1,,,139,10,49,32,17.10.2021 06:00,FootballFootballITALY: Serie A - Round 8,Sassuolo,0,54,5,1,4,0,15,0,1,1,10,2,,,191,7,41,12,cat147
148,17.10.2021 06:00,FootballFootballITALY: Serie A - Round 8,Genoa,1,38,5,2,1,2,9,2,2,2,5,1,,,111,12,39,12,17.10.2021 06:00,FootballFootballITALY: Serie A - Round 8,Sassuolo,2,62,10,4,4,2,8,1,2,1,8,2,,,215,10,40,21,cat148
149,17.10.2021 06:00,FootballFootballITALY: Serie A - Round 8,Empoli,0,47,8,4,0,4,16,3,2,0,4,2,,,200,8,70,31,17.10.2021 06:00,FootballFootballITALY: Serie A - Round 8,Atalanta,2,53,10,2,3,5,8,1,1,4,10,2,,,217,5,43,17,cat149
150,17.10.2021 06:00,FootballFootballITALY: Serie A - Round 8,Empoli,1,47,4,2,0,2,8,2,4,3,6,1,,,127,7,47,18,17.10.2021 06:00,FootballFootballITALY: Serie A - Round 8,Atalanta,2,53,12,5,4,3,10,3,1,1,6,0,,,157,11,45,21,cat150
151,17.10.2021 09:00,FootballFootballITALY: Serie A - Round 8,Napoli,1,47,3,1,2,0,23,1,1,1,6,2,,,127,4,51,12,17.10.2021 09:00,FootballFootballITALY: Serie A - Round 8,Torino,0,53,6,1,2,3,12,1,2,0,10,3,,,140,10,58,22,cat151
152,17.10.2021 09:00,FootballFootballITALY: Serie A - Round 8,Napoli,0,55,7,2,4,1,10,2,1,2,0,0,,,170,7,64,29,17.10.2021 09:00,FootballFootballITALY: Serie A - Round 8,Torino,0,45,5,2,3,0,1,3,1,2,10,1,,,128,10,46,15,cat152
153,17.10.2021 11:45,FootballFootballITALY: Serie A - Round 8,Juventus,0,46,4,1,3,0,14,0,2,0,12,2,,,174,8,38,21,17.10.2021 11:45,FootballFootballITALY: Serie A - Round 8,AS Roma,0,54,5,0,2,3,25,4,2,1,9,4,,,196,6,79,32,cat153
154,17.10.2021 11:45,FootballFootballITALY: Serie A - Round 8,Juventus,1,50,2,1,1,0,5,0,1,4,6,1,,,238,12,58,21,17.10.2021 11:45,FootballFootballITALY: Serie A - Round 8,AS Roma,0,50,9,4,2,3,6,2,1,0,4,1,,,252,4,43,14,cat154
155,18.10.2021 11:45,FootballFootballITALY: Serie A - Round 8,Venezia,0,40,2,1,0,1,6,2,2,1,8,2,0,,122,5,43,21,18.10.2021 11:45,FootballFootballITALY: Serie A - Round 8,Fiorentina,0,60,7,1,5,1,10,4,1,1,5,3,1,,204,12,59,34,cat155
156,18.10.2021 11:45,FootballFootballITALY: Serie A - Round 8,Venezia,1,36,2,1,0,1,7,0,4,1,9,0,,,155,9,36,8,18.10.2021 11:45,FootballFootballITALY: Serie A - Round 8,Fiorentina,0,64,3,1,0,2,13,1,1,0,6,2,,,303,4,56,21,cat156
157,22.10.2021 09:30,FootballFootballITALY: Serie A - Round 9,Torino,1,54,7,3,3,1,19,0,1,1,15,2,,,126,9,53,33,22.10.2021 09:30,FootballFootballITALY: Serie A - Round 9,Genoa,2,46,10,3,5,2,28,2,0,2,12,3,,,98,5,53,12,cat157
158,22.10.2021 09:30,FootballFootballITALY: Serie A - Round 9,Torino,2,63,10,3,4,3,7,2,1,1,5,,,,217,4,53,28,22.10.2021 09:30,FootballFootballITALY: Serie A - Round 9,Genoa,0,37,4,1,2,1,5,2,0,1,6,,,,100,9,52,28,cat158
159,22.10.2021 11:45,FootballFootballITALY: Serie A - Round 9,Sampdoria,0,21,4,1,2,1,9,0,1,2,4,1,,,53,8,24,7,22.10.2021 11:45,FootballFootballITALY: Serie A - Round 9,Spezia,1,79,9,3,3,3,7,5,0,1,6,0,,,294,1,74,51,cat159
160,22.10.2021 11:45,FootballFootballITALY: Serie A - Round 9,Sampdoria,2,35,2,1,1,0,3,0,2,4,5,2,,,117,4,54,9,22.10.2021 11:45,FootballFootballITALY: Serie A - Round 9,Spezia,0,65,8,4,2,2,7,3,0,0,3,1,,,250,8,63,22,cat160
161,23.10.2021 06:00,FootballFootballITALY: Serie A - Round 9,Salernitana,0,52,5,2,3,0,15,1,1,2,4,0,,,176,5,50,20,23.10.2021 06:00,FootballFootballITALY: Serie A - Round 9,Empoli,4,48,10,6,3,1,4,1,0,2,9,1,,,158,11,52,20,cat161
162,23.10.2021 09:00,FootballFootballITALY: Serie A - Round 9,Sassuolo,2,69,9,4,2,3,15,3,0,1,4,1,,,332,9,51,22,23.10.2021 09:00,FootballFootballITALY: Serie A - Round 9,Venezia,0,31,2,1,0,1,6,1,3,2,8,0,,,130,12,48,11,cat162
163,23.10.2021 09:00,FootballFootballITALY: Serie A - Round 9,Sassuolo,1,57,5,3,0,2,14,2,1,1,6,0,,,220,3,69,29,23.10.2021 09:00,FootballFootballITALY: Serie A - Round 9,Venezia,1,43,6,2,1,3,8,3,2,2,7,2,,,151,4,25,13,cat163
164,23.10.2021 11:45,FootballFootballITALY: Serie A - Round 9,Bologna,2,35,4,3,1,0,13,3,0,2,1,0,1,,95,6,32,14,23.10.2021 11:45,FootballFootballITALY: Serie A - Round 9,AC Milan,2,65,8,4,1,3,2,1,0,1,11,2,0,,241,9,63,33,cat164
165,23.10.2021 11:45,FootballFootballITALY: Serie A - Round 9,Bologna,0,41,5,1,2,2,7,1,0,1,6,1,1,,180,13,55,13,23.10.2021 11:45,FootballFootballITALY: Serie A - Round 9,AC Milan,2,59,7,3,2,2,7,0,2,1,4,1,0,,290,6,88,30,cat165
166,24.10.2021 03:30,FootballFootballITALY: Serie A - Round 9,Atalanta,1,61,5,2,0,3,6,3,1,0,11,2,,,214,9,47,22,24.10.2021 03:30,FootballFootballITALY: Serie A - Round 9,Udinese,1,39,2,1,1,0,12,2,0,1,7,1,,,129,9,52,15,cat166
167,24.10.2021 03:30,FootballFootballITALY: Serie A - Round 9,Atalanta,0,75,3,1,1,1,7,3,0,2,4,0,,,333,6,81,34,24.10.2021 03:30,FootballFootballITALY: Serie A - Round 9,Udinese,0,25,7,2,4,1,4,1,0,1,8,1,,,90,10,26,11,cat167
168,24.10.2021 06:00,FootballFootballITALY: Serie A - Round 9,Verona,2,54,4,3,1,0,7,3,4,3,6,1,,,224,3,49,27,24.10.2021 06:00,FootballFootballITALY: Serie A - Round 9,Lazio,1,46,7,4,2,1,9,4,0,1,8,1,,,187,9,61,23,cat168
169,24.10.2021 06:00,FootballFootballITALY: Serie A - Round 9,Verona,2,44,12,4,7,1,7,0,4,0,6,1,,,170,10,47,19,24.10.2021 06:00,FootballFootballITALY: Serie A - Round 9,Lazio,0,56,2,0,1,1,10,0,0,2,7,1,,,218,5,67,14,cat169
170,24.10.2021 06:00,FootballFootballITALY: Serie A - Round 9,Fiorentina,1,63,8,1,5,2,10,1,1,0,6,0,,,278,3,44,14,24.10.2021 06:00,FootballFootballITALY: Serie A - Round 9,Cagliari,0,37,1,0,1,0,7,1,2,0,8,1,,,132,10,46,9,cat170
171,24.10.2021 06:00,FootballFootballITALY: Serie A - Round 9,Fiorentina,2,67,13,4,6,3,8,3,0,1,5,0,,,262,7,69,24,24.10.2021 06:00,FootballFootballITALY: Serie A - Round 9,Cagliari,0,33,2,1,1,0,5,0,2,2,7,1,,,120,6,32,7,cat171
172,24.10.2021 09:00,FootballFootballITALY: Serie A - Round 9,AS Roma,0,32,8,1,4,3,9,3,0,2,10,3,,,91,10,36,18,24.10.2021 09:00,FootballFootballITALY: Serie A - Round 9,Napoli,0,68,5,2,1,2,9,1,4,1,6,1,,,248,9,61,44,cat172
173,24.10.2021 09:00,FootballFootballITALY: Serie A - Round 9,AS Roma,0,44,5,0,2,3,7,4,0,1,4,1,,,160,7,44,21,24.10.2021 09:00,FootballFootballITALY: Serie A - Round 9,Napoli,0,56,6,1,3,2,5,2,2,0,4,0,,,218,8,64,23,cat173
174,24.10.2021 11:45,FootballFootballITALY: Serie A - Round 9,Inter,0,43,3,0,2,1,8,0,1,1,7,1,,,168,6,37,18,24.10.2021 11:45,FootballFootballITALY: Serie A - Round 9,Juventus,1,57,8,2,3,3,6,0,1,0,6,1,,,252,5,67,24,cat174
175,24.10.2021 11:45,FootballFootballITALY: Serie A - Round 9,Inter,1,55,7,2,3,2,10,5,0,2,7,1,,,209,11,59,28,24.10.2021 11:45,FootballFootballITALY: Serie A - Round 9,Juventus,0,45,8,2,4,2,8,2,2,1,9,1,,,171,8,41,13,cat175
176,23.10.2021 06:00,FootballFootballITALY: Serie A - Round 9,Salernitana,2,70,7,4,2,1,13,6,1,0,7,1,,,213,11,71,41,23.10.2021 06:00,FootballFootballITALY: Serie A - Round 9,Empoli,0,30,1,0,1,0,13,0,2,2,7,2,,,79,10,41,8,cat0
177,25.09.2021 11:45,FootballFootballITALY: Serie A - Round 6,Genoa,3,48,6,4,1,1,12,1,0,4,12,3,,,116,1,58,21,25.09.2021 11:45,FootballFootballITALY: Serie A - Round 6,Verona,2,52,10,6,3,1,15,1,0,1,9,2,,,136,8,42,29,cat1
178,21.08.2021 11:45,FootballFootballITALY: Serie A - Round 1,Empoli,0,42,11,3,4,4,2,4,0,1,7,1,,,223,20,70,37,21.08.2021 11:45,FootballFootballITALY: Serie A - Round 1,Lazio,0,58,3,1,2,0,4,0,0,3,4,0,,,264,9,44,17,cat2
179,21.08.2021 11:45,FootballFootballITALY: Serie A - Round 1,Torino,1,55,9,3,4,2,9,3,0,0,14,2,,,109,7,54,37,21.08.2021 11:45,FootballFootballITALY: Serie A - Round 1,Atalanta,1,45,3,1,0,2,13,1,0,2,8,1,,,133,8,62,15,cat3
180,26.10.2021 09:30,FootballFootballITALY: Serie A - Round 10,Venezia,0,37,3,0,2,1,9,4,0,1,9,2,1,,80,14,28,16,26.10.2021 09:30,FootballFootballITALY: Serie A - Round 10,Salernitana,2,63,9,3,4,2,9,2,0,0,9,2,0,,203,5,61,29,cat0
181,26.10.2021 09:30,FootballFootballITALY: Serie A - Round 10,Venezia,1,53,5,4,1,0,4,0,0,4,8,1,,,238,6,44,24,26.10.2021 09:30,FootballFootballITALY: Serie A - Round 10,Salernitana,0,47,12,4,3,5,8,3,0,3,4,1,,,193,3,37,26,cat1
182,26.10.2021 09:30,FootballFootballITALY: Serie A - Round 10,Spezia,1,45,10,2,6,2,10,1,1,1,6,2,,,114,10,57,34,26.10.2021 09:30,FootballFootballITALY: Serie A - Round 10,Genoa,1,55,6,2,1,3,6,3,2,1,8,4,,,155,18,60,28,cat2
183,26.10.2021 09:30,FootballFootballITALY: Serie A - Round 10,Spezia,0,49,3,1,1,1,8,2,1,0,6,,,,179,9,48,23,26.10.2021 09:30,FootballFootballITALY: Serie A - Round 10,Genoa,0,51,3,0,2,1,6,0,0,1,8,,,,183,10,69,21,cat3
184,26.10.2021 11:45,FootballFootballITALY: Serie A - Round 10,AC Milan,0,41,2,0,2,0,17,1,0,2,6,1,,,143,6,52,17,26.10.2021 11:45,FootballFootballITALY: Serie A - Round 10,Torino,0,59,9,2,2,5,16,5,0,0,10,1,,,206,5,82,35,cat0
185,26.10.2021 11:45,FootballFootballITALY: Serie A - Round 10,AC Milan,1,47,8,2,4,2,12,1,0,0,8,2,,,151,10,54,9,26.10.2021 11:45,FootballFootballITALY: Serie A - Round 10,Torino,0,53,3,0,1,2,8,0,1,1,11,2,,,176,13,71,27,cat1
186,27.10.2021 09:30,FootballFootballITALY: Serie A - Round 10,Udinese,0,31,5,1,2,2,15,2,0,1,7,1,,,72,7,49,15,27.10.2021 09:30,FootballFootballITALY: Serie A - Round 10,Verona,1,69,5,2,1,2,7,2,0,1,9,2,,,220,7,56,22,cat2
187,27.10.2021 09:30,FootballFootballITALY: Serie A - Round 10,Udinese,1,35,11,4,3,4,5,5,1,0,6,,,,97,11,41,16,27.10.2021 09:30,FootballFootballITALY: Serie A - Round 10,Verona,0,65,0,0,0,0,9,2,1,3,3,,,,243,3,51,12,cat3
188,27.10.2021 09:30,FootballFootballITALY: Serie A - Round 10,Sampdoria,0,40,5,1,4,0,15,0,4,1,10,1,,,136,12,56,12,27.10.2021 09:30,FootballFootballITALY: Serie A - Round 10,Atalanta,1,60,7,2,3,2,17,2,0,1,13,2,,,223,4,64,26,cat4
189,27.10.2021 09:30,FootballFootballITALY: Serie A - Round 10,Sampdoria,1,40,3,2,0,1,10,3,2,0,5,3,,,134,12,39,19,27.10.2021 09:30,FootballFootballITALY: Serie A - Round 10,Atalanta,2,60,6,2,4,0,11,1,1,1,6,1,,,239,4,64,28,cat5
190,27.10.2021 09:30,FootballFootballITALY: Serie A - Round 10,Juventus,1,59,8,3,4,1,15,1,3,1,13,1,,,219,4,74,43,27.10.2021 09:30,FootballFootballITALY: Serie A - Round 10,Sassuolo,1,41,3,2,1,0,22,2,0,2,8,4,,,137,7,45,13,cat6
191,27.10.2021 09:30,FootballFootballITALY: Serie A - Round 10,Juventus,0,53,6,0,4,2,7,3,5,1,8,0,,,224,8,48,26,27.10.2021 09:30,FootballFootballITALY: Serie A - Round 10,Sassuolo,1,47,5,2,1,2,13,2,0,0,7,1,,,197,5,37,17,cat7
192,27.10.2021 11:45,FootballFootballITALY: Serie A - Round 10,Lazio,1,45,2,1,1,0,12,0,2,0,8,3,,,188,6,45,14,27.10.2021 11:45,FootballFootballITALY: Serie A - Round 10,Fiorentina,0,55,5,0,2,3,14,2,1,0,7,2,,,227,3,52,31,cat8
193,27.10.2021 11:45,FootballFootballITALY: Serie A - Round 10,Lazio,0,53,3,1,2,0,5,3,3,1,8,0,,,270,6,52,22,27.10.2021 11:45,FootballFootballITALY: Serie A - Round 10,Fiorentina,0,47,4,1,2,1,16,4,0,1,4,1,,,222,3,52,21,cat9
194,27.10.2021 11:45,FootballFootballITALY: Serie A - Round 10,Empoli,0,29,5,1,4,0,13,1,0,4,7,0,1,,103,1,24,9,27.10.2021 11:45,FootballFootballITALY: Serie A - Round 10,Inter,1,71,13,5,5,3,13,4,2,1,8,2,0,,313,5,65,38,cat10
195,27.10.2021 11:45,FootballFootballITALY: Serie A - Round 10,Empoli,0,33,4,2,1,1,11,4,0,3,13,1,,,108,10,37,13,27.10.2021 11:45,FootballFootballITALY: Serie A - Round 10,Inter,1,67,8,4,2,2,22,2,1,2,7,1,,,266,10,66,30,cat11
196,27.10.2021 11:45,FootballFootballITALY: Serie A - Round 10,Cagliari,1,44,6,5,1,0,17,0,1,1,10,3,,,106,3,49,17,27.10.2021 11:45,FootballFootballITALY: Serie A - Round 10,AS Roma,2,56,14,3,8,3,13,4,0,4,10,3,,,136,8,53,23,cat12
197,27.10.2021 11:45,FootballFootballITALY: Serie A - Round 10,Cagliari,0,38,1,0,1,0,7,2,0,0,6,0,,,125,7,34,13,27.10.2021 11:45,FootballFootballITALY: Serie A - Round 10,AS Roma,0,62,8,0,5,3,10,6,0,0,6,1,,,238,3,61,32,cat13
198,28.10.2021 11:45,FootballFootballITALY: Serie A - Round 10,Napoli,1,68,9,2,5,2,1,3,1,1,9,,,,343,5,80,45,28.10.2021 11:45,FootballFootballITALY: Serie A - Round 10,Bologna,0,32,6,1,4,1,16,1,0,1,1,,,,140,7,26,6,cat0
199,28.10.2021 11:45,FootballFootballITALY: Serie A - Round 10,Napoli,2,62,9,4,4,1,4,1,0,0,11,1,,,298,4,74,21,28.10.2021 11:45,FootballFootballITALY: Serie A - Round 10,Bologna,0,38,2,0,1,1,12,1,1,2,4,1,,,162,5,30,14,cat1
200,30.10.2021 06:00,FootballFootballITALY: Serie A - Round 11,Atalanta,1,58,13,2,7,4,9,4,1,2,9,1,,,224,11,59,33,30.10.2021 06:00,FootballFootballITALY: Serie A - Round 11,Lazio,1,42,3,3,0,0,10,0,2,1,7,2,,,174,7,57,11,cat2
201,30.10.2021 06:00,FootballFootballITALY: Serie A - Round 11,Atalanta,1,56,4,1,1,2,6,2,2,1,4,0,,,261,9,80,39,30.10.2021 06:00,FootballFootballITALY: Serie A - Round 11,Lazio,1,44,5,2,1,2,6,2,0,0,6,1,,,203,12,37,8,cat3
202,30.10.2021 09:00,FootballFootballITALY: Serie A - Round 11,Verona,0,39,5,1,2,2,6,3,2,2,12,3,,,137,7,67,24,30.10.2021 09:00,FootballFootballITALY: Serie A - Round 11,Juventus,1,61,8,3,4,1,14,1,0,1,6,2,,,226,5,57,30,cat4
203,30.10.2021 09:00,FootballFootballITALY: Serie A - Round 11,Verona,2,51,7,4,2,1,2,1,1,1,10,1,,,227,5,66,25,30.10.2021 09:00,FootballFootballITALY: Serie A - Round 11,Juventus,0,49,7,1,6,0,11,0,0,2,2,1,,,210,6,55,16,cat5
204,30.10.2021 11:45,FootballFootballITALY: Serie A - Round 11,Torino,2,65,13,4,6,3,7,3,4,1,10,1,0,,224,3,58,23,30.10.2021 11:45,FootballFootballITALY: Serie A - Round 11,Sampdoria,0,35,3,1,1,1,12,4,2,2,6,4,1,,91,7,41,11,cat6
205,30.10.2021 11:45,FootballFootballITALY: Serie A - Round 11,Torino,1,63,3,2,1,0,4,1,0,0,9,1,,,253,9,74,13,30.10.2021 11:45,FootballFootballITALY: Serie A - Round 11,Sampdoria,0,37,2,0,1,1,11,1,1,1,2,0,,,120,3,46,11,cat7
206,31.10.2021 04:30,FootballFootballITALY: Serie A - Round 11,Inter,2,66,7,4,2,1,11,3,3,3,4,0,,,288,8,61,37,31.10.2021 04:30,FootballFootballITALY: Serie A - Round 11,Udinese,0,34,6,3,2,1,10,3,1,2,5,1,,,131,14,48,19,cat8
207,31.10.2021 04:30,FootballFootballITALY: Serie A - Round 11,Inter,0,68,8,2,4,2,7,3,0,2,5,0,,,273,2,65,30,31.10.2021 04:30,FootballFootballITALY: Serie A - Round 11,Udinese,0,32,3,2,1,0,5,1,1,2,6,1,,,110,5,31,17,cat9
208,31.10.2021 07:00,FootballFootballITALY: Serie A - Round 11,Sassuolo,0,51,8,1,4,3,14,3,0,3,7,3,,,197,4,42,19,31.10.2021 07:00,FootballFootballITALY: Serie A - Round 11,Empoli,2,49,9,5,4,0,8,3,1,1,8,2,,,174,10,54,35,cat10
209,31.10.2021 07:00,FootballFootballITALY: Serie A - Round 11,Sassuolo,1,64,7,4,2,1,8,1,0,1,9,1,,,246,6,58,31,31.10.2021 07:00,FootballFootballITALY: Serie A - Round 11,Empoli,0,36,5,1,2,2,9,3,3,3,4,0,,,124,10,35,16,cat11
210,31.10.2021 07:00,FootballFootballITALY: Serie A - Round 11,Genoa,0,61,9,1,5,3,14,5,2,2,4,0,,,160,6,73,48,31.10.2021 07:00,FootballFootballITALY: Serie A - Round 11,Venezia,0,39,5,2,2,1,9,2,0,1,5,1,,,97,10,39,14,cat12
211,31.10.2021 07:00,FootballFootballITALY: Serie A - Round 11,Genoa,0,65,10,3,4,3,8,7,1,0,9,1,,,205,10,62,40,31.10.2021 07:00,FootballFootballITALY: Serie A - Round 11,Venezia,0,35,1,0,1,0,10,2,0,3,8,2,,,107,9,26,10,cat13
212,31.10.2021 07:00,FootballFootballITALY: Serie A - Round 11,Fiorentina,2,44,9,4,3,2,22,2,1,0,6,3,,,171,9,47,33,31.10.2021 07:00,FootballFootballITALY: Serie A - Round 11,Spezia,0,56,0,0,0,0,8,4,1,2,9,1,,,220,8,42,12,cat14
213,31.10.2021 07:00,FootballFootballITALY: Serie A - Round 11,Fiorentina,1,66,18,8,4,6,14,5,0,0,3,1,,,221,3,72,29,31.10.2021 07:00,FootballFootballITALY: Serie A - Round 11,Spezia,0,34,3,0,2,1,4,0,3,7,11,2,,,98,2,29,3,cat15
214,31.10.2021 10:00,FootballFootballITALY: Serie A - Round 11,Salernitana,0,42,7,2,3,2,12,3,0,2,6,0,1,,133,8,36,17,31.10.2021 10:00,FootballFootballITALY: Serie A - Round 11,Napoli,1,58,9,3,3,3,9,2,1,2,6,1,1,,168,7,41,28,cat16
215,31.10.2021 10:00,FootballFootballITALY: Serie A - Round 11,Salernitana,0,30,2,1,1,0,8,1,0,0,5,0,,,101,7,42,14,31.10.2021 10:00,FootballFootballITALY: Serie A - Round 11,Napoli,0,70,9,0,6,3,5,2,1,1,7,1,,,283,8,60,34,cat17
216,31.10.2021 12:45,FootballFootballITALY: Serie A - Round 11,AS Roma,1,68,20,6,8,6,17,2,1,0,9,2,0,,220,6,67,42,31.10.2021 12:45,FootballFootballITALY: Serie A - Round 11,AC Milan,1,32,1,1,0,0,18,0,2,5,9,5,1,,80,13,22,2,cat18
217,31.10.2021 12:45,FootballFootballITALY: Serie A - Round 11,AS Roma,0,32,4,0,4,0,7,3,1,1,10,2,,,107,9,24,13,31.10.2021 12:45,FootballFootballITALY: Serie A - Round 11,AC Milan,1,68,7,2,4,1,11,2,3,0,4,2,,,260,3,67,25,cat19
218,01.11.2021 12:45,FootballFootballITALY: Serie A - Round 11,Bologna,2,49,6,3,3,0,5,1,1,1,6,2,0,,194,5,47,18,01.11.2021 12:45,FootballFootballITALY: Serie A - Round 11,Cagliari,0,51,6,1,2,3,7,2,2,1,3,2,1,,225,6,62,27,cat20
219,01.11.2021 12:45,FootballFootballITALY: Serie A - Round 11,Bologna,0,66,2,0,1,1,10,4,0,1,5,1,,,334,4,82,28,01.11.2021 12:45,FootballFootballITALY: Serie A - Round 11,Cagliari,0,34,3,1,1,1,4,0,3,0,6,0,,,158,2,36,5,cat21
220,05.11.2021 20:45,FootballFootballITALY: Serie A - Round 12,Empoli,2,54,6,2,1,3,15,1,1,3,6,0,,,146,5,53,26,05.11.2021 20:45,FootballFootballITALY: Serie A - Round 12,Genoa,1,46,9,4,2,3,6,4,2,0,13,3,,,111,12,62,16,cat0
221,05.11.2021 20:45,FootballFootballITALY: Serie A - Round 12,Empoli,0,50,4,0,2,2,10,3,1,2,2,0,,,167,5,43,19,05.11.2021 20:45,FootballFootballITALY: Serie A - Round 12,Genoa,1,50,6,3,2,1,2,1,2,0,8,1,,,178,11,59,14,cat1
222,06.11.2021 15:00,FootballFootballITALY: Serie A - Round 12,Spezia,1,37,5,3,1,1,6,2,2,1,6,3,,,99,8,37,21,06.11.2021 15:00,FootballFootballITALY: Serie A - Round 12,Torino,0,63,7,1,3,3,9,3,0,2,6,2,,,194,11,55,36,cat2
223,06.11.2021 15:00,FootballFootballITALY: Serie A - Round 12,Spezia,0,43,2,0,2,0,13,0,1,0,9,0,,,134,5,52,15,06.11.2021 15:00,FootballFootballITALY: Serie A - Round 12,Torino,0,57,2,0,1,1,9,0,2,0,11,1,,,189,4,63,25,cat3
224,06.11.2021 18:00,FootballFootballITALY: Serie A - Round 12,Juventus,1,49,9,3,5,1,13,2,4,0,9,1,0,,152,6,55,19,06.11.2021 18:00,FootballFootballITALY: Serie A - Round 12,Fiorentina,0,51,0,0,0,0,21,3,0,2,7,3,1,,148,6,54,21,cat4
225,06.11.2021 18:00,FootballFootballITALY: Serie A - Round 12,Juventus,0,53,4,0,3,1,8,3,1,1,6,1,,,182,9,45,21,06.11.2021 18:00,FootballFootballITALY: Serie A - Round 12,Fiorentina,0,47,6,1,5,0,7,2,0,0,8,1,,,152,7,55,22,cat5
226,06.11.2021 20:45,FootballFootballITALY: Serie A - Round 12,Cagliari,0,37,6,0,4,2,7,2,1,4,6,,,,146,17,43,21,06.11.2021 20:45,FootballFootballITALY: Serie A - Round 12,Atalanta,0,63,10,4,3,3,14,4,0,0,5,,,,248,5,56,37,cat6
227,06.11.2021 20:45,FootballFootballITALY: Serie A - Round 12,Cagliari,1,35,1,1,0,0,4,0,2,2,5,1,,,119,9,39,10,06.11.2021 20:45,FootballFootballITALY: Serie A - Round 12,Atalanta,2,65,11,4,4,3,8,3,0,0,4,1,,,256,5,68,38,cat7
228,07.11.2021 12:30,FootballFootballITALY: Serie A - Round 12,Venezia,2,37,8,4,2,2,14,3,1,4,6,2,,,99,7,46,19,07.11.2021 12:30,FootballFootballITALY: Serie A - Round 12,AS Roma,0,63,15,4,4,7,15,9,0,2,11,1,,,177,6,54,43,cat8
229,07.11.2021 12:30,FootballFootballITALY: Serie A - Round 12,Venezia,1,41,5,3,2,0,8,1,1,4,6,0,,,144,7,26,7,07.11.2021 12:30,FootballFootballITALY: Serie A - Round 12,AS Roma,2,59,12,6,4,2,7,2,1,2,7,1,,,210,9,71,37,cat9
230,07.11.2021 15:00,FootballFootballITALY: Serie A - Round 12,Udinese,1,26,8,0,5,3,9,1,1,2,9,2,1,,89,14,42,21,07.11.2021 15:00,FootballFootballITALY: Serie A - Round 12,Sassuolo,0,74,4,2,1,1,10,3,0,0,9,2,0,,263,12,84,18,cat10
231,07.11.2021 15:00,FootballFootballITALY: Serie A - Round 12,Udinese,2,45,5,2,0,3,7,0,0,0,5,1,,,164,8,41,16,07.11.2021 15:00,FootballFootballITALY: Serie A - Round 12,Sassuolo,2,55,6,2,1,3,5,2,1,0,6,1,,,214,8,61,14,cat11
232,07.11.2021 15:00,FootballFootballITALY: Serie A - Round 12,Sampdoria,1,50,5,1,2,2,11,1,2,2,8,2,,,151,7,56,27,07.11.2021 15:00,FootballFootballITALY: Serie A - Round 12,Bologna,2,50,6,4,0,2,13,2,1,0,7,0,,,176,4,52,19,cat12
233,07.11.2021 15:00,FootballFootballITALY: Serie A - Round 12,Sampdoria,0,42,5,3,2,0,7,5,0,3,6,2,,,124,6,65,23,07.11.2021 15:00,FootballFootballITALY: Serie A - Round 12,Bologna,0,58,8,3,4,1,8,3,1,3,5,1,,,204,4,41,12,cat13
234,07.11.2021 18:00,FootballFootballITALY: Serie A - Round 12,Napoli,0,65,8,0,3,5,13,2,0,1,7,1,0,,199,12,53,26,07.11.2021 18:00,FootballFootballITALY: Serie A - Round 12,Verona,0,35,5,1,1,3,6,2,1,0,12,6,2,,89,9,42,12,cat14
235,07.11.2021 18:00,FootballFootballITALY: Serie A - Round 12,Napoli,1,53,8,1,5,2,8,1,1,1,9,1,,,217,7,67,19,07.11.2021 18:00,FootballFootballITALY: Serie A - Round 12,Verona,1,47,6,2,1,3,10,0,1,0,7,1,,,192,13,58,16,cat15
236,07.11.2021 18:00,FootballFootballITALY: Serie A - Round 12,Lazio,1,64,5,1,3,1,11,2,1,0,2,0,,,304,6,48,19,07.11.2021 18:00,FootballFootballITALY: Serie A - Round 12,Salernitana,0,36,5,0,5,0,4,1,0,0,7,1,,,157,5,52,15,cat16
237,07.11.2021 18:00,FootballFootballITALY: Serie A - Round 12,Lazio,2,58,11,4,3,4,11,3,0,0,5,1,,,314,8,67,34,07.11.2021 18:00,FootballFootballITALY: Serie A - Round 12,Salernitana,0,42,0,0,0,0,7,0,2,2,7,1,,,216,4,46,21,cat17
238,07.11.2021 20:45,FootballFootballITALY: Serie A - Round 12,AC Milan,0,43,11,1,6,4,5,3,0,0,10,,,,118,5,47,24,07.11.2021 20:45,FootballFootballITALY: Serie A - Round 12,Inter,0,57,6,0,2,4,15,7,0,1,3,,,,168,10,42,38,cat18
239,07.11.2021 20:45,FootballFootballITALY: Serie A - Round 12,AC Milan,1,59,5,3,2,0,13,1,0,2,6,1,,,217,5,51,26,07.11.2021 20:45,FootballFootballITALY: Serie A - Round 12,Inter,1,41,7,3,1,3,4,1,1,2,8,0,,,137,6,36,12,cat19
240,20.11.2021 15:00,FootballFootballITALY: Serie A - Round 13,Atalanta,2,48,7,5,1,1,5,0,2,2,7,1,,,200,11,58,17,20.11.2021 15:00,FootballFootballITALY: Serie A - Round 13,Spezia,1,52,6,3,1,2,9,4,0,3,5,1,,,209,5,50,19,cat0
241,20.11.2021 15:00,FootballFootballITALY: Serie A - Round 13,Atalanta,3,54,11,4,4,3,6,0,0,1,3,1,,,226,4,56,26,20.11.2021 15:00,FootballFootballITALY: Serie A - Round 13,Spezia,1,46,4,2,2,0,3,2,1,1,6,2,,,173,7,47,11,cat1
242,20.11.2021 18:00,FootballFootballITALY: Serie A - Round 13,Lazio,0,57,3,0,1,2,3,0,0,3,7,2,,,270,5,69,47,20.11.2021 18:00,FootballFootballITALY: Serie A - Round 13,Juventus,1,43,8,4,2,2,5,2,0,0,7,0,,,194,7,35,13,cat2
243,20.11.2021 18:00,FootballFootballITALY: Serie A - Round 13,Lazio,0,59,5,1,0,4,12,3,0,0,5,1,,,288,9,74,45,20.11.2021 18:00,FootballFootballITALY: Serie A - Round 13,Juventus,1,41,3,1,1,1,5,0,0,1,8,1,,,193,5,33,20,cat3
244,20.11.2021 20:45,FootballFootballITALY: Serie A - Round 13,Fiorentina,2,44,4,3,1,0,7,2,1,0,5,1,,,151,10,36,18,20.11.2021 20:45,FootballFootballITALY: Serie A - Round 13,AC Milan,3,56,7,3,3,1,6,1,3,1,6,1,,,218,7,55,31,cat4
245,20.11.2021 20:45,FootballFootballITALY: Serie A - Round 13,Fiorentina,2,46,5,2,2,1,9,3,2,4,1,,,,182,7,30,12,20.11.2021 20:45,FootballFootballITALY: Serie A - Round 13,AC Milan,0,54,10,4,3,3,3,5,4,0,4,,,,221,14,53,31,cat5
246,21.11.2021 12:30,FootballFootballITALY: Serie A - Round 13,Sassuolo,1,73,10,2,6,2,8,4,2,0,8,1,,,257,7,54,16,21.11.2021 12:30,FootballFootballITALY: Serie A - Round 13,Cagliari,1,27,3,1,1,1,15,1,1,1,3,0,,,83,5,51,16,cat6
247,21.11.2021 12:30,FootballFootballITALY: Serie A - Round 13,Sassuolo,1,50,10,2,6,2,10,2,0,2,5,0,,,191,8,52,14,21.11.2021 12:30,FootballFootballITALY: Serie A - Round 13,Cagliari,1,50,8,3,3,2,6,4,3,1,7,2,,,180,10,48,14,cat7
248,21.11.2021 15:00,FootballFootballITALY: Serie A - Round 13,Salernitana,0,60,12,2,4,6,25,9,0,1,6,0,,,178,3,67,33,21.11.2021 15:00,FootballFootballITALY: Serie A - Round 13,Sampdoria,0,40,3,1,1,1,9,2,1,2,11,2,,,117,1,33,10,cat8
249,21.11.2021 15:00,FootballFootballITALY: Serie A - Round 13,Salernitana,0,48,6,0,5,1,8,4,0,3,4,0,,,144,4,70,20,21.11.2021 15:00,FootballFootballITALY: Serie A - Round 13,Sampdoria,2,52,10,5,3,2,4,1,0,0,8,1,,,157,8,46,25,cat9
250,21.11.2021 15:00,FootballFootballITALY: Serie A - Round 13,Bologna,0,70,13,4,3,6,13,11,0,4,3,0,,,272,4,85,48,21.11.2021 15:00,FootballFootballITALY: Serie A - Round 13,Venezia,1,30,7,5,2,0,4,0,0,4,7,3,,,105,6,35,8,cat10
251,21.11.2021 15:00,FootballFootballITALY: Serie A - Round 13,Bologna,0,62,9,2,6,1,3,6,1,1,3,,,,289,9,98,38,21.11.2021 15:00,FootballFootballITALY: Serie A - Round 13,Venezia,0,38,1,1,0,0,4,0,1,2,2,,,,161,6,29,14,cat11
252,21.11.2021 18:00,FootballFootballITALY: Serie A - Round 13,Inter,1,35,4,3,1,0,8,0,0,1,9,3,,,125,7,40,22,21.11.2021 18:00,FootballFootballITALY: Serie A - Round 13,Napoli,1,65,6,2,3,1,13,1,0,2,6,0,,,258,7,62,30,cat12
253,21.11.2021 18:00,FootballFootballITALY: Serie A - Round 13,Inter,2,56,13,4,4,5,10,4,2,0,6,1,,,176,9,55,25,21.11.2021 18:00,FootballFootballITALY: Serie A - Round 13,Napoli,1,44,3,1,1,1,8,0,0,2,10,3,,,139,5,31,12,cat13
254,21.11.2021 20:45,FootballFootballITALY: Serie A - Round 13,Genoa,0,43,0,0,0,0,0,1,1,1,9,2,,,167,5,41,5,21.11.2021 20:45,FootballFootballITALY: Serie A - Round 13,AS Roma,2,57,12,3,5,4,0,5,0,0,4,1,,,222,6,74,35,cat14
255,21.11.2021 20:45,FootballFootballITALY: Serie A - Round 13,Genoa,0,39,1,1,0,0,9,1,1,1,4,1,,,157,10,45,15,21.11.2021 20:45,FootballFootballITALY: Serie A - Round 13,AS Roma,0,61,7,1,3,3,5,2,0,1,9,1,,,268,6,59,23,cat15
256,22.11.2021 18:30,FootballFootballITALY: Serie A - Round 13,Verona,2,58,12,4,5,3,7,1,0,3,3,0,,,196,7,67,43,22.11.2021 18:30,FootballFootballITALY: Serie A - Round 13,Empoli,1,42,6,4,1,1,2,2,2,2,5,2,,,131,5,50,11,cat16
257,22.11.2021 18:30,FootballFootballITALY: Serie A - Round 13,Verona,0,56,10,1,5,4,8,0,3,0,4,1,,,160,5,64,26,22.11.2021 18:30,FootballFootballITALY: Serie A - Round 13,Empoli,0,44,3,0,2,1,8,1,0,1,8,1,,,109,4,50,15,cat17
258,22.11.2021 20:45,FootballFootballITALY: Serie A - Round 13,Torino,1,44,10,3,3,4,11,1,2,3,13,1,,,138,6,48,19,22.11.2021 20:45,FootballFootballITALY: Serie A - Round 13,Udinese,1,56,12,4,2,6,14,1,1,2,9,2,,,178,10,69,13,cat18
259,22.11.2021 20:45,FootballFootballITALY: Serie A - Round 13,Torino,1,58,4,1,2,1,7,3,2,3,6,0,,,202,8,51,20,22.11.2021 20:45,FootballFootballITALY: Serie A - Round 13,Udinese,0,42,6,3,2,1,9,6,0,0,8,1,,,136,6,57,20,cat19
260,26.11.2021 20:45,FootballFootballITALY: Serie A - Round 14,Cagliari,1,57,8,2,3,3,4,1,0,0,4,1,,,196,9,62,31,26.11.2021 20:45,FootballFootballITALY: Serie A - Round 14,Salernitana,1,43,5,1,2,2,4,4,0,1,4,1,,,128,0,53,27,cat20
261,26.11.2021 20:45,FootballFootballITALY: Serie A - Round 14,Cagliari,0,57,11,1,7,3,6,6,2,1,9,2,,,171,2,62,28,26.11.2021 20:45,FootballFootballITALY: Serie A - Round 14,Salernitana,0,43,3,1,1,1,11,2,0,1,6,0,,,117,4,42,13,cat21
262,27.11.2021 15:00,FootballFootballITALY: Serie A - Round 14,Sampdoria,3,41,10,4,2,4,7,3,0,2,6,4,,,104,7,47,20,27.11.2021 15:00,FootballFootballITALY: Serie A - Round 14,Verona,0,59,9,2,4,3,6,2,1,1,5,1,,,187,6,59,28,cat22
263,27.11.2021 15:00,FootballFootballITALY: Serie A - Round 14,Sampdoria,0,41,5,1,3,1,10,1,1,0,7,,,,114,8,55,25,27.11.2021 15:00,FootballFootballITALY: Serie A - Round 14,Verona,1,59,5,1,3,1,8,3,0,1,11,,,,200,9,55,23,cat23
264,27.11.2021 15:00,FootballFootballITALY: Serie A - Round 14,Empoli,2,52,11,3,4,4,7,6,0,3,7,1,,,143,5,37,15,27.11.2021 15:00,FootballFootballITALY: Serie A - Round 14,Fiorentina,1,48,10,4,4,2,8,2,2,1,5,1,,,159,8,52,33,cat24
265,27.11.2021 15:00,FootballFootballITALY: Serie A - Round 14,Empoli,0,52,6,2,0,4,6,2,0,3,8,,,,193,9,45,15,27.11.2021 15:00,FootballFootballITALY: Serie A - Round 14,Fiorentina,0,48,6,3,3,0,7,3,1,2,5,,,,182,5,41,33,cat25
266,27.11.2021 18:00,FootballFootballITALY: Serie A - Round 14,Juventus,0,63,9,1,4,4,11,5,1,0,11,4,,,211,8,64,22,27.11.2021 18:00,FootballFootballITALY: Serie A - Round 14,Atalanta,0,37,2,0,0,2,12,3,0,1,11,2,,,95,14,48,18,cat26
267,27.11.2021 18:00,FootballFootballITALY: Serie A - Round 14,Juventus,0,55,6,1,3,2,9,1,0,0,2,0,,,238,5,46,19,27.11.2021 18:00,FootballFootballITALY: Serie A - Round 14,Atalanta,1,45,5,1,1,3,2,1,0,1,9,3,,,186,9,82,24,cat27
268,27.11.2021 20:45,FootballFootballITALY: Serie A - Round 14,Venezia,0,42,5,0,3,2,1,1,0,5,4,2,,,171,6,54,22,27.11.2021 20:45,FootballFootballITALY: Serie A - Round 14,Inter,1,58,16,6,2,8,1,6,0,0,2,0,,,252,14,54,31,cat28
269,27.11.2021 20:45,FootballFootballITALY: Serie A - Round 14,Venezia,0,46,1,1,0,0,2,2,0,4,5,,,,203,4,26,16,27.11.2021 20:45,FootballFootballITALY: Serie A - Round 14,Inter,1,54,11,5,4,2,5,3,0,1,2,,,,250,11,59,40,cat29
270,28.11.2021 12:30,FootballFootballITALY: Serie A - Round 14,Udinese,0,51,9,1,1,7,9,4,1,1,11,2,,,179,5,77,26,28.11.2021 12:30,FootballFootballITALY: Serie A - Round 14,Genoa,0,49,2,1,1,0,19,0,0,1,7,2,,,176,13,51,14,cat30
271,28.11.2021 12:30,FootballFootballITALY: Serie A - Round 14,Udinese,0,35,8,2,5,1,5,4,2,1,7,1,,,106,12,53,36,28.11.2021 12:30,FootballFootballITALY: Serie A - Round 14,Genoa,0,65,6,1,3,2,9,1,0,2,4,2,,,239,10,51,15,cat31
272,28.11.2021 15:00,FootballFootballITALY: Serie A - Round 14,Spezia,0,46,7,4,2,1,11,2,1,3,9,2,,,158,6,56,16,28.11.2021 15:00,FootballFootballITALY: Serie A - Round 14,Bologna,1,54,9,4,3,2,13,2,0,4,7,1,,,194,9,56,28,cat32
273,28.11.2021 15:00,FootballFootballITALY: Serie A - Round 14,Spezia,0,40,6,1,5,0,5,1,2,1,7,1,,,137,10,53,26,28.11.2021 15:00,FootballFootballITALY: Serie A - Round 14,Bologna,0,60,8,1,4,3,10,4,0,1,5,0,,,232,9,55,25,cat33
274,28.11.2021 15:00,FootballFootballITALY: Serie A - Round 14,AC Milan,0,45,11,1,7,3,4,6,2,1,10,4,1,,160,5,49,41,28.11.2021 15:00,FootballFootballITALY: Serie A - Round 14,Sassuolo,1,55,7,2,1,4,20,3,2,1,1,0,0,,196,12,45,20,cat34
275,28.11.2021 15:00,FootballFootballITALY: Serie A - Round 14,AC Milan,1,53,4,1,1,2,7,1,5,1,5,0,,,174,8,54,23,28.11.2021 15:00,FootballFootballITALY: Serie A - Round 14,Sassuolo,2,47,8,3,2,3,10,3,1,0,6,2,,,152,6,43,27,cat35
276,28.11.2021 18:00,FootballFootballITALY: Serie A - Round 14,AS Roma,0,27,5,0,4,1,7,0,0,1,5,2,,,76,16,38,11,28.11.2021 18:00,FootballFootballITALY: Serie A - Round 14,Torino,0,73,8,1,4,3,4,4,1,0,5,1,,,246,10,75,41,cat36
277,28.11.2021 18:00,FootballFootballITALY: Serie A - Round 14,AS Roma,1,35,5,2,2,1,7,2,1,2,2,,,,130,5,32,9,28.11.2021 18:00,FootballFootballITALY: Serie A - Round 14,Torino,0,65,9,2,2,5,3,5,2,1,6,,,,258,10,73,26,cat37
278,28.11.2021 20:45,FootballFootballITALY: Serie A - Round 14,Napoli,1,65,5,3,1,1,4,0,1,0,6,2,,,421,4,31,14,28.11.2021 20:45,FootballFootballITALY: Serie A - Round 14,Lazio,0,35,0,0,0,0,8,0,0,2,5,2,,,202,5,20,4,cat38
279,28.11.2021 20:45,FootballFootballITALY: Serie A - Round 14,Napoli,3,57,13,5,3,5,8,1,0,2,4,0,,,323,6,51,13,28.11.2021 20:45,FootballFootballITALY: Serie A - Round 14,Lazio,0,43,6,2,4,0,4,3,0,2,8,2,,,229,5,52,23,cat39
280,30.11.2021 18:30,FootballFootballITALY: Serie A - Round 15,Fiorentina,0,52,6,2,2,2,9,2,2,2,3,0,,,212,3,55,22,30.11.2021 18:30,FootballFootballITALY: Serie A - Round 15,Sampdoria,0,48,6,2,3,1,6,5,2,2,9,2,,,172,8,36,12,cat40
281,30.11.2021 18:30,FootballFootballITALY: Serie A - Round 15,Fiorentina,3,68,11,5,3,3,8,1,0,1,3,0,,,291,4,62,27,30.11.2021 18:30,FootballFootballITALY: Serie A - Round 15,Sampdoria,1,32,5,2,3,0,2,1,0,2,7,1,,,110,6,32,11,cat41
282,30.11.2021 18:30,FootballFootballITALY: Serie A - Round 15,Atalanta,2,51,11,3,6,2,7,3,1,1,6,0,,,214,11,67,30,30.11.2021 18:30,FootballFootballITALY: Serie A - Round 15,Venezia,0,49,3,1,2,0,8,0,1,1,6,1,,,204,4,45,13,cat42
283,30.11.2021 18:30,FootballFootballITALY: Serie A - Round 15,Atalanta,2,67,8,3,3,2,5,1,1,3,5,,,,320,13,88,31,30.11.2021 18:30,FootballFootballITALY: Serie A - Round 15,Venezia,0,33,5,3,2,0,6,2,2,1,3,,,,136,9,37,3,cat43
284,30.11.2021 20:45,FootballFootballITALY: Serie A - Round 15,Verona,0,70,8,5,1,2,10,6,2,0,5,2,,,258,5,76,33,30.11.2021 20:45,FootballFootballITALY: Serie A - Round 15,Cagliari,0,30,5,0,4,1,13,1,0,5,4,2,,,81,12,58,12,cat44
285,30.11.2021 20:45,FootballFootballITALY: Serie A - Round 15,Verona,0,68,7,1,4,2,8,5,1,4,10,1,,,222,6,63,27,30.11.2021 20:45,FootballFootballITALY: Serie A - Round 15,Cagliari,0,32,7,4,3,0,11,0,0,1,8,0,,,75,12,36,13,cat45
286,30.11.2021 20:45,FootballFootballITALY: Serie A - Round 15,Salernitana,0,30,3,0,2,1,8,4,0,2,8,0,,,139,6,33,19,30.11.2021 20:45,FootballFootballITALY: Serie A - Round 15,Juventus,1,70,12,3,6,3,16,1,0,0,5,1,,,405,11,76,40,cat46
287,30.11.2021 20:45,FootballFootballITALY: Serie A - Round 15,Salernitana,0,22,1,0,1,0,7,0,1,3,6,1,,,72,13,23,4,30.11.2021 20:45,FootballFootballITALY: Serie A - Round 15,Juventus,1,78,6,4,2,0,7,3,3,0,4,0,,,354,8,90,24,cat47
288,01.12.2021 18:30,FootballFootballITALY: Serie A - Round 15,Inter,1,59,17,7,7,3,10,6,0,2,7,0,,,276,7,69,40,01.12.2021 18:30,FootballFootballITALY: Serie A - Round 15,Spezia,0,41,3,2,0,1,9,0,0,6,5,1,,,163,6,32,7,cat48
289,01.12.2021 18:30,FootballFootballITALY: Serie A - Round 15,Inter,1,67,14,4,6,4,5,5,1,2,11,1,,,316,8,75,26,01.12.2021 18:30,FootballFootballITALY: Serie A - Round 15,Spezia,0,33,4,2,0,2,12,1,0,3,5,1,,,143,7,35,7,cat49
290,01.12.2021 18:30,FootballFootballITALY: Serie A - Round 15,Bologna,0,47,3,0,1,2,20,2,1,3,6,2,,,150,7,43,18,01.12.2021 18:30,FootballFootballITALY: Serie A - Round 15,AS Roma,0,53,8,3,2,3,12,0,3,0,10,3,,,200,10,67,20,cat50
291,01.12.2021 18:30,FootballFootballITALY: Serie A - Round 15,Bologna,1,40,3,3,0,0,9,1,1,2,3,1,,,162,3,46,14,01.12.2021 18:30,FootballFootballITALY: Serie A - Round 15,AS Roma,0,60,5,2,3,0,4,3,1,2,8,1,,,242,10,60,19,cat51
292,01.12.2021 20:45,FootballFootballITALY: Serie A - Round 15,Sassuolo,2,59,5,4,1,0,13,3,1,1,6,3,,,239,5,66,23,01.12.2021 20:45,FootballFootballITALY: Serie A - Round 15,Napoli,2,41,4,3,0,1,11,0,0,2,10,2,,,153,14,29,10,cat52
293,01.12.2021 20:45,FootballFootballITALY: Serie A - Round 15,Sassuolo,0,42,4,3,1,0,12,2,1,1,4,1,,,169,7,22,11,01.12.2021 20:45,FootballFootballITALY: Serie A - Round 15,Napoli,0,58,5,1,2,2,5,4,2,3,9,0,,,236,5,68,30,cat53
294,01.12.2021 20:45,FootballFootballITALY: Serie A - Round 15,Genoa,0,41,6,3,1,2,17,1,0,1,9,2,,,188,10,59,10,01.12.2021 20:45,FootballFootballITALY: Serie A - Round 15,AC Milan,1,59,5,2,2,1,14,2,2,3,8,0,,,246,15,60,12,cat54
295,01.12.2021 20:45,FootballFootballITALY: Serie A - Round 15,Genoa,0,43,4,0,3,1,9,1,1,1,2,0,,,158,13,41,9,01.12.2021 20:45,FootballFootballITALY: Serie A - Round 15,AC Milan,2,57,13,3,5,5,4,4,1,0,8,1,,,240,10,70,37,cat55
296,02.12.2021 18:30,FootballFootballITALY: Serie A - Round 15,Torino,0,29,2,0,2,0,10,1,0,2,4,1,,,73,5,43,24,02.12.2021 18:30,FootballFootballITALY: Serie A - Round 15,Empoli,1,71,12,3,2,7,4,6,1,0,9,2,,,226,6,48,58,cat56
297,02.12.2021 18:30,FootballFootballITALY: Serie A - Round 15,Torino,2,53,8,3,3,2,6,0,2,1,5,0,1,,164,9,59,39,02.12.2021 18:30,FootballFootballITALY: Serie A - Round 15,Empoli,1,47,4,2,1,1,7,5,0,1,6,1,0,,117,6,40,35,cat57
298,02.12.2021 20:45,FootballFootballITALY: Serie A - Round 15,Lazio,3,58,5,3,1,1,6,2,1,1,10,1,1,,205,7,31,29,02.12.2021 20:45,FootballFootballITALY: Serie A - Round 15,Udinese,1,42,6,2,1,3,11,2,1,0,5,4,2,,143,6,22,30,cat58
299,02.12.2021 20:45,FootballFootballITALY: Serie A - Round 15,Lazio,1,66,8,2,5,1,6,3,3,0,1,2,,,295,10,49,42,02.12.2021 20:45,FootballFootballITALY: Serie A - Round 15,Udinese,3,34,6,3,1,2,4,2,0,1,6,1,,,136,9,32,18,cat59
300,04.12.2021 15:00,FootballFootballITALY: Serie A - Round 16,AC Milan,0,68,8,4,3,1,5,4,1,1,6,0,,,333,12,66,32,04.12.2021 15:00,FootballFootballITALY: Serie A - Round 16,Salernitana,0,32,4,1,1,2,7,2,1,4,5,1,,,130,4,61,8,cat60
301,04.12.2021 15:00,FootballFootballITALY: Serie A - Round 16,AC Milan,2,72,14,4,7,3,4,5,0,1,5,1,,,302,8,69,23,04.12.2021 15:00,FootballFootballITALY: Serie A - Round 16,Salernitana,0,28,3,1,2,0,5,3,0,2,4,1,,,94,9,35,6,cat61
302,04.12.2021 18:00,FootballFootballITALY: Serie A - Round 16,AS Roma,0,37,4,0,3,1,6,3,0,0,6,2,,,193,6,47,30,04.12.2021 18:00,FootballFootballITALY: Serie A - Round 16,Inter,0,63,2,0,1,1,6,0,0,0,6,1,,,354,14,52,25,cat62
303,04.12.2021 18:00,FootballFootballITALY: Serie A - Round 16,AS Roma,0,31,5,1,1,3,1,1,0,1,3,1,,,137,3,16,11,04.12.2021 18:00,FootballFootballITALY: Serie A - Round 16,Inter,3,69,8,4,3,1,3,4,1,1,0,0,,,357,6,54,26,cat63
304,04.12.2021 20:45,FootballFootballITALY: Serie A - Round 16,Napoli,1,54,6,2,3,1,4,3,0,1,11,2,,,194,6,30,16,04.12.2021 20:45,FootballFootballITALY: Serie A - Round 16,Atalanta,2,46,10,3,4,3,8,5,0,1,7,2,,,170,10,31,15,cat64
305,04.12.2021 20:45,FootballFootballITALY: Serie A - Round 16,Napoli,1,56,9,2,4,3,8,3,0,3,5,0,,,257,4,24,12,04.12.2021 20:45,FootballFootballITALY: Serie A - Round 16,Atalanta,1,44,11,4,2,5,5,2,0,1,11,1,,,193,7,24,15,cat65
306,05.12.2021 12:30,FootballFootballITALY: Serie A - Round 16,Bologna,1,38,4,1,0,3,9,0,1,0,5,2,,,140,5,32,6,05.12.2021 12:30,FootballFootballITALY: Serie A - Round 16,Fiorentina,2,62,4,2,1,1,5,2,3,0,6,2,,,242,3,58,26,cat66
307,05.12.2021 12:30,FootballFootballITALY: Serie A - Round 16,Bologna,1,36,4,2,2,0,9,0,1,0,7,1,,,121,7,28,16,05.12.2021 12:30,FootballFootballITALY: Serie A - Round 16,Fiorentina,1,64,2,1,1,0,8,0,0,1,9,1,,,262,5,70,24,cat67
308,05.12.2021 15:00,FootballFootballITALY: Serie A - Round 16,Venezia,0,43,1,1,0,0,7,0,0,0,8,2,1,,110,5,47,21,05.12.2021 15:00,FootballFootballITALY: Serie A - Round 16,Verona,4,57,13,4,3,6,6,3,0,1,7,1,0,,161,6,50,24,cat68
309,05.12.2021 15:00,FootballFootballITALY: Serie A - Round 16,Venezia,3,43,8,4,4,0,8,1,1,2,5,0,,,121,8,45,19,05.12.2021 15:00,FootballFootballITALY: Serie A - Round 16,Verona,0,57,3,2,1,0,7,3,1,1,7,1,,,184,7,55,25,cat69
310,05.12.2021 15:00,FootballFootballITALY: Serie A - Round 16,Spezia,1,26,5,2,2,1,5,1,1,2,4,1,,,79,7,33,13,05.12.2021 15:00,FootballFootballITALY: Serie A - Round 16,Sassuolo,2,74,15,4,4,7,5,4,1,1,4,2,,,294,8,84,34,cat70
311,05.12.2021 15:00,FootballFootballITALY: Serie A - Round 16,Spezia,1,42,4,2,1,1,5,1,3,1,7,3,,,149,7,59,12,05.12.2021 15:00,FootballFootballITALY: Serie A - Round 16,Sassuolo,0,58,5,1,4,0,10,1,0,1,5,1,,,238,3,69,16,cat71
312,05.12.2021 18:00,FootballFootballITALY: Serie A - Round 16,Sampdoria,1,60,16,5,6,5,4,5,1,0,7,1,0,,231,4,25,18,05.12.2021 18:00,FootballFootballITALY: Serie A - Round 16,Lazio,0,40,0,0,0,0,8,0,0,4,4,3,1,,134,10,15,5,cat72
313,05.12.2021 18:00,FootballFootballITALY: Serie A - Round 16,Sampdoria,0,36,2,0,1,1,5,2,0,2,6,3,,,165,7,44,19,05.12.2021 18:00,FootballFootballITALY: Serie A - Round 16,Lazio,3,64,6,5,1,0,6,0,0,0,5,0,,,344,5,38,20,cat73
314,05.12.2021 20:45,FootballFootballITALY: Serie A - Round 16,Juventus,1,70,13,6,3,4,3,2,3,0,7,2,,,342,13,71,35,05.12.2021 20:45,FootballFootballITALY: Serie A - Round 16,Genoa,0,30,0,0,0,0,9,1,0,5,3,1,,,113,12,42,14,cat74
315,05.12.2021 20:45,FootballFootballITALY: Serie A - Round 16,Juventus,1,70,14,6,6,2,4,3,0,0,8,1,,,337,4,91,41,05.12.2021 20:45,FootballFootballITALY: Serie A - Round 16,Genoa,0,30,0,0,0,0,9,0,0,5,4,0,,,115,6,25,1,cat75
316,06.12.2021 18:30,FootballFootballITALY: Serie A - Round 16,Empoli,3,54,14,6,4,4,12,3,1,3,6,3,,,160,11,47,28,06.12.2021 18:30,FootballFootballITALY: Serie A - Round 16,Udinese,0,46,11,3,5,3,9,3,0,3,9,1,,,143,8,46,23,cat76
317,06.12.2021 18:30,FootballFootballITALY: Serie A - Round 16,Empoli,0,62,8,3,2,3,14,5,0,4,6,1,,,253,9,70,23,06.12.2021 18:30,FootballFootballITALY: Serie A - Round 16,Udinese,1,38,8,5,1,2,9,3,1,3,9,2,,,143,10,35,18,cat77
318,06.12.2021 20:45,FootballFootballITALY: Serie A - Round 16,Cagliari,1,46,9,2,4,3,20,4,3,1,5,1,,,114,9,67,33,06.12.2021 20:45,FootballFootballITALY: Serie A - Round 16,Torino,0,54,5,1,4,0,9,1,3,1,12,2,,,140,9,61,30,cat78
319,06.12.2021 20:45,FootballFootballITALY: Serie A - Round 16,Cagliari,0,52,6,0,4,2,23,1,1,1,7,1,,,136,8,54,31,06.12.2021 20:45,FootballFootballITALY: Serie A - Round 16,Torino,1,48,3,2,1,0,12,1,2,0,12,2,,,133,8,41,13,cat79
320,10.12.2021 20:45,FootballFootballITALY: Serie A - Round 17,Genoa,1,59,10,2,5,3,12,4,0,2,7,2,,,165,5,71,30,10.12.2021 20:45,FootballFootballITALY: Serie A - Round 17,Sampdoria,2,41,6,4,1,1,6,1,3,1,8,1,,,101,8,40,13,cat80
321,10.12.2021 20:45,FootballFootballITALY: Serie A - Round 17,Genoa,0,47,2,0,2,0,9,4,0,1,8,0,,,150,9,62,26,10.12.2021 20:45,FootballFootballITALY: Serie A - Round 17,Sampdoria,1,53,8,2,3,3,8,2,0,0,9,1,,,160,15,42,18,cat81
322,11.12.2021 15:00,FootballFootballITALY: Serie A - Round 17,Fiorentina,3,75,9,5,2,2,3,1,0,4,6,,,,379,8,63,45,11.12.2021 15:00,FootballFootballITALY: Serie A - Round 17,Salernitana,0,25,5,4,0,1,6,2,1,2,2,,,,111,9,37,15,cat82
323,11.12.2021 15:00,FootballFootballITALY: Serie A - Round 17,Fiorentina,1,67,8,4,3,1,9,0,1,2,3,1,,,266,10,76,20,11.12.2021 15:00,FootballFootballITALY: Serie A - Round 17,Salernitana,0,33,6,2,1,3,4,1,0,3,9,1,,,106,10,27,13,cat83
324,11.12.2021 18:00,FootballFootballITALY: Serie A - Round 17,Venezia,1,36,7,2,4,1,5,1,0,1,11,3,,,130,9,62,15,11.12.2021 18:00,FootballFootballITALY: Serie A - Round 17,Juventus,0,64,7,1,2,4,11,4,0,1,5,1,,,256,7,68,18,cat84
325,11.12.2021 18:00,FootballFootballITALY: Serie A - Round 17,Venezia,0,42,6,2,3,1,5,2,0,4,9,1,,,138,5,51,26,11.12.2021 18:00,FootballFootballITALY: Serie A - Round 17,Juventus,1,58,13,5,5,3,9,7,0,2,5,1,,,218,6,56,27,cat85
326,11.12.2021 20:45,FootballFootballITALY: Serie A - Round 17,Udinese,0,39,5,2,2,1,5,3,1,0,11,1,1,,125,5,48,14,11.12.2021 20:45,FootballFootballITALY: Serie A - Round 17,AC Milan,1,61,9,1,7,1,12,3,0,2,5,2,0,,205,8,78,40,cat86
327,11.12.2021 20:45,FootballFootballITALY: Serie A - Round 17,Udinese,1,29,6,4,2,0,8,0,0,0,6,1,,,112,7,43,14,11.12.2021 20:45,FootballFootballITALY: Serie A - Round 17,AC Milan,0,71,3,0,3,0,6,2,4,3,5,0,,,327,14,81,16,cat87
328,12.12.2021 12:30,FootballFootballITALY: Serie A - Round 17,Torino,1,43,9,3,4,2,21,1,2,2,9,2,,,119,9,46,20,12.12.2021 12:30,FootballFootballITALY: Serie A - Round 17,Bologna,1,57,5,3,2,0,12,0,0,2,15,3,,,162,9,52,15,cat88
329,12.12.2021 12:30,FootballFootballITALY: Serie A - Round 17,Torino,1,53,7,4,3,0,6,4,3,2,7,0,,,185,4,58,32,12.12.2021 12:30,FootballFootballITALY: Serie A - Round 17,Bologna,0,47,3,2,0,1,12,0,1,3,3,1,,,166,4,34,6,cat89
330,12.12.2021 15:00,FootballFootballITALY: Serie A - Round 17,Verona,0,54,8,1,5,2,7,3,0,3,5,1,,,149,9,65,29,12.12.2021 15:00,FootballFootballITALY: Serie A - Round 17,Atalanta,1,46,8,4,3,1,6,3,0,1,7,1,,,130,7,54,24,cat90
331,12.12.2021 15:00,FootballFootballITALY: Serie A - Round 17,Verona,1,52,11,3,3,5,5,3,1,1,7,1,,,153,5,69,37,12.12.2021 15:00,FootballFootballITALY: Serie A - Round 17,Atalanta,1,48,6,2,3,1,8,3,2,2,3,0,,,143,9,56,25,cat91
332,12.12.2021 18:00,FootballFootballITALY: Serie A - Round 17,Sassuolo,2,60,7,3,1,3,7,4,1,1,6,1,1,,251,9,65,19,12.12.2021 18:00,FootballFootballITALY: Serie A - Round 17,Lazio,0,40,5,1,4,0,7,0,4,1,4,1,0,,165,13,44,18,cat92
333,12.12.2021 18:00,FootballFootballITALY: Serie A - Round 17,Sassuolo,0,60,10,3,2,5,8,2,0,0,3,0,,,308,4,76,27,12.12.2021 18:00,FootballFootballITALY: Serie A - Round 17,Lazio,1,40,1,1,0,0,3,0,0,3,7,1,,,194,10,33,8,cat93
334,12.12.2021 18:00,FootballFootballITALY: Serie A - Round 17,Napoli,0,69,21,4,8,9,9,9,1,3,5,0,,,248,3,68,57,12.12.2021 18:00,FootballFootballITALY: Serie A - Round 17,Empoli,1,31,7,4,1,2,6,2,2,4,7,1,,,75,10,32,8,cat94
335,12.12.2021 18:00,FootballFootballITALY: Serie A - Round 17,Napoli,0,50,9,2,5,2,7,1,0,1,3,,,,225,10,36,28,12.12.2021 18:00,FootballFootballITALY: Serie A - Round 17,Empoli,0,50,5,1,4,0,4,1,3,2,4,,,,230,8,55,28,cat95
336,12.12.2021 20:45,FootballFootballITALY: Serie A - Round 17,Inter,3,73,11,8,2,1,8,2,1,0,4,0,,,366,9,57,25,12.12.2021 20:45,FootballFootballITALY: Serie A - Round 17,Cagliari,0,27,0,0,0,0,5,0,1,5,7,1,,,109,5,40,13,cat96
337,12.12.2021 20:45,FootballFootballITALY: Serie A - Round 17,Inter,1,77,13,7,5,1,6,7,1,2,5,1,,,332,3,78,55,12.12.2021 20:45,FootballFootballITALY: Serie A - Round 17,Cagliari,0,23,5,2,2,1,5,0,1,6,6,1,,,77,3,22,4,cat97
338,13.12.2021 20:45,FootballFootballITALY: Serie A - Round 17,AS Roma,1,50,4,2,1,1,7,5,0,1,7,4,1,,164,5,47,21,13.12.2021 20:45,FootballFootballITALY: Serie A - Round 17,Spezia,0,50,5,1,2,2,7,2,4,1,3,1,0,,166,7,51,26,cat98
339,13.12.2021 20:45,FootballFootballITALY: Serie A - Round 17,AS Roma,1,54,8,4,1,3,4,4,0,1,6,,,,257,7,67,28,13.12.2021 20:45,FootballFootballITALY: Serie A - Round 17,Spezia,0,46,3,1,1,1,6,2,0,3,4,,,,216,9,45,10,cat99
340,17.12.2021 18:30,FootballFootballITALY: Serie A - Round 18,Lazio,2,57,6,3,2,1,4,4,1,1,3,0,,,270,11,55,24,17.12.2021 18:30,FootballFootballITALY: Serie A - Round 18,Genoa,1,43,4,2,1,1,4,1,1,1,3,2,,,188,7,49,15,cat0
341,17.12.2021 18:30,FootballFootballITALY: Serie A - Round 18,Lazio,1,53,5,2,1,2,5,1,0,0,6,0,,,285,6,67,22,17.12.2021 18:30,FootballFootballITALY: Serie A - Round 18,Genoa,0,47,0,0,0,0,6,1,0,1,5,1,,,253,11,42,8,cat1
342,17.12.2021 20:45,FootballFootballITALY: Serie A - Round 18,Salernitana,0,34,6,1,2,3,6,1,0,2,4,1,,,116,9,35,21,17.12.2021 20:45,FootballFootballITALY: Serie A - Round 18,Inter,3,66,14,5,6,3,5,5,0,1,5,1,,,271,6,49,25,cat2
343,17.12.2021 20:45,FootballFootballITALY: Serie A - Round 18,Salernitana,0,34,4,1,1,2,5,2,1,1,6,0,,,133,4,30,9,17.12.2021 20:45,FootballFootballITALY: Serie A - Round 18,Inter,2,66,9,3,5,1,6,5,0,1,5,1,,,289,9,65,35,cat3
344,18.12.2021 15:00,FootballFootballITALY: Serie A - Round 18,Atalanta,0,73,9,3,6,0,21,5,2,1,3,0,,,292,6,91,40,18.12.2021 15:00,FootballFootballITALY: Serie A - Round 18,AS Roma,2,27,4,3,0,1,8,0,1,3,8,2,,,88,7,33,7,cat4
345,18.12.2021 15:00,FootballFootballITALY: Serie A - Round 18,Atalanta,1,69,8,3,2,3,8,5,1,0,8,1,,,276,16,89,41,18.12.2021 15:00,FootballFootballITALY: Serie A - Round 18,AS Roma,2,31,4,2,1,1,9,0,1,2,7,1,,,112,14,31,11,cat5
346,18.12.2021 18:00,FootballFootballITALY: Serie A - Round 18,Bologna,0,64,4,1,0,3,24,3,0,3,4,,,,254,11,81,34,18.12.2021 18:00,FootballFootballITALY: Serie A - Round 18,Juventus,1,36,7,4,1,2,7,3,0,1,11,,,,129,7,35,15,cat6
347,18.12.2021 18:00,FootballFootballITALY: Serie A - Round 18,Bologna,0,52,7,2,3,2,9,5,0,2,3,1,,,204,8,64,28,18.12.2021 18:00,FootballFootballITALY: Serie A - Round 18,Juventus,1,48,4,3,1,0,3,1,1,2,8,1,,,188,4,52,22,cat7
348,18.12.2021 20:45,FootballFootballITALY: Serie A - Round 18,Cagliari,0,47,1,0,0,1,5,1,0,0,4,2,1,,174,1,45,12,18.12.2021 20:45,FootballFootballITALY: Serie A - Round 18,Udinese,2,53,5,2,3,0,5,1,0,0,5,2,0,,212,5,55,10,cat8
349,18.12.2021 20:45,FootballFootballITALY: Serie A - Round 18,Cagliari,0,63,4,2,0,2,11,3,0,1,8,2,,,234,4,61,21,18.12.2021 20:45,FootballFootballITALY: Serie A - Round 18,Udinese,2,37,5,3,1,1,8,1,2,2,9,0,,,115,4,38,14,cat9
350,19.12.2021 12:30,FootballFootballITALY: Serie A - Round 18,Fiorentina,2,51,8,5,2,1,16,4,0,1,4,2,1,,186,10,51,35,19.12.2021 12:30,FootballFootballITALY: Serie A - Round 18,Sassuolo,0,49,3,1,1,1,7,2,1,3,10,4,0,,181,11,43,28,cat10
351,19.12.2021 12:30,FootballFootballITALY: Serie A - Round 18,Fiorentina,0,63,15,3,8,4,4,5,2,1,3,1,,,249,5,62,27,19.12.2021 12:30,FootballFootballITALY: Serie A - Round 18,Sassuolo,2,37,5,3,1,1,5,1,0,3,4,1,,,135,7,28,12,cat11
352,19.12.2021 15:00,FootballFootballITALY: Serie A - Round 18,Spezia,1,38,4,2,1,1,11,1,1,2,11,2,,,92,9,33,14,19.12.2021 15:00,FootballFootballITALY: Serie A - Round 18,Empoli,1,62,15,3,8,4,27,0,2,1,4,1,,,195,8,56,26,cat12
353,19.12.2021 15:00,FootballFootballITALY: Serie A - Round 18,Spezia,0,33,5,0,3,2,7,2,1,3,9,1,,,111,8,32,13,19.12.2021 15:00,FootballFootballITALY: Serie A - Round 18,Empoli,0,67,7,3,3,1,10,5,2,0,5,1,,,258,14,77,37,cat13
354,19.12.2021 18:00,FootballFootballITALY: Serie A - Round 18,Torino,0,68,2,0,1,1,4,4,1,2,9,1,,,235,5,60,30,19.12.2021 18:00,FootballFootballITALY: Serie A - Round 18,Verona,0,32,8,2,4,2,9,3,2,0,2,1,,,91,3,39,35,cat14
355,19.12.2021 18:00,FootballFootballITALY: Serie A - Round 18,Torino,1,66,6,1,3,2,7,1,1,0,6,0,0,,234,3,84,20,19.12.2021 18:00,FootballFootballITALY: Serie A - Round 18,Verona,0,34,0,0,0,0,7,0,2,0,5,1,1,,92,8,44,8,cat15
356,19.12.2021 18:00,FootballFootballITALY: Serie A - Round 18,Sampdoria,0,43,9,4,4,1,10,1,0,0,5,2,,,135,3,66,22,19.12.2021 18:00,FootballFootballITALY: Serie A - Round 18,Venezia,1,57,11,1,8,2,5,3,1,4,10,1,,,174,5,54,38,cat16
357,19.12.2021 18:00,FootballFootballITALY: Serie A - Round 18,Sampdoria,1,53,9,4,3,2,9,3,1,0,3,,,,168,3,65,17,19.12.2021 18:00,FootballFootballITALY: Serie A - Round 18,Venezia,0,47,1,0,1,0,4,0,1,3,7,,,,138,6,47,25,cat17
358,19.12.2021 20:45,FootballFootballITALY: Serie A - Round 18,AC Milan,0,50,8,2,4,2,7,3,3,1,7,0,,,180,7,89,36,19.12.2021 20:45,FootballFootballITALY: Serie A - Round 18,Napoli,0,50,3,1,1,1,10,2,0,2,7,1,,,201,6,48,13,cat18
359,19.12.2021 20:45,FootballFootballITALY: Serie A - Round 18,AC Milan,0,48,4,0,4,0,11,2,2,0,7,0,,,199,9,66,29,19.12.2021 20:45,FootballFootballITALY: Serie A - Round 18,Napoli,1,52,8,1,1,6,9,3,0,0,11,1,,,210,5,41,13,cat19
